{
    "backend": "lmdeploy",
    "clients": 10,
    "request_num": 499,
    "Total QPS": 0.8129290949727592,
    "Avg Input Length": 8250.884,
    "Avg Output Length": 116.42685370741484,
    "Total Throughput": 6825.088764530795,
    "Input Throughput": 6720.8253134721635,
    "Output Throughput": 6720.8253134721635,
    "request_time": {
        "P25": 11.2957444190979,
        "P50": 12.28629732131958,
        "P75": 13.15818190574646,
        "P90": 14.085391283035278,
        "P95": 14.548971891403198,
        "P99": 16.07561683654785,
        "P100": 17.466150283813477
    },
    "first_token_time_dict": {
        "P25": 0.8420929908752441,
        "P50": 1.1658735275268555,
        "P75": 1.881852626800537,
        "P90": 2.8402323722839355,
        "P95": 3.6829442977905273,
        "P99": 6.703720331192017,
        "P100": 8.898990869522095
    },
    "decode_token_time_dict": {
        "P25": 82.9084300193466,
        "P50": 93.45621440721595,
        "P75": 101.94613352543165,
        "P90": 108.19776583526094,
        "P95": 112.16856679345807,
        "P99": 152.38890647888184,
        "P100": 396.06781232924686
    }
}