{
    "backend": "lmdeploy",
    "clients": 25,
    "request_num": 499,
    "Total QPS": 1.7542403681797998,
    "Avg Input Length": 4125.696,
    "Avg Output Length": 124.4308617234469,
    "Total Throughput": 7476.959155475894,
    "Input Throughput": 7251.966402843615,
    "Output Throughput": 7251.966402843615,
    "request_time": {
        "P25": 13.771210193634033,
        "P50": 14.42138123512268,
        "P75": 14.984859466552734,
        "P90": 15.549377202987671,
        "P95": 16.052310705184937,
        "P99": 17.488687753677368,
        "P100": 19.258464813232422
    },
    "first_token_time_dict": {
        "P25": 0.9412558078765869,
        "P50": 1.2570247650146484,
        "P75": 1.6900529861450195,
        "P90": 2.6499643325805664,
        "P95": 4.574794054031372,
        "P99": 7.498917818069458,
        "P100": 8.660379409790039
    },
    "decode_token_time_dict": {
        "P25": 96.88000451950799,
        "P50": 102.64551639556885,
        "P75": 107.14986756091982,
        "P90": 111.86411645677354,
        "P95": 114.59892190347506,
        "P99": 266.7568629642703,
        "P100": 1508.4139108657837
    }
}