{
    "backend": "lmdeploy",
    "clients": 10,
    "request_num": 499,
    "Total QPS": 2.277188590377377,
    "Avg Input Length": 1031.778,
    "Avg Output Length": 121.07414829659318,
    "Total Throughput": 2646.3258807321577,
    "Input Throughput": 2354.2616126276444,
    "Output Throughput": 2354.2616126276444,
    "request_time": {
        "P25": 4.261171817779541,
        "P50": 4.371079921722412,
        "P75": 4.478973865509033,
        "P90": 4.553339004516602,
        "P95": 4.614079713821411,
        "P99": 4.66386342048645,
        "P100": 4.669228553771973
    },
    "first_token_time_dict": {
        "P25": 0.5637578964233398,
        "P50": 0.7088799476623535,
        "P75": 0.947030782699585,
        "P90": 1.0385944843292236,
        "P95": 1.1053440570831299,
        "P99": 1.173572301864624,
        "P100": 1.2255840301513672
    },
    "decode_token_time_dict": {
        "P25": 27.28428427628645,
        "P50": 29.381115605512004,
        "P75": 30.447011902218776,
        "P90": 33.25120229569693,
        "P95": 35.3730040438035,
        "P99": 67.4828536926754,
        "P100": 82.98501703474257
    }
}