{
    "backend": "lmdeploy",
    "clients": 50,
    "request_num": 499,
    "Total QPS": 0.9344596958056383,
    "Avg Input Length": 8250.884,
    "Avg Output Length": 118.96593186372745,
    "Total Throughput": 7845.4202342993285,
    "Input Throughput": 7725.569692151912,
    "Output Throughput": 7725.569692151912,
    "request_time": {
        "P25": 49.62551236152649,
        "P50": 53.87065815925598,
        "P75": 55.85939431190491,
        "P90": 57.98323631286621,
        "P95": 59.0959107875824,
        "P99": 69.40378046035767,
        "P100": 74.41467046737671
    },
    "first_token_time_dict": {
        "P25": 23.247048377990723,
        "P50": 26.143249988555908,
        "P75": 28.46920156478882,
        "P90": 30.83378028869629,
        "P95": 32.2130401134491,
        "P99": 44.97991228103638,
        "P100": 57.1122305393219
    },
    "decode_token_time_dict": {
        "P25": 220.59575388254214,
        "P50": 226.55816969832753,
        "P75": 235.01298053205505,
        "P90": 254.86224125593137,
        "P95": 311.5129325448013,
        "P99": 604.6298927730984,
        "P100": 1413.5758876800537
    }
}