{
    "backend": "lmdeploy",
    "clients": 5,
    "request_num": 499,
    "Total QPS": 1.3074412528987638,
    "Avg Input Length": 1031.778,
    "Avg Output Length": 122.26452905811624,
    "Total Throughput": 1519.3803621286797,
    "Input Throughput": 1351.6925060454716,
    "Output Throughput": 1351.6925060454716,
    "request_time": {
        "P25": 3.721458911895752,
        "P50": 3.8137059211730957,
        "P75": 3.878934144973755,
        "P90": 3.9381814002990723,
        "P95": 3.9773433208465576,
        "P99": 4.009297609329224,
        "P100": 4.042600631713867
    },
    "first_token_time_dict": {
        "P25": 0.39057326316833496,
        "P50": 0.5015373229980469,
        "P75": 0.5794177055358887,
        "P90": 0.6338014602661133,
        "P95": 0.665241003036499,
        "P99": 0.7107038497924805,
        "P100": 0.7506651878356934
    },
    "decode_token_time_dict": {
        "P25": 25.86352543568048,
        "P50": 26.020571941465843,
        "P75": 27.574992179870605,
        "P90": 29.34638909467562,
        "P95": 30.18924382727916,
        "P99": 37.851092459141526,
        "P100": 52.02137629191081
    }
}