{
    "backend": "lmdeploy",
    "clients": 5,
    "request_num": 500,
    "Total QPS": 0.3818726287929296,
    "Avg Input Length": 16469.37,
    "Avg Output Length": 109.5,
    "Total Throughput": 6338.081312948906,
    "Input Throughput": 6289.2016164634115,
    "Output Throughput": 6289.2016164634115,
    "request_time": {
        "P25": 11.328486680984497,
        "P50": 12.853204011917114,
        "P75": 14.33925199508667,
        "P90": 15.704864740371704,
        "P95": 16.59515070915222,
        "P99": 18.5702383518219,
        "P100": 20.30319881439209
    },
    "first_token_time_dict": {
        "P25": 1.546586036682129,
        "P50": 2.0983948707580566,
        "P75": 2.7809765338897705,
        "P90": 3.5734827518463135,
        "P95": 4.119454622268677,
        "P99": 6.985596418380737,
        "P100": 10.959160089492798
    },
    "decode_token_time_dict": {
        "P25": 83.17537893328749,
        "P50": 97.70934349667709,
        "P75": 112.49072429461357,
        "P90": 126.20834222773917,
        "P95": 136.0571642179747,
        "P99": 201.30943335019623,
        "P100": 970.6860648261177
    }
}