{
    "backend": "lmdeploy",
    "clients": 50,
    "request_num": 499,
    "Total QPS": 0.41569103001348096,
    "Avg Input Length": 16469.37,
    "Avg Output Length": 110.10420841683367,
    "Total Throughput": 6913.2042392934345,
    "Input Throughput": 6859.889157287698,
    "Output Throughput": 6859.889157287698,
    "request_time": {
        "P25": 114.91535186767578,
        "P50": 121.80460023880005,
        "P75": 125.46800446510315,
        "P90": 128.1648142337799,
        "P95": 129.7537441253662,
        "P99": 134.39352703094482,
        "P100": 143.18240118026733
    },
    "first_token_time_dict": {
        "P25": 82.99893760681152,
        "P50": 91.1508584022522,
        "P75": 94.56996440887451,
        "P90": 97.52662396430969,
        "P95": 99.47190737724304,
        "P99": 105.46062707901001,
        "P100": 114.40653133392334
    },
    "decode_token_time_dict": {
        "P25": 262.3307228088379,
        "P50": 282.4287013847287,
        "P75": 303.609815803734,
        "P90": 338.58813015760575,
        "P95": 478.62713136405586,
        "P99": 941.2522792816162,
        "P100": 1094.5827279772077
    }
}