{
    "backend": "lmdeploy",
    "clients": 100,
    "request_num": 500,
    "Total QPS": 1.9387929613400439,
    "Avg Input Length": 4125.696,
    "Avg Output Length": 123.756,
    "Total Throughput": 8247.0358644803,
    "Input Throughput": 7998.870365428774,
    "Output Throughput": 7998.870365428774,
    "request_time": {
        "P25": 47.1040301322937,
        "P50": 51.4065306186676,
        "P75": 53.05588436126709,
        "P90": 54.63984489440918,
        "P95": 60.906018018722534,
        "P99": 71.01840329170227,
        "P100": 73.77646493911743
    },
    "first_token_time_dict": {
        "P25": 21.69266152381897,
        "P50": 24.930071592330933,
        "P75": 26.472383737564087,
        "P90": 27.908507585525513,
        "P95": 35.346293210983276,
        "P99": 44.69769811630249,
        "P100": 47.45216202735901
    },
    "decode_token_time_dict": {
        "P25": 207.77401961679533,
        "P50": 213.03621101379395,
        "P75": 216.70012395890032,
        "P90": 227.20611486278597,
        "P95": 242.79232663432444,
        "P99": 453.53305564736416,
        "P100": 638.7197971343994
    }
}