{
    "backend": "openai",
    "clients": 5,
    "request_num": 500,
    "Total QPS": 1.644346604784376,
    "Avg Input Length": 1031.778,
    "Avg Output Length": 127.564,
    "Total Throughput": 1907.0770166036139,
    "Input Throughput": 1696.6006511912137,
    "Output Throughput": 1696.6006511912137,
    "request_time": {
        "P25": 2.573253870010376,
        "P50": 2.6541781425476074,
        "P75": 2.7105047702789307,
        "P90": 2.7842090129852295,
        "P95": 2.803830623626709,
        "P99": 2.853046178817749,
        "P100": 2.858828067779541
    },
    "first_token_time_dict": {
        "P25": 0.15005970001220703,
        "P50": 0.1854419708251953,
        "P75": 0.21421194076538086,
        "P90": 0.23566603660583496,
        "P95": 0.2537562847137451,
        "P99": 0.26364588737487793,
        "P100": 0.2976987361907959
    },
    "decode_token_time_dict": {
        "P25": 19.050141957801156,
        "P50": 19.509968795175627,
        "P75": 19.987761505006805,
        "P90": 20.614008265217457,
        "P95": 21.0045317808787,
        "P99": 21.744069151990995,
        "P100": 25.639269662939984
    }
}