{
    "backend": "openai",
    "clients": 25,
    "request_num": 500,
    "Total QPS": 1.5828185990245365,
    "Avg Input Length": 4125.696,
    "Avg Output Length": 127.548,
    "Total Throughput": 6732.829143396275,
    "Input Throughput": 6530.2283627211345,
    "Output Throughput": 6530.2283627211345,
    "request_time": {
        "P25": 14.37906265258789,
        "P50": 15.289326906204224,
        "P75": 16.77358102798462,
        "P90": 18.54008436203003,
        "P95": 19.871317625045776,
        "P99": 19.898802995681763,
        "P100": 19.90320587158203
    },
    "first_token_time_dict": {
        "P25": 2.362902879714966,
        "P50": 4.884008407592773,
        "P75": 7.449023246765137,
        "P90": 9.425541877746582,
        "P95": 10.203237295150757,
        "P99": 12.986221075057983,
        "P100": 13.634720087051392
    },
    "decode_token_time_dict": {
        "P25": 63.20010207769439,
        "P50": 81.74705505371094,
        "P75": 104.65886461453175,
        "P90": 117.89821639774352,
        "P95": 128.08397674560547,
        "P99": 151.0147707802909,
        "P100": 154.64619200999343
    }
}