{
    "backend": "openai",
    "clients": 100,
    "request_num": 500,
    "Total QPS": 2.0678705151173884,
    "Avg Input Length": 4125.696,
    "Avg Output Length": 127.522,
    "Total Throughput": 8796.092538672776,
    "Input Throughput": 8531.40511273775,
    "Output Throughput": 8531.40511273775,
    "request_time": {
        "P25": 45.609299421310425,
        "P50": 47.92008066177368,
        "P75": 49.99451422691345,
        "P90": 53.019282579422,
        "P95": 53.033888816833496,
        "P99": 53.08045434951782,
        "P100": 53.09304237365723
    },
    "first_token_time_dict": {
        "P25": 9.995854139328003,
        "P50": 20.994988441467285,
        "P75": 31.205466747283936,
        "P90": 38.686678886413574,
        "P95": 40.84591507911682,
        "P99": 44.80107522010803,
        "P100": 46.44086766242981
    },
    "decode_token_time_dict": {
        "P25": 129.17768298171637,
        "P50": 216.82395146587703,
        "P75": 303.5317612445261,
        "P90": 350.92623402753213,
        "P95": 372.1068825308732,
        "P99": 401.62151066337043,
        "P100": 415.85236459266486
    }
}