{
    "backend": "openai",
    "clients": 10,
    "request_num": 500,
    "Total QPS": 1.7908275029115532,
    "Avg Input Length": 4125.696,
    "Avg Output Length": 127.5,
    "Total Throughput": 7617.635785824862,
    "Input Throughput": 7388.409865452183,
    "Output Throughput": 7388.409865452183,
    "request_time": {
        "P25": 5.260589838027954,
        "P50": 5.553000450134277,
        "P75": 5.99476957321167,
        "P90": 6.329204082489014,
        "P95": 6.718295574188232,
        "P99": 6.909634828567505,
        "P100": 6.91337251663208
    },
    "first_token_time_dict": {
        "P25": 0.7467889785766602,
        "P50": 1.4956557750701904,
        "P75": 2.0720813274383545,
        "P90": 2.444797992706299,
        "P95": 2.7097535133361816,
        "P99": 3.1954662799835205,
        "P100": 3.404606580734253
    },
    "decode_token_time_dict": {
        "P25": 26.816169107992817,
        "P50": 31.6475808151125,
        "P75": 37.30594267056683,
        "P90": 41.83010041244387,
        "P95": 44.81128069359487,
        "P99": 50.732064434862515,
        "P100": 60.398905835253125
    }
}