{
    "backend": "openai",
    "clients": 15,
    "request_num": 500,
    "Total QPS": 1.5007975531087012,
    "Avg Input Length": 1031.778,
    "Avg Output Length": 127.584,
    "Total Throughput": 1740.5919845493033,
    "Input Throughput": 1548.4898977513897,
    "Output Throughput": 1548.4898977513897,
    "request_time": {
        "P25": 2.5166802406311035,
        "P50": 2.5692942142486572,
        "P75": 2.610308885574341,
        "P90": 2.6605241298675537,
        "P95": 2.7264187335968018,
        "P99": 2.7627785205841064,
        "P100": 2.765836000442505
    },
    "first_token_time_dict": {
        "P25": 0.2913553714752197,
        "P50": 0.32192182540893555,
        "P75": 0.45021653175354004,
        "P90": 0.513153076171875,
        "P95": 0.5403058528900146,
        "P99": 0.618077278137207,
        "P100": 0.6450824737548828
    },
    "decode_token_time_dict": {
        "P25": 16.5948642520454,
        "P50": 17.43379915793111,
        "P75": 18.194412231445312,
        "P90": 19.45660808893639,
        "P95": 19.88125598336768,
        "P99": 20.489266538244532,
        "P100": 21.264543683510126
    }
}