{
    "backend": "openai",
    "clients": 5,
    "request_num": 500,
    "Total QPS": 2.69295515039544,
    "Avg Input Length": 1031.778,
    "Avg Output Length": 127.634,
    "Total Throughput": 3123.230138415323,
    "Input Throughput": 2778.5318791647064,
    "Output Throughput": 2778.5318791647064,
    "request_time": {
        "P25": 1.8091621398925781,
        "P50": 1.8549811840057373,
        "P75": 1.8978753089904785,
        "P90": 1.9346559047698975,
        "P95": 1.9628093242645264,
        "P99": 1.9819025993347168,
        "P100": 1.986983060836792
    },
    "first_token_time_dict": {
        "P25": 0.13759422302246094,
        "P50": 0.16625046730041504,
        "P75": 0.19370388984680176,
        "P90": 0.21701765060424805,
        "P95": 0.22710251808166504,
        "P99": 0.2328641414642334,
        "P100": 0.24750494956970215
    },
    "decode_token_time_dict": {
        "P25": 13.07017408956693,
        "P50": 13.32956223975955,
        "P75": 13.666993989719181,
        "P90": 14.200788783276176,
        "P95": 14.602456505843035,
        "P99": 15.023896074670507,
        "P100": 15.474794257400383
    }
}