{
    "backend": "openai",
    "clients": 100,
    "request_num": 500,
    "Total QPS": 15.218482528430956,
    "Avg Input Length": 1031.778,
    "Avg Output Length": 127.634,
    "Total Throughput": 17650.0612298586,
    "Input Throughput": 15702.095466219434,
    "Output Throughput": 15702.095466219434,
    "request_time": {
        "P25": 6.440648078918457,
        "P50": 6.575704097747803,
        "P75": 6.631271123886108,
        "P90": 6.661978483200073,
        "P95": 6.683007478713989,
        "P99": 6.7081756591796875,
        "P100": 6.719525337219238
    },
    "first_token_time_dict": {
        "P25": 0.8379414081573486,
        "P50": 1.7952289581298828,
        "P75": 2.5392801761627197,
        "P90": 3.0294911861419678,
        "P95": 3.0985260009765625,
        "P99": 3.319823741912842,
        "P100": 3.341993808746338
    },
    "decode_token_time_dict": {
        "P25": 31.787357931061994,
        "P50": 37.55433916106937,
        "P75": 44.25981288819801,
        "P90": 48.223080597524564,
        "P95": 49.69268333254836,
        "P99": 50.55507850646973,
        "P100": 56.129210270368134
    }
}