{
    "backend": "openai",
    "clients": 15,
    "request_num": 500,
    "Total QPS": 2.1058419145987353,
    "Avg Input Length": 4125.696,
    "Avg Output Length": 127.532,
    "Total Throughput": 8957.611328760982,
    "Input Throughput": 8688.063563692343,
    "Output Throughput": 8688.063563692343,
    "request_time": {
        "P25": 6.7356414794921875,
        "P50": 6.996190547943115,
        "P75": 7.393949031829834,
        "P90": 7.992169141769409,
        "P95": 8.269698858261108,
        "P99": 8.652631998062134,
        "P100": 8.656450033187866
    },
    "first_token_time_dict": {
        "P25": 1.113135814666748,
        "P50": 2.0252296924591064,
        "P75": 3.0465331077575684,
        "P90": 3.638777256011963,
        "P95": 3.827517509460449,
        "P99": 4.508889675140381,
        "P100": 4.823560953140259
    },
    "decode_token_time_dict": {
        "P25": 31.480257905374362,
        "P50": 38.89782597699503,
        "P75": 46.15134329307737,
        "P90": 52.08398976663905,
        "P95": 54.60741200784999,
        "P99": 61.02544116222952,
        "P100": 66.8432524823767
    }
}