{
    "backend": "openai",
    "clients": 5,
    "request_num": 500,
    "Total QPS": 0.9566488134876017,
    "Avg Input Length": 4125.696,
    "Avg Output Length": 127.554,
    "Total Throughput": 4069.293231336957,
    "Input Throughput": 3946.842183210544,
    "Output Throughput": 3946.842183210544,
    "request_time": {
        "P25": 4.596105337142944,
        "P50": 5.267315864562988,
        "P75": 5.650396108627319,
        "P90": 6.115577697753906,
        "P95": 6.516543865203857,
        "P99": 7.344017505645752,
        "P100": 7.689407110214233
    },
    "first_token_time_dict": {
        "P25": 0.5479776859283447,
        "P50": 0.8582313060760498,
        "P75": 1.4800286293029785,
        "P90": 1.855701208114624,
        "P95": 2.07869553565979,
        "P99": 3.3250181674957275,
        "P100": 3.4992899894714355
    },
    "decode_token_time_dict": {
        "P25": 29.027435723252186,
        "P50": 31.499420166015625,
        "P75": 37.016695878637115,
        "P90": 41.3939840211643,
        "P95": 44.133155822753906,
        "P99": 52.470665278397206,
        "P100": 59.37325672840509
    }
}