{
    "backend": "openai",
    "clients": 5,
    "request_num": 500,
    "Total QPS": 1.4169846460219886,
    "Avg Input Length": 4125.696,
    "Avg Output Length": 127.546,
    "Total Throughput": 6027.421920845149,
    "Input Throughput": 5846.047886154334,
    "Output Throughput": 5846.047886154334,
    "request_time": {
        "P25": 3.192387104034424,
        "P50": 3.486706018447876,
        "P75": 3.7817869186401367,
        "P90": 4.142673969268799,
        "P95": 4.366318464279175,
        "P99": 4.555124282836914,
        "P100": 4.56532883644104
    },
    "first_token_time_dict": {
        "P25": 0.49440789222717285,
        "P50": 0.7420122623443604,
        "P75": 1.0690152645111084,
        "P90": 1.2389254570007324,
        "P95": 1.365220308303833,
        "P99": 1.683288812637329,
        "P100": 1.910719633102417
    },
    "decode_token_time_dict": {
        "P25": 18.98339414221095,
        "P50": 21.002798080444336,
        "P75": 24.0808415600634,
        "P90": 27.236014839232435,
        "P95": 29.043400381493758,
        "P99": 32.55791551484837,
        "P100": 39.20508990777987
    }
}