{
    "backend": "openai",
    "clients": 50,
    "request_num": 500,
    "Total QPS": 8.312600144558997,
    "Avg Input Length": 1031.778,
    "Avg Output Length": 127.562,
    "Total Throughput": 9640.770770456344,
    "Input Throughput": 8576.757951952794,
    "Output Throughput": 8576.757951952794,
    "request_time": {
        "P25": 5.888138055801392,
        "P50": 6.036535024642944,
        "P75": 6.105753660202026,
        "P90": 6.145138740539551,
        "P95": 6.160863637924194,
        "P99": 6.172697067260742,
        "P100": 6.178023099899292
    },
    "first_token_time_dict": {
        "P25": 0.660383939743042,
        "P50": 1.0065622329711914,
        "P75": 1.6312336921691895,
        "P90": 1.9209709167480469,
        "P95": 1.989058017730713,
        "P99": 2.1285362243652344,
        "P100": 2.2095391750335693
    },
    "decode_token_time_dict": {
        "P25": 34.48678189375269,
        "P50": 38.39271462808444,
        "P75": 42.419653239212636,
        "P90": 45.12107841611847,
        "P95": 45.555272440272056,
        "P99": 46.96995254576675,
        "P100": 51.55581123424026
    }
}