{
    "backend": "openai",
    "clients": 100,
    "request_num": 500,
    "Total QPS": 13.992451789539233,
    "Avg Input Length": 1031.778,
    "Avg Output Length": 127.528,
    "Total Throughput": 16228.137751568234,
    "Input Throughput": 14437.10392250721,
    "Output Throughput": 14437.10392250721,
    "request_time": {
        "P25": 7.007067680358887,
        "P50": 7.101054668426514,
        "P75": 7.1666717529296875,
        "P90": 7.325015068054199,
        "P95": 7.345655918121338,
        "P99": 7.371594190597534,
        "P100": 7.408800840377808
    },
    "first_token_time_dict": {
        "P25": 1.1690430641174316,
        "P50": 2.1420414447784424,
        "P75": 3.070756673812866,
        "P90": 3.6542258262634277,
        "P95": 3.8192172050476074,
        "P99": 4.077054262161255,
        "P100": 4.1295225620269775
    },
    "decode_token_time_dict": {
        "P25": 31.916511340404124,
        "P50": 39.16932654193067,
        "P75": 47.33995189816933,
        "P90": 52.847516818309394,
        "P95": 53.25283403471699,
        "P99": 55.466252049123206,
        "P100": 57.65644771846261
    }
}