{
    "backend": "openai",
    "clients": 15,
    "request_num": 500,
    "Total QPS": 1.3434891341567334,
    "Avg Input Length": 4125.696,
    "Avg Output Length": 127.552,
    "Total Throughput": 5714.79435600596,
    "Input Throughput": 5542.827746833898,
    "Output Throughput": 5542.827746833898,
    "request_time": {
        "P25": 10.334389448165894,
        "P50": 10.87534213066101,
        "P75": 12.0294828414917,
        "P90": 13.095025539398193,
        "P95": 13.452406883239746,
        "P99": 13.945030927658081,
        "P100": 13.948593378067017
    },
    "first_token_time_dict": {
        "P25": 1.3326752185821533,
        "P50": 2.8681344985961914,
        "P75": 4.764170408248901,
        "P90": 5.787151098251343,
        "P95": 6.62056303024292,
        "P99": 7.6519317626953125,
        "P100": 8.546168088912964
    },
    "decode_token_time_dict": {
        "P25": 49.27135264779639,
        "P50": 62.19739050377073,
        "P75": 75.27669208256279,
        "P90": 85.31641396950549,
        "P95": 92.3669244360736,
        "P99": 101.37932912438316,
        "P100": 108.80880885654027
    }
}