{
    "backend": "openai",
    "clients": 25,
    "request_num": 500,
    "Total QPS": 7.8728074473657905,
    "Avg Input Length": 1031.778,
    "Avg Output Length": 127.604,
    "Total Throughput": 9130.708875691002,
    "Input Throughput": 8122.989522428181,
    "Output Throughput": 8122.989522428181,
    "request_time": {
        "P25": 3.0907814502716064,
        "P50": 3.1528372764587402,
        "P75": 3.235491991043091,
        "P90": 3.329803228378296,
        "P95": 3.3488333225250244,
        "P99": 3.476486921310425,
        "P100": 3.479729175567627
    },
    "first_token_time_dict": {
        "P25": 0.31021761894226074,
        "P50": 0.5601258277893066,
        "P75": 0.7642107009887695,
        "P90": 0.8308038711547852,
        "P95": 0.8789069652557373,
        "P99": 0.9615063667297363,
        "P100": 1.0706908702850342
    },
    "decode_token_time_dict": {
        "P25": 18.886262037622647,
        "P50": 20.496501697330025,
        "P75": 22.090245419599878,
        "P90": 23.24787087327852,
        "P95": 23.915029886200674,
        "P99": 24.96051788330078,
        "P100": 26.031159979151926
    }
}