{
    "backend": "openai",
    "clients": 10,
    "request_num": 500,
    "Total QPS": 1.2107263890243634,
    "Avg Input Length": 4125.696,
    "Avg Output Length": 127.464,
    "Total Throughput": 5150.061998087378,
    "Input Throughput": 4995.089020292259,
    "Output Throughput": 4995.089020292259,
    "request_time": {
        "P25": 7.397588491439819,
        "P50": 8.121079683303833,
        "P75": 8.985886335372925,
        "P90": 9.666974544525146,
        "P95": 10.3797607421875,
        "P99": 10.935795307159424,
        "P100": 10.93896746635437
    },
    "first_token_time_dict": {
        "P25": 0.7824232578277588,
        "P50": 1.9163925647735596,
        "P75": 2.969975471496582,
        "P90": 3.962069511413574,
        "P95": 4.45128870010376,
        "P99": 5.104672908782959,
        "P100": 6.002403974533081
    },
    "decode_token_time_dict": {
        "P25": 39.83198939345953,
        "P50": 46.907073974609375,
        "P75": 56.56150382334792,
        "P90": 65.11096503790908,
        "P95": 70.51334418649749,
        "P99": 79.2362896476205,
        "P100": 83.36041668268639
    }
}