{
    "backend": "openai",
    "clients": 25,
    "request_num": 500,
    "Total QPS": 2.5540516193903695,
    "Avg Input Length": 4125.696,
    "Avg Output Length": 127.55,
    "Total Throughput": 10864.159157194337,
    "Input Throughput": 10537.24054991237,
    "Output Throughput": 10537.24054991237,
    "request_time": {
        "P25": 8.941979885101318,
        "P50": 9.526674032211304,
        "P75": 10.328989505767822,
        "P90": 11.232387781143188,
        "P95": 11.385907411575317,
        "P99": 11.608194828033447,
        "P100": 11.616459608078003
    },
    "first_token_time_dict": {
        "P25": 1.6983442306518555,
        "P50": 3.14097261428833,
        "P75": 4.554616451263428,
        "P90": 5.65464448928833,
        "P95": 6.262239933013916,
        "P99": 7.244338035583496,
        "P100": 7.525352239608765
    },
    "decode_token_time_dict": {
        "P25": 39.64830383541077,
        "P50": 51.396946268757496,
        "P75": 63.46913585512656,
        "P90": 71.80413486450676,
        "P95": 76.14454134242742,
        "P99": 85.60758312856119,
        "P100": 88.6344759483037
    }
}