{
    "backend": "openai",
    "clients": 15,
    "request_num": 500,
    "Total QPS": 4.019614403893774,
    "Avg Input Length": 1031.778,
    "Avg Output Length": 127.652,
    "Total Throughput": 4661.860354119114,
    "Input Throughput": 4147.349710420711,
    "Output Throughput": 4147.349710420711,
    "request_time": {
        "P25": 3.5942602157592773,
        "P50": 3.6773242950439453,
        "P75": 3.7516441345214844,
        "P90": 3.8329555988311768,
        "P95": 3.900110960006714,
        "P99": 4.055397987365723,
        "P100": 4.058624029159546
    },
    "first_token_time_dict": {
        "P25": 0.32982516288757324,
        "P50": 0.35610103607177734,
        "P75": 0.5662963390350342,
        "P90": 0.6482956409454346,
        "P95": 0.6823413372039795,
        "P99": 0.7481014728546143,
        "P100": 0.8595790863037109
    },
    "decode_token_time_dict": {
        "P25": 24.589088019423595,
        "P50": 25.500076023612436,
        "P75": 26.521761586346965,
        "P90": 27.60469068692425,
        "P95": 28.473609924316406,
        "P99": 29.646351581483376,
        "P100": 31.47122240441991
    }
}