{
    "backend": "openai",
    "clients": 10,
    "request_num": 500,
    "Total QPS": 4.321676717388105,
    "Avg Input Length": 1031.778,
    "Avg Output Length": 127.694,
    "Total Throughput": 5012.185579938942,
    "Input Throughput": 4459.010960113264,
    "Output Throughput": 4459.010960113264,
    "request_time": {
        "P25": 2.2658958435058594,
        "P50": 2.316410779953003,
        "P75": 2.366499662399292,
        "P90": 2.4026145935058594,
        "P95": 2.4387340545654297,
        "P99": 2.443995237350464,
        "P100": 2.446845531463623
    },
    "first_token_time_dict": {
        "P25": 0.27854418754577637,
        "P50": 0.29856061935424805,
        "P75": 0.31499624252319336,
        "P90": 0.3595759868621826,
        "P95": 0.3797314167022705,
        "P99": 0.4303886890411377,
        "P100": 0.43523693084716797
    },
    "decode_token_time_dict": {
        "P25": 15.500977283387671,
        "P50": 15.849130360160286,
        "P75": 16.304598079891655,
        "P90": 16.841006091260535,
        "P95": 17.938315399049774,
        "P99": 18.555596118836892,
        "P100": 20.376716341291154
    }
}