{
    "backend": "openai",
    "clients": 10,
    "request_num": 500,
    "Total QPS": 2.9809551863682477,
    "Avg Input Length": 1031.778,
    "Avg Output Length": 127.632,
    "Total Throughput": 3457.246244135794,
    "Input Throughput": 3075.683980280658,
    "Output Throughput": 3075.683980280658,
    "request_time": {
        "P25": 3.283945083618164,
        "P50": 3.359438180923462,
        "P75": 3.4368929862976074,
        "P90": 3.4924886226654053,
        "P95": 3.5066781044006348,
        "P99": 3.5303328037261963,
        "P100": 3.534109115600586
    },
    "first_token_time_dict": {
        "P25": 0.3138153553009033,
        "P50": 0.3395090103149414,
        "P75": 0.36348676681518555,
        "P90": 0.4201948642730713,
        "P95": 0.4555175304412842,
        "P99": 0.49074864387512207,
        "P100": 0.5361020565032959
    },
    "decode_token_time_dict": {
        "P25": 23.238679555457406,
        "P50": 23.711343449870434,
        "P75": 24.416264026395737,
        "P90": 25.105555226483684,
        "P95": 26.250639828768644,
        "P99": 27.06301493907538,
        "P100": 34.56431969828989
    }
}