{
    "backend": "openai",
    "clients": 25,
    "request_num": 500,
    "Total QPS": 5.554894346481772,
    "Avg Input Length": 1031.778,
    "Avg Output Length": 127.624,
    "Total Throughput": 6442.444255373937,
    "Input Throughput": 5731.41777902427,
    "Output Throughput": 5731.41777902427,
    "request_time": {
        "P25": 4.38096284866333,
        "P50": 4.532005548477173,
        "P75": 4.595077276229858,
        "P90": 4.656351089477539,
        "P95": 4.673567533493042,
        "P99": 4.864270925521851,
        "P100": 4.867722034454346
    },
    "first_token_time_dict": {
        "P25": 0.33944153785705566,
        "P50": 0.6420714855194092,
        "P75": 0.9130432605743408,
        "P90": 1.003230094909668,
        "P95": 1.0548570156097412,
        "P99": 1.1172993183135986,
        "P100": 1.2806556224822998
    },
    "decode_token_time_dict": {
        "P25": 28.185831280205193,
        "P50": 30.37590492428757,
        "P75": 32.12054320207731,
        "P90": 33.77521695114496,
        "P95": 34.31978988647461,
        "P99": 35.91910362243652,
        "P100": 36.87006657517801
    }
}