{
    "backend": "openai",
    "clients": 50,
    "request_num": 500,
    "Total QPS": 1.8668176301414108,
    "Avg Input Length": 4125.696,
    "Avg Output Length": 127.554,
    "Total Throughput": 7940.874686061999,
    "Input Throughput": 7701.922029403898,
    "Output Throughput": 7701.922029403898,
    "request_time": {
        "P25": 25.7525897026062,
        "P50": 26.232903003692627,
        "P75": 27.352307319641113,
        "P90": 29.39334464073181,
        "P95": 30.308122873306274,
        "P99": 30.32795763015747,
        "P100": 30.341516494750977
    },
    "first_token_time_dict": {
        "P25": 4.825845718383789,
        "P50": 9.494876623153687,
        "P75": 14.972214221954346,
        "P90": 18.391666889190674,
        "P95": 19.86496067047119,
        "P99": 22.388139724731445,
        "P100": 23.53358554840088
    },
    "decode_token_time_dict": {
        "P25": 89.88959770503007,
        "P50": 134.4674628550612,
        "P75": 172.39085895808662,
        "P90": 196.91899817759597,
        "P95": 204.8005212949017,
        "P99": 219.50007799103506,
        "P100": 256.4178466796875
    }
}