{
    "backend": "openai",
    "clients": 50,
    "request_num": 500,
    "Total QPS": 3.0281841813634127,
    "Avg Input Length": 4125.696,
    "Avg Output Length": 127.572,
    "Total Throughput": 12880.974939528824,
    "Input Throughput": 12493.367364314307,
    "Output Throughput": 12493.367364314307,
    "request_time": {
        "P25": 15.92375659942627,
        "P50": 16.670925855636597,
        "P75": 16.940929889678955,
        "P90": 17.534024477005005,
        "P95": 18.174055337905884,
        "P99": 18.19099497795105,
        "P100": 18.198245763778687
    },
    "first_token_time_dict": {
        "P25": 3.2442710399627686,
        "P50": 6.1640379428863525,
        "P75": 9.305766344070435,
        "P90": 11.396394491195679,
        "P95": 12.138532400131226,
        "P99": 13.046417713165283,
        "P100": 13.807230472564697
    },
    "decode_token_time_dict": {
        "P25": 56.55863716846376,
        "P50": 81.08269135783037,
        "P75": 104.69877062820073,
        "P90": 119.45872607193594,
        "P95": 125.2572630334088,
        "P99": 132.87820027569148,
        "P100": 140.12418769475983
    }
}