{
    "backend": "openai",
    "clients": 100,
    "request_num": 500,
    "Total QPS": 3.3614954461585795,
    "Avg Input Length": 4125.696,
    "Avg Output Length": 127.582,
    "Total Throughput": 14298.779733342966,
    "Input Throughput": 13868.508316234667,
    "Output Throughput": 13868.508316234667,
    "request_time": {
        "P25": 28.570910453796387,
        "P50": 30.189895153045654,
        "P75": 30.2643404006958,
        "P90": 31.756083965301514,
        "P95": 31.778424501419067,
        "P99": 31.81202268600464,
        "P100": 31.838292121887207
    },
    "first_token_time_dict": {
        "P25": 6.005576848983765,
        "P50": 12.244919538497925,
        "P75": 18.06848978996277,
        "P90": 21.85727882385254,
        "P95": 23.140553951263428,
        "P99": 24.915730237960815,
        "P100": 26.217812538146973
    },
    "decode_token_time_dict": {
        "P25": 88.41734232864981,
        "P50": 138.7832915689063,
        "P75": 185.95490117711344,
        "P90": 217.83096396078275,
        "P95": 227.01039652186117,
        "P99": 237.83391291700948,
        "P100": 263.78340025742847
    }
}