{
    "backend": "openai",
    "clients": 50,
    "request_num": 500,
    "Total QPS": 11.588565305541241,
    "Avg Input Length": 1031.778,
    "Avg Output Length": 127.502,
    "Total Throughput": 13440.16309293001,
    "Input Throughput": 11956.826733820732,
    "Output Throughput": 11956.826733820732,
    "request_time": {
        "P25": 4.249406337738037,
        "P50": 4.2816712856292725,
        "P75": 4.317547082901001,
        "P90": 4.433430433273315,
        "P95": 4.442607879638672,
        "P99": 4.455816984176636,
        "P100": 4.473230600357056
    },
    "first_token_time_dict": {
        "P25": 0.5519955158233643,
        "P50": 0.8457150459289551,
        "P75": 1.3239552974700928,
        "P90": 1.563746452331543,
        "P95": 1.5988051891326904,
        "P99": 1.7605042457580566,
        "P100": 1.7789859771728516
    },
    "decode_token_time_dict": {
        "P25": 23.270873572882703,
        "P50": 26.69315075311135,
        "P75": 29.79782998092531,
        "P90": 31.50543828648845,
        "P95": 32.45154891427108,
        "P99": 33.17572021484375,
        "P100": 40.75153412357453
    }
}