{
    "backend": "triton",
    "clients": 15,
    "request_num": 500,
    "Total QPS": 3.972291530033941,
    "Avg Input Length": 8250.884,
    "Avg Output Length": 128.0,
    "Total Throughput": 33283.369944336904,
    "Input Throughput": 32774.91662849256,
    "Output Throughput": 32774.91662849256,
    "request_time": {
        "P25": 3.5629000663757324,
        "P50": 3.75717830657959,
        "P75": 3.9211678504943848,
        "P90": 4.102341651916504,
        "P95": 4.153101205825806,
        "P99": 4.2581706047058105,
        "P100": 4.824097633361816
    },
    "first_token_time_dict": {
        "P25": 0.8875529766082764,
        "P50": 1.076711654663086,
        "P75": 1.7397613525390625,
        "P90": 1.9879841804504395,
        "P95": 2.245412826538086,
        "P99": 2.4718925952911377,
        "P100": 2.48697566986084
    },
    "decode_token_time_dict": {
        "P25": 15.779559067853794,
        "P50": 18.893925223763535,
        "P75": 22.70692915428342,
        "P90": 24.620223233080285,
        "P95": 27.394628900242605,
        "P99": 30.382481146985153,
        "P100": 31.228870857418993
    }
}