{
    "backend": "triton",
    "clients": 25,
    "request_num": 500,
    "Total QPS": 7.182729459868199,
    "Avg Input Length": 4125.696,
    "Avg Output Length": 127.974,
    "Total Throughput": 30553.147572523518,
    "Input Throughput": 29633.75820166039,
    "Output Throughput": 29633.75820166039,
    "request_time": {
        "P25": 3.3195691108703613,
        "P50": 3.4961607456207275,
        "P75": 3.6058242321014404,
        "P90": 3.6972033977508545,
        "P95": 3.8176143169403076,
        "P99": 3.8909695148468018,
        "P100": 4.240654230117798
    },
    "first_token_time_dict": {
        "P25": 0.8619968891143799,
        "P50": 0.9275789260864258,
        "P75": 1.5425264835357666,
        "P90": 1.687387466430664,
        "P95": 1.7596490383148193,
        "P99": 1.8623838424682617,
        "P100": 2.0378811359405518
    },
    "decode_token_time_dict": {
        "P25": 14.737104806374377,
        "P50": 18.59423306983287,
        "P75": 20.757911712165892,
        "P90": 22.39227858115369,
        "P95": 25.381589499045543,
        "P99": 27.47162120548759,
        "P100": 29.302394296240617
    }
}