{
    "backend": "triton",
    "clients": 15,
    "request_num": 500,
    "Total QPS": 5.606654383805905,
    "Avg Input Length": 4125.696,
    "Avg Output Length": 127.944,
    "Total Throughput": 23849.00332577764,
    "Input Throughput": 23131.351564650486,
    "Output Throughput": 23131.351564650486,
    "request_time": {
        "P25": 2.5769503116607666,
        "P50": 2.6369426250457764,
        "P75": 2.7274727821350098,
        "P90": 2.8230948448181152,
        "P95": 2.8355777263641357,
        "P99": 2.8509342670440674,
        "P100": 2.8560001850128174
    },
    "first_token_time_dict": {
        "P25": 0.8232171535491943,
        "P50": 0.8691611289978027,
        "P75": 0.9114701747894287,
        "P90": 0.9616734981536865,
        "P95": 1.006030797958374,
        "P99": 1.2009978294372559,
        "P100": 1.2179980278015137
    },
    "decode_token_time_dict": {
        "P25": 13.380583815687284,
        "P50": 13.857449133565106,
        "P75": 14.58983721695547,
        "P90": 15.287893024955208,
        "P95": 20.08719707098533,
        "P99": 21.200450386588027,
        "P100": 21.680480851901798
    }
}