{
    "backend": "triton",
    "clients": 5,
    "request_num": 500,
    "Total QPS": 1.8176190629011786,
    "Avg Input Length": 16469.37,
    "Avg Output Length": 128.0,
    "Total Throughput": 30167.696106024137,
    "Input Throughput": 29935.040865972784,
    "Output Throughput": 29935.040865972784,
    "request_time": {
        "P25": 2.5499579906463623,
        "P50": 2.7615339756011963,
        "P75": 2.939502716064453,
        "P90": 3.073538064956665,
        "P95": 3.1603517532348633,
        "P99": 3.2917590141296387,
        "P100": 3.3234145641326904
    },
    "first_token_time_dict": {
        "P25": 0.7662913799285889,
        "P50": 0.9932172298431396,
        "P75": 1.1930580139160156,
        "P90": 1.6248650550842285,
        "P95": 1.738661527633667,
        "P99": 1.9370276927947998,
        "P100": 2.0234763622283936
    },
    "decode_token_time_dict": {
        "P25": 10.206230043426274,
        "P50": 13.25269946901817,
        "P75": 16.667807196068953,
        "P90": 19.950140179611566,
        "P95": 20.974947711614174,
        "P99": 22.658134069968394,
        "P100": 24.484957297017257
    }
}