{
    "backend": "triton",
    "clients": 5,
    "request_num": 500,
    "Total QPS": 2.5613290458774993,
    "Avg Input Length": 8250.884,
    "Avg Output Length": 128.0,
    "Total Throughput": 21461.078961238243,
    "Input Throughput": 21133.228843365923,
    "Output Throughput": 21133.228843365923,
    "request_time": {
        "P25": 1.850728988647461,
        "P50": 1.941422939300537,
        "P75": 2.037442922592163,
        "P90": 2.1059696674346924,
        "P95": 2.1723101139068604,
        "P99": 2.232064962387085,
        "P100": 2.2810869216918945
    },
    "first_token_time_dict": {
        "P25": 0.5114507675170898,
        "P50": 0.6637988090515137,
        "P75": 0.7679316997528076,
        "P90": 0.8416891098022461,
        "P95": 0.86263108253479,
        "P99": 0.9668653011322021,
        "P100": 1.015681505203247
    },
    "decode_token_time_dict": {
        "P25": 9.763773970716581,
        "P50": 9.807810070007806,
        "P75": 9.961071915513887,
        "P90": 14.356742693683293,
        "P95": 14.83761982654962,
        "P99": 15.691377985195851,
        "P100": 16.78541701609694
    }
}