{
    "backend": "triton",
    "clients": 50,
    "request_num": 500,
    "Total QPS": 9.387588072034493,
    "Avg Input Length": 4125.696,
    "Avg Output Length": 127.942,
    "Total Throughput": 39931.945831660836,
    "Input Throughput": 38730.33455844042,
    "Output Throughput": 38730.33455844042,
    "request_time": {
        "P25": 5.206216812133789,
        "P50": 5.293755769729614,
        "P75": 5.448679208755493,
        "P90": 5.5526487827301025,
        "P95": 6.119560956954956,
        "P99": 6.8939125537872314,
        "P100": 6.904942750930786
    },
    "first_token_time_dict": {
        "P25": 0.9122776985168457,
        "P50": 1.6741054058074951,
        "P75": 2.398965835571289,
        "P90": 2.4892022609710693,
        "P95": 2.5295028686523438,
        "P99": 3.324082136154175,
        "P100": 3.332392692565918
    },
    "decode_token_time_dict": {
        "P25": 24.120437817310723,
        "P50": 28.081469648466335,
        "P75": 33.97030905475767,
        "P90": 36.054650629599266,
        "P95": 36.281767792589086,
        "P99": 41.032248594629486,
        "P100": 42.67207844050851
    }
}