{
    "backend": "triton",
    "clients": 100,
    "request_num": 500,
    "Total QPS": 6.197460162882863,
    "Avg Input Length": 8250.884,
    "Avg Output Length": 128.0,
    "Total Throughput": 51927.799799416614,
    "Input Throughput": 51134.52489856761,
    "Output Throughput": 51134.52489856761,
    "request_time": {
        "P25": 15.451462507247925,
        "P50": 16.241214275360107,
        "P75": 17.18674945831299,
        "P90": 20.522511959075928,
        "P95": 23.541203022003174,
        "P99": 27.66973638534546,
        "P100": 28.559845685958862
    },
    "first_token_time_dict": {
        "P25": 1.8296101093292236,
        "P50": 2.496204137802124,
        "P75": 3.327359676361084,
        "P90": 6.488725662231445,
        "P95": 9.677288293838501,
        "P99": 13.209309101104736,
        "P100": 13.931516647338867
    },
    "decode_token_time_dict": {
        "P25": 100.41940306115337,
        "P50": 106.9011613139956,
        "P75": 111.54269421194482,
        "P90": 115.1233939673957,
        "P95": 120.80376354728158,
        "P99": 121.75001121881441,
        "P100": 128.07435689010018
    }
}