{
    "backend": "triton",
    "clients": 5,
    "request_num": 500,
    "Total QPS": 3.1598984032344863,
    "Avg Input Length": 4125.696,
    "Avg Output Length": 127.944,
    "Total Throughput": 13441.247198244922,
    "Input Throughput": 13036.780202630907,
    "Output Throughput": 13036.780202630907,
    "request_time": {
        "P25": 1.5394163131713867,
        "P50": 1.5837678909301758,
        "P75": 1.6216814517974854,
        "P90": 1.6545350551605225,
        "P95": 1.667924404144287,
        "P99": 1.711172103881836,
        "P100": 1.720207691192627
    },
    "first_token_time_dict": {
        "P25": 0.11477041244506836,
        "P50": 0.2876904010772705,
        "P75": 0.33994388580322266,
        "P90": 0.39835619926452637,
        "P95": 0.422501802444458,
        "P99": 0.47234654426574707,
        "P100": 0.48624467849731445
    },
    "decode_token_time_dict": {
        "P25": 9.68020732008566,
        "P50": 10.078184247955562,
        "P75": 11.249895170917661,
        "P90": 11.922062851312592,
        "P95": 12.124812509131244,
        "P99": 12.467635898139532,
        "P100": 12.933378144512027
    }
}