{
    "backend": "triton",
    "clients": 10,
    "request_num": 500,
    "Total QPS": 4.594639497280425,
    "Avg Input Length": 4125.696,
    "Avg Output Length": 127.956,
    "Total Throughput": 19544.199651023755,
    "Input Throughput": 18956.08579537186,
    "Output Throughput": 18956.08579537186,
    "request_time": {
        "P25": 2.109013795852661,
        "P50": 2.175621747970581,
        "P75": 2.2376694679260254,
        "P90": 2.2868049144744873,
        "P95": 2.310136556625366,
        "P99": 2.371971607208252,
        "P100": 2.3757693767547607
    },
    "first_token_time_dict": {
        "P25": 0.5653505325317383,
        "P50": 0.6264169216156006,
        "P75": 0.7042617797851562,
        "P90": 0.7753596305847168,
        "P95": 0.8015751838684082,
        "P99": 0.8662941455841064,
        "P100": 0.8710160255432129
    },
    "decode_token_time_dict": {
        "P25": 11.755505884726217,
        "P50": 11.896000133724664,
        "P75": 12.23055208761861,
        "P90": 16.163090082604118,
        "P95": 16.66539485060324,
        "P99": 17.28216306431087,
        "P100": 17.90957000311904
    }
}