{
    "backend": "triton",
    "clients": 50,
    "request_num": 500,
    "Total QPS": 5.607475595960061,
    "Avg Input Length": 8250.884,
    "Avg Output Length": 128.0,
    "Total Throughput": 46984.38755138022,
    "Input Throughput": 46266.63067509733,
    "Output Throughput": 46266.63067509733,
    "request_time": {
        "P25": 8.55310606956482,
        "P50": 8.865768671035767,
        "P75": 9.444536209106445,
        "P90": 10.119046926498413,
        "P95": 10.788586378097534,
        "P99": 12.673465728759766,
        "P100": 13.448729038238525
    },
    "first_token_time_dict": {
        "P25": 1.5886461734771729,
        "P50": 2.335688352584839,
        "P75": 2.4887149333953857,
        "P90": 3.2488596439361572,
        "P95": 3.906038761138916,
        "P99": 6.179524898529053,
        "P100": 6.833902359008789
    },
    "decode_token_time_dict": {
        "P25": 50.37338527168814,
        "P50": 53.23369108785794,
        "P75": 55.82396815142294,
        "P90": 62.73149693106103,
        "P95": 65.67326493150607,
        "P99": 70.34383984062616,
        "P100": 71.44482867924248
    }
}