{
    "backend": "triton",
    "clients": 10,
    "request_num": 500,
    "Total QPS": 6.089687581045667,
    "Avg Input Length": 1031.778,
    "Avg Output Length": 127.816,
    "Total Throughput": 7062.685683369982,
    "Input Throughput": 6283.205672996137,
    "Output Throughput": 6283.205672996137,
    "request_time": {
        "P25": 1.627152681350708,
        "P50": 1.642096996307373,
        "P75": 1.6542291641235352,
        "P90": 1.6649844646453857,
        "P95": 1.6684670448303223,
        "P99": 1.6769695281982422,
        "P100": 1.6837663650512695
    },
    "first_token_time_dict": {
        "P25": 0.1330726146697998,
        "P50": 0.15331530570983887,
        "P75": 0.17173171043395996,
        "P90": 0.19290971755981445,
        "P95": 0.19838857650756836,
        "P99": 0.2037670612335205,
        "P100": 0.20707440376281738
    },
    "decode_token_time_dict": {
        "P25": 11.577424101942167,
        "P50": 11.675145682387464,
        "P75": 11.831368048360028,
        "P90": 12.650026111152227,
        "P95": 12.722597347469781,
        "P99": 12.832281157726378,
        "P100": 12.893963986494411
    }
}