{
    "backend": "triton",
    "clients": 100,
    "request_num": 500,
    "Total QPS": 3.1716740412498203,
    "Avg Input Length": 16469.37,
    "Avg Output Length": 128.0,
    "Total Throughput": 52641.44758201853,
    "Input Throughput": 52235.47330473855,
    "Output Throughput": 52235.47330473855,
    "request_time": {
        "P25": 30.578075170516968,
        "P50": 31.831365823745728,
        "P75": 33.005266427993774,
        "P90": 43.14749503135681,
        "P95": 49.22187614440918,
        "P99": 57.07396650314331,
        "P100": 59.10361051559448
    },
    "first_token_time_dict": {
        "P25": 2.3230600357055664,
        "P50": 3.1776034832000732,
        "P75": 4.342564821243286,
        "P90": 13.664316892623901,
        "P95": 20.27287983894348,
        "P99": 27.402607202529907,
        "P100": 29.40416717529297
    },
    "decode_token_time_dict": {
        "P25": 214.8212992300199,
        "P50": 226.44376379298413,
        "P75": 230.72331158194956,
        "P90": 233.72539948290728,
        "P95": 235.76420686376375,
        "P99": 245.1101945141169,
        "P100": 250.52828488387462
    }
}