{
    "backend": "triton",
    "clients": 100,
    "request_num": 500,
    "Total QPS": 11.198642513185833,
    "Avg Input Length": 4125.696,
    "Avg Output Length": 127.946,
    "Total Throughput": 47635.62086376853,
    "Input Throughput": 46202.19462208074,
    "Output Throughput": 46202.19462208074,
    "request_time": {
        "P25": 8.65072774887085,
        "P50": 8.994288682937622,
        "P75": 9.143815279006958,
        "P90": 10.089873790740967,
        "P95": 11.402385950088501,
        "P99": 13.089856624603271,
        "P100": 13.923134326934814
    },
    "first_token_time_dict": {
        "P25": 1.670886754989624,
        "P50": 2.4127049446105957,
        "P75": 2.524937391281128,
        "P90": 3.396768569946289,
        "P95": 4.711984157562256,
        "P99": 6.349278688430786,
        "P100": 6.742449998855591
    },
    "decode_token_time_dict": {
        "P25": 49.08734231483279,
        "P50": 52.50102891696719,
        "P75": 55.565728915957955,
        "P90": 62.190953202134985,
        "P95": 64.24559570672945,
        "P99": 68.5472957731232,
        "P100": 70.60208470802608
    }
}