{
    "backend": "triton",
    "clients": 15,
    "request_num": 500,
    "Total QPS": 8.01685443458657,
    "Avg Input Length": 1031.778,
    "Avg Output Length": 127.846,
    "Total Throughput": 9297.771402435941,
    "Input Throughput": 8271.614034808861,
    "Output Throughput": 8271.614034808861,
    "request_time": {
        "P25": 1.8300209045410156,
        "P50": 1.8439505100250244,
        "P75": 1.8639707565307617,
        "P90": 1.884138584136963,
        "P95": 1.8887064456939697,
        "P99": 1.9725580215454102,
        "P100": 1.9767699241638184
    },
    "first_token_time_dict": {
        "P25": 0.21187782287597656,
        "P50": 0.2292947769165039,
        "P75": 0.2477095127105713,
        "P90": 0.2808408737182617,
        "P95": 0.29614734649658203,
        "P99": 0.36643290519714355,
        "P100": 0.3703765869140625
    },
    "decode_token_time_dict": {
        "P25": 12.60932599465678,
        "P50": 12.680211405115804,
        "P75": 12.763423243845542,
        "P90": 14.161720050601508,
        "P95": 14.296839556356115,
        "P99": 14.487863525630921,
        "P100": 15.799856185913084
    }
}