{
    "backend": "triton",
    "clients": 10,
    "request_num": 500,
    "Total QPS": 3.424379207986773,
    "Avg Input Length": 8250.884,
    "Avg Output Length": 128.0,
    "Total Throughput": 28692.476155733046,
    "Input Throughput": 28254.155617110737,
    "Output Throughput": 28254.155617110737,
    "request_time": {
        "P25": 2.7880661487579346,
        "P50": 2.9171407222747803,
        "P75": 3.0337460041046143,
        "P90": 3.1545515060424805,
        "P95": 3.2276854515075684,
        "P99": 3.325057029724121,
        "P100": 3.333069324493408
    },
    "first_token_time_dict": {
        "P25": 0.8468537330627441,
        "P50": 0.9313163757324219,
        "P75": 1.1873655319213867,
        "P90": 1.4948911666870117,
        "P95": 1.5942473411560059,
        "P99": 1.7527620792388916,
        "P100": 1.7918055057525635
    },
    "decode_token_time_dict": {
        "P25": 12.097107143852655,
        "P50": 15.262012406596988,
        "P75": 16.80336599274883,
        "P90": 18.946405470840574,
        "P95": 21.927647703275905,
        "P99": 23.678038063950428,
        "P100": 24.907746652918537
    }
}