{
    "backend": "triton",
    "clients": 25,
    "request_num": 500,
    "Total QPS": 2.734788234679036,
    "Avg Input Length": 16469.37,
    "Avg Output Length": 128.0,
    "Total Throughput": 45390.29220261479,
    "Input Throughput": 45040.23930857588,
    "Output Throughput": 45040.23930857588,
    "request_time": {
        "P25": 8.283715963363647,
        "P50": 9.232755899429321,
        "P75": 9.977381467819214,
        "P90": 10.848726272583008,
        "P95": 11.490318775177002,
        "P99": 12.15060567855835,
        "P100": 12.433627128601074
    },
    "first_token_time_dict": {
        "P25": 1.4049615859985352,
        "P50": 2.305335283279419,
        "P75": 3.153576612472534,
        "P90": 3.8906099796295166,
        "P95": 4.541771173477173,
        "P99": 5.419051170349121,
        "P100": 6.20553183555603
    },
    "decode_token_time_dict": {
        "P25": 47.572233545498584,
        "P50": 53.590845873975375,
        "P75": 59.844048943106586,
        "P90": 65.39445599233072,
        "P95": 69.71933710293507,
        "P99": 74.55771363626314,
        "P100": 80.0570653179499
    }
}