{
    "backend": "triton",
    "clients": 50,
    "request_num": 500,
    "Total QPS": 3.0121731522705617,
    "Avg Input Length": 16469.37,
    "Avg Output Length": 128.0,
    "Total Throughput": 49994.15231230085,
    "Input Throughput": 49608.59414881022,
    "Output Throughput": 49608.59414881022,
    "request_time": {
        "P25": 15.274579763412476,
        "P50": 16.437360763549805,
        "P75": 17.578027963638306,
        "P90": 19.432128190994263,
        "P95": 20.371145248413086,
        "P99": 28.002813816070557,
        "P100": 29.518943309783936
    },
    "first_token_time_dict": {
        "P25": 1.8771417140960693,
        "P50": 2.608382225036621,
        "P75": 3.6400017738342285,
        "P90": 4.68180251121521,
        "P95": 6.049913644790649,
        "P99": 13.305288314819336,
        "P100": 14.419818639755249
    },
    "decode_token_time_dict": {
        "P25": 103.3248638543557,
        "P50": 109.95171201510692,
        "P75": 115.5903489570918,
        "P90": 121.78070150961088,
        "P95": 123.65710829186627,
        "P99": 129.78757272555134,
        "P100": 136.1517230356772
    }
}