{
    "backend": "triton",
    "clients": 10,
    "request_num": 500,
    "Total QPS": 2.2376378904289878,
    "Avg Input Length": 16469.37,
    "Avg Output Length": 128.0,
    "Total Throughput": 37138.90399346937,
    "Input Throughput": 36852.486343494464,
    "Output Throughput": 36852.486343494464,
    "request_time": {
        "P25": 4.167081594467163,
        "P50": 4.465940237045288,
        "P75": 4.749796152114868,
        "P90": 4.96956467628479,
        "P95": 5.1536781787872314,
        "P99": 5.365240573883057,
        "P100": 5.844208478927612
    },
    "first_token_time_dict": {
        "P25": 0.9905965328216553,
        "P50": 1.632312297821045,
        "P75": 2.3393726348876953,
        "P90": 2.7952184677124023,
        "P95": 3.0666868686676025,
        "P99": 3.4343631267547607,
        "P100": 3.7961161136627197
    },
    "decode_token_time_dict": {
        "P25": 16.800268428532156,
        "P50": 22.0062038091224,
        "P75": 27.756107135081855,
        "P90": 30.994972844762128,
        "P95": 33.42375041931633,
        "P99": 37.09585460152213,
        "P100": 39.31389267989031
    }
}