{
    "backend": "triton",
    "clients": 25,
    "request_num": 500,
    "Total QPS": 4.719154955073323,
    "Avg Input Length": 8250.884,
    "Avg Output Length": 128.0,
    "Total Throughput": 39541.25194658458,
    "Input Throughput": 38937.2001123352,
    "Output Throughput": 38937.2001123352,
    "request_time": {
        "P25": 4.923199892044067,
        "P50": 5.349731206893921,
        "P75": 5.567986488342285,
        "P90": 5.96353554725647,
        "P95": 6.0713050365448,
        "P99": 6.43526291847229,
        "P100": 7.264039993286133
    },
    "first_token_time_dict": {
        "P25": 1.0041618347167969,
        "P50": 1.6971631050109863,
        "P75": 2.390636682510376,
        "P90": 2.63114857673645,
        "P95": 3.0298259258270264,
        "P99": 3.2059106826782227,
        "P100": 3.773205280303955
    },
    "decode_token_time_dict": {
        "P25": 23.19155715581939,
        "P50": 27.41665164316733,
        "P75": 31.794626881757118,
        "P90": 35.897294367392234,
        "P95": 38.045868160217765,
        "P99": 41.327091652577316,
        "P100": 45.58653343380906
    }
}