{
    "backend": "triton",
    "clients": 5,
    "request_num": 500,
    "Total QPS": 3.80060922086632,
    "Avg Input Length": 1031.778,
    "Avg Output Length": 127.862,
    "Total Throughput": 4407.862960957899,
    "Input Throughput": 3921.3849806870103,
    "Output Throughput": 3921.3849806870103,
    "request_time": {
        "P25": 1.3049194812774658,
        "P50": 1.315392017364502,
        "P75": 1.3253016471862793,
        "P90": 1.331334114074707,
        "P95": 1.3343074321746826,
        "P99": 1.34332275390625,
        "P100": 1.3484997749328613
    },
    "first_token_time_dict": {
        "P25": 0.04514670372009277,
        "P50": 0.08989262580871582,
        "P75": 0.10345840454101562,
        "P90": 0.11496353149414062,
        "P95": 0.12203335762023926,
        "P99": 0.12743258476257324,
        "P100": 0.1365964412689209
    },
    "decode_token_time_dict": {
        "P25": 9.509811251182256,
        "P50": 9.62931152403824,
        "P75": 9.946941390750915,
        "P90": 10.100090597558209,
        "P95": 10.15067288256067,
        "P99": 10.213564700029027,
        "P100": 10.247277462576319
    }
}