{
    "backend": "triton",
    "clients": 100,
    "request_num": 500,
    "Total QPS": 26.885677219904014,
    "Avg Input Length": 1031.778,
    "Avg Output Length": 128.0,
    "Total Throughput": 31181.41695474584,
    "Input Throughput": 27740.050270598123,
    "Output Throughput": 27740.050270598123,
    "request_time": {
        "P25": 3.64001202583313,
        "P50": 3.699068546295166,
        "P75": 3.7328848838806152,
        "P90": 3.746474027633667,
        "P95": 3.7566919326782227,
        "P99": 3.7777366638183594,
        "P100": 3.794844627380371
    },
    "first_token_time_dict": {
        "P25": 1.0005419254302979,
        "P50": 1.0820045471191406,
        "P75": 1.5503742694854736,
        "P90": 1.6508076190948486,
        "P95": 1.6637141704559326,
        "P99": 1.6879284381866455,
        "P100": 1.7185988426208496
    },
    "decode_token_time_dict": {
        "P25": 16.36509257038747,
        "P50": 20.07663719297394,
        "P75": 21.585879363412932,
        "P90": 26.572082925030568,
        "P95": 27.424667763897755,
        "P99": 28.15161539813665,
        "P100": 29.04046426607868
    }
}