{
    "backend": "triton",
    "clients": 50,
    "request_num": 500,
    "Total QPS": 18.6697084898481,
    "Avg Input Length": 1031.778,
    "Avg Output Length": 127.864,
    "Total Throughput": 21652.71717293905,
    "Input Throughput": 19262.994486238495,
    "Output Throughput": 19262.994486238495,
    "request_time": {
        "P25": 2.643097400665283,
        "P50": 2.6651172637939453,
        "P75": 2.7023558616638184,
        "P90": 2.7233948707580566,
        "P95": 2.732382297515869,
        "P99": 2.7408928871154785,
        "P100": 2.7541210651397705
    },
    "first_token_time_dict": {
        "P25": 0.41900110244750977,
        "P50": 0.7763590812683105,
        "P75": 0.8177828788757324,
        "P90": 0.8433513641357422,
        "P95": 0.8544604778289795,
        "P99": 0.8650095462799072,
        "P100": 0.8716156482696533
    },
    "decode_token_time_dict": {
        "P25": 14.716561385027067,
        "P50": 14.777412564735712,
        "P75": 17.700574529452584,
        "P90": 19.59793023237093,
        "P95": 20.0630736163282,
        "P99": 20.725253998763918,
        "P100": 21.184812380572943
    }
}