{
    "backend": "triton",
    "clients": 15,
    "request_num": 500,
    "Total QPS": 2.461744206937649,
    "Avg Input Length": 16469.37,
    "Avg Output Length": 128.0,
    "Total Throughput": 40858.479447900725,
    "Input Throughput": 40543.37618941271,
    "Output Throughput": 40543.37618941271,
    "request_time": {
        "P25": 5.661596059799194,
        "P50": 6.079515218734741,
        "P75": 6.4456682205200195,
        "P90": 6.907537460327148,
        "P95": 7.293361186981201,
        "P99": 8.467171430587769,
        "P100": 9.483100175857544
    },
    "first_token_time_dict": {
        "P25": 1.157836675643921,
        "P50": 2.146488904953003,
        "P75": 2.932448148727417,
        "P90": 3.5016937255859375,
        "P95": 3.868495225906372,
        "P99": 4.514809846878052,
        "P100": 5.1815972328186035
    },
    "decode_token_time_dict": {
        "P25": 24.64377973962018,
        "P50": 30.019818328496978,
        "P75": 37.869924635399045,
        "P90": 42.085589386346776,
        "P95": 45.577573025320454,
        "P99": 48.625444802712266,
        "P100": 53.065690468615436
    }
}