{
    "backend": "triton",
    "clients": 25,
    "request_num": 500,
    "Total QPS": 11.641209855800843,
    "Avg Input Length": 1031.778,
    "Avg Output Length": 127.862,
    "Total Throughput": 13501.21908414099,
    "Input Throughput": 12011.144222598483,
    "Output Throughput": 12011.144222598483,
    "request_time": {
        "P25": 2.10552978515625,
        "P50": 2.149273157119751,
        "P75": 2.1708295345306396,
        "P90": 2.187060832977295,
        "P95": 2.201850414276123,
        "P99": 2.216799259185791,
        "P100": 2.23026967048645
    },
    "first_token_time_dict": {
        "P25": 0.27518296241760254,
        "P50": 0.34235501289367676,
        "P75": 0.4018063545227051,
        "P90": 0.4228053092956543,
        "P95": 0.4394044876098633,
        "P99": 0.4574165344238281,
        "P100": 0.47702693939208984
    },
    "decode_token_time_dict": {
        "P25": 13.746055092398576,
        "P50": 14.104340020127184,
        "P75": 14.533921489565392,
        "P90": 15.654946875384473,
        "P95": 16.264793441051573,
        "P99": 16.71755595470038,
        "P100": 17.120789355180396
    }
}