{
    "backend": "triton",
    "clients": 10,
    "request_num": 500,
    "Total QPS": 2.095103259280744,
    "Avg Input Length": 4125.696,
    "Avg Output Length": 127.702,
    "Total Throughput": 8911.932353589464,
    "Input Throughput": 8643.759136401528,
    "Output Throughput": 8643.759136401528,
    "request_time": {
        "P25": 4.414583921432495,
        "P50": 4.72726583480835,
        "P75": 5.115483522415161,
        "P90": 5.388882160186768,
        "P95": 5.538797855377197,
        "P99": 5.941876411437988,
        "P100": 5.955573558807373
    },
    "first_token_time_dict": {
        "P25": 2.6979873180389404,
        "P50": 2.946371078491211,
        "P75": 3.3471288681030273,
        "P90": 3.800116539001465,
        "P95": 3.983430862426758,
        "P99": 4.341311454772949,
        "P100": 4.348346948623657
    },
    "decode_token_time_dict": {
        "P25": 11.843758305226723,
        "P50": 12.566943806926096,
        "P75": 14.8494074663778,
        "P90": 34.165010677547905,
        "P95": 36.922899756844586,
        "P99": 40.24025586646373,
        "P100": 139.61337861560642
    }
}