{
    "backend": "triton",
    "clients": 50,
    "request_num": 500,
    "Total QPS": 8.721607957635504,
    "Avg Input Length": 1031.778,
    "Avg Output Length": 127.894,
    "Total Throughput": 10115.12903389059,
    "Input Throughput": 8998.763215313245,
    "Output Throughput": 8998.763215313245,
    "request_time": {
        "P25": 5.541572093963623,
        "P50": 5.685305118560791,
        "P75": 5.917391777038574,
        "P90": 5.972342252731323,
        "P95": 6.07716178894043,
        "P99": 6.105926990509033,
        "P100": 6.143672704696655
    },
    "first_token_time_dict": {
        "P25": 3.32389497756958,
        "P50": 3.586099624633789,
        "P75": 3.7515103816986084,
        "P90": 3.9986069202423096,
        "P95": 4.165354251861572,
        "P99": 4.19340968132019,
        "P100": 4.202703237533569
    },
    "decode_token_time_dict": {
        "P25": 15.07429626044326,
        "P50": 16.2000749993512,
        "P75": 19.533425804198256,
        "P90": 29.163903138768955,
        "P95": 42.68212018050547,
        "P99": 45.365701510211615,
        "P100": 46.99184950881117
    }
}