{
    "backend": "triton",
    "clients": 5,
    "request_num": 500,
    "Total QPS": 1.7218418044114439,
    "Avg Input Length": 4125.696,
    "Avg Output Length": 127.552,
    "Total Throughput": 7324.191596057742,
    "Input Throughput": 7103.795845093076,
    "Output Throughput": 7103.795845093076,
    "request_time": {
        "P25": 2.6813509464263916,
        "P50": 2.8837082386016846,
        "P75": 3.1471328735351562,
        "P90": 3.3655507564544678,
        "P95": 3.4534153938293457,
        "P99": 3.6983351707458496,
        "P100": 3.716423988342285
    },
    "first_token_time_dict": {
        "P25": 0.34383344650268555,
        "P50": 0.8131084442138672,
        "P75": 1.5273103713989258,
        "P90": 1.8819503784179688,
        "P95": 2.061091661453247,
        "P99": 2.3036272525787354,
        "P100": 2.32673716545105
    },
    "decode_token_time_dict": {
        "P25": 10.517493946345772,
        "P50": 14.634051660853109,
        "P75": 19.617394199521524,
        "P90": 21.698499289084605,
        "P95": 22.77691157784049,
        "P99": 25.098554731354,
        "P100": 27.568903495007614
    }
}