{
    "backend": "triton",
    "clients": 50,
    "request_num": 500,
    "Total QPS": 1.208248136480459,
    "Avg Input Length": 8250.884,
    "Avg Output Length": 127.578,
    "Total Throughput": 10123.770978785935,
    "Input Throughput": 9969.115217316436,
    "Output Throughput": 9969.115217316436,
    "request_time": {
        "P25": 38.48256182670593,
        "P50": 40.12289476394653,
        "P75": 42.62660574913025,
        "P90": 48.89151382446289,
        "P95": 54.28238368034363,
        "P99": 65.62180685997009,
        "P100": 66.43894362449646
    },
    "first_token_time_dict": {
        "P25": 12.942687273025513,
        "P50": 14.537690162658691,
        "P75": 22.022056102752686,
        "P90": 26.219924688339233,
        "P95": 27.984832763671875,
        "P99": 39.440197706222534,
        "P100": 41.955360889434814
    },
    "decode_token_time_dict": {
        "P25": 157.07621424216924,
        "P50": 203.5951708245465,
        "P75": 217.98939404525154,
        "P90": 223.49902964013768,
        "P95": 234.24966691985844,
        "P99": 250.43509701105555,
        "P100": 926.7568811774254
    }
}