{
    "backend": "triton",
    "clients": 25,
    "request_num": 500,
    "Total QPS": 7.322671439841111,
    "Avg Input Length": 1031.778,
    "Avg Output Length": 127.932,
    "Total Throughput": 8492.673237156043,
    "Input Throughput": 7555.371292856381,
    "Output Throughput": 7555.371292856381,
    "request_time": {
        "P25": 3.2038755416870117,
        "P50": 3.4706649780273438,
        "P75": 3.558218002319336,
        "P90": 3.675616979598999,
        "P95": 3.7071242332458496,
        "P99": 3.830629825592041,
        "P100": 3.8357062339782715
    },
    "first_token_time_dict": {
        "P25": 1.6057674884796143,
        "P50": 1.830110788345337,
        "P75": 2.000812292098999,
        "P90": 2.164079427719116,
        "P95": 2.178020715713501,
        "P99": 2.2950398921966553,
        "P100": 2.3012030124664307
    },
    "decode_token_time_dict": {
        "P25": 11.774909777904119,
        "P50": 12.183275748425581,
        "P75": 12.526277482040285,
        "P90": 23.18904343552477,
        "P95": 25.042361161840244,
        "P99": 27.4064860006017,
        "P100": 29.48892398143378
    }
}