{
    "backend": "triton",
    "clients": 25,
    "request_num": 500,
    "Total QPS": 1.1957355243176164,
    "Avg Input Length": 8250.884,
    "Avg Output Length": 127.556,
    "Total Throughput": 10018.929252936488,
    "Input Throughput": 9865.875105823832,
    "Output Throughput": 9865.875105823832,
    "request_time": {
        "P25": 19.01277804374695,
        "P50": 20.88558578491211,
        "P75": 22.31054711341858,
        "P90": 23.511879205703735,
        "P95": 23.594733476638794,
        "P99": 24.900042057037354,
        "P100": 24.926132678985596
    },
    "first_token_time_dict": {
        "P25": 15.496604204177856,
        "P50": 17.116325855255127,
        "P75": 18.490813970565796,
        "P90": 20.30989170074463,
        "P95": 20.37126636505127,
        "P99": 21.580532550811768,
        "P100": 21.611610412597656
    },
    "decode_token_time_dict": {
        "P25": 22.65478306867945,
        "P50": 25.111466880858412,
        "P75": 31.598051701943707,
        "P90": 40.2742708761861,
        "P95": 145.26538586053323,
        "P99": 173.15792286489892,
        "P100": 264.5938497194102
    }
}