{
    "backend": "triton",
    "clients": 10,
    "request_num": 500,
    "Total QPS": 0.5196571273454594,
    "Avg Input Length": 16469.37,
    "Avg Output Length": 127.544,
    "Total Throughput": 8624.941615689708,
    "Input Throughput": 8558.425503389488,
    "Output Throughput": 8558.425503389488,
    "request_time": {
        "P25": 17.365190505981445,
        "P50": 19.309072971343994,
        "P75": 21.55604386329651,
        "P90": 23.263501405715942,
        "P95": 23.876199960708618,
        "P99": 26.184483528137207,
        "P100": 26.955164432525635
    },
    "first_token_time_dict": {
        "P25": 11.929542541503906,
        "P50": 15.612848043441772,
        "P75": 17.60945463180542,
        "P90": 19.191147804260254,
        "P95": 20.029293537139893,
        "P99": 21.91096043586731,
        "P100": 22.23169732093811
    },
    "decode_token_time_dict": {
        "P25": 20.303761865210344,
        "P50": 25.888645742821883,
        "P75": 43.84161731389564,
        "P90": 111.73765302643062,
        "P95": 145.28923522768997,
        "P99": 171.28771308838853,
        "P100": 948.2428431510925
    }
}