{
    "backend": "triton",
    "clients": 25,
    "request_num": 500,
    "Total QPS": 0.5326481754428012,
    "Avg Input Length": 16469.37,
    "Avg Output Length": 127.544,
    "Total Throughput": 8840.558847649085,
    "Input Throughput": 8772.379881192406,
    "Output Throughput": 8772.379881192406,
    "request_time": {
        "P25": 42.63492274284363,
        "P50": 46.2630410194397,
        "P75": 50.18826699256897,
        "P90": 55.453186988830566,
        "P95": 58.36742806434631,
        "P99": 76.21302962303162,
        "P100": 76.92433452606201
    },
    "first_token_time_dict": {
        "P25": 12.871049880981445,
        "P50": 17.317721843719482,
        "P75": 22.322652339935303,
        "P90": 30.038001537322998,
        "P95": 32.20389175415039,
        "P99": 51.5102219581604,
        "P100": 51.93902826309204
    },
    "decode_token_time_dict": {
        "P25": 197.83337848392998,
        "P50": 245.27821578378752,
        "P75": 263.01765254163365,
        "P90": 275.16650402639794,
        "P95": 281.13049034058577,
        "P99": 297.14326971159204,
        "P100": 1112.6742362976074
    }
}