{
    "backend": "triton",
    "clients": 15,
    "request_num": 500,
    "Total QPS": 0.5297331787282662,
    "Avg Input Length": 16469.37,
    "Avg Output Length": 127.544,
    "Total Throughput": 8792.177568629164,
    "Input Throughput": 8724.371721751946,
    "Output Throughput": 8724.371721751946,
    "request_time": {
        "P25": 26.16540026664734,
        "P50": 28.482426404953003,
        "P75": 30.720773220062256,
        "P90": 33.199137926101685,
        "P95": 34.2954957485199,
        "P99": 35.3698296546936,
        "P100": 37.22274112701416
    },
    "first_token_time_dict": {
        "P25": 16.265734910964966,
        "P50": 21.83096933364868,
        "P75": 24.64523983001709,
        "P90": 27.068092346191406,
        "P95": 28.400561809539795,
        "P99": 30.197062015533447,
        "P100": 30.42673420906067
    },
    "decode_token_time_dict": {
        "P25": 31.538614137904855,
        "P50": 41.739557671734666,
        "P75": 94.21534425630344,
        "P90": 153.75427186019778,
        "P95": 206.56244022639717,
        "P99": 243.94371941333682,
        "P100": 287.73042133876254
    }
}