{
    "backend": "triton",
    "clients": 5,
    "request_num": 500,
    "Total QPS": 3.2887284441670745,
    "Avg Input Length": 1031.778,
    "Avg Output Length": 127.9,
    "Total Throughput": 3814.1948975192013,
    "Input Throughput": 3393.237656665816,
    "Output Throughput": 3393.237656665816,
    "request_time": {
        "P25": 1.4703996181488037,
        "P50": 1.5159156322479248,
        "P75": 1.567725419998169,
        "P90": 1.6086740493774414,
        "P95": 1.6244029998779297,
        "P99": 1.6590323448181152,
        "P100": 1.6989500522613525
    },
    "first_token_time_dict": {
        "P25": 0.10816287994384766,
        "P50": 0.19640541076660156,
        "P75": 0.33283042907714844,
        "P90": 0.40715765953063965,
        "P95": 0.4470865726470947,
        "P99": 0.478046178817749,
        "P100": 0.5170643329620361
    },
    "decode_token_time_dict": {
        "P25": 9.132069865549644,
        "P50": 10.179598500409464,
        "P75": 10.996351091880499,
        "P90": 11.501270955003152,
        "P95": 11.740036836759312,
        "P99": 12.240796577273391,
        "P100": 12.398648449755092
    }
}