{
    "backend": "triton",
    "clients": 50,
    "request_num": 500,
    "Total QPS": 2.5449461526604655,
    "Avg Input Length": 4125.696,
    "Avg Output Length": 127.41,
    "Total Throughput": 10825.427269787211,
    "Input Throughput": 10499.67416224667,
    "Output Throughput": 10499.67416224667,
    "request_time": {
        "P25": 19.032755374908447,
        "P50": 19.632703065872192,
        "P75": 20.231963634490967,
        "P90": 20.675445079803467,
        "P95": 21.29289746284485,
        "P99": 21.331130504608154,
        "P100": 21.377996683120728
    },
    "first_token_time_dict": {
        "P25": 14.553685426712036,
        "P50": 15.902993202209473,
        "P75": 16.403908729553223,
        "P90": 17.367469787597656,
        "P95": 17.652393341064453,
        "P99": 17.683080673217773,
        "P100": 17.692978858947754
    },
    "decode_token_time_dict": {
        "P25": 25.086143824059196,
        "P50": 28.563987551711676,
        "P75": 32.566155035664714,
        "P90": 43.078653455719234,
        "P95": 141.221284866333,
        "P99": 157.83483400119573,
        "P100": 163.95943183598555
    }
}