{
    "backend": "triton",
    "clients": 15,
    "request_num": 500,
    "Total QPS": 2.280214382895574,
    "Avg Input Length": 4125.696,
    "Avg Output Length": 127.52,
    "Total Throughput": 9699.338799665371,
    "Input Throughput": 9407.471358654737,
    "Output Throughput": 9407.471358654737,
    "request_time": {
        "P25": 6.063559532165527,
        "P50": 6.495477199554443,
        "P75": 7.0216522216796875,
        "P90": 7.609692335128784,
        "P95": 7.641362428665161,
        "P99": 7.768573045730591,
        "P100": 7.788537263870239
    },
    "first_token_time_dict": {
        "P25": 3.056368589401245,
        "P50": 4.003527402877808,
        "P75": 4.672674179077148,
        "P90": 5.765817403793335,
        "P95": 5.8555192947387695,
        "P99": 5.873764753341675,
        "P100": 5.883009910583496
    },
    "decode_token_time_dict": {
        "P25": 13.737182917557364,
        "P50": 17.86492565485436,
        "P75": 26.75420280516617,
        "P90": 48.42268951295868,
        "P95": 51.19932354904535,
        "P99": 55.37523059394416,
        "P100": 62.59970437912714
    }
}