{
    "backend": "triton",
    "clients": 10,
    "request_num": 500,
    "Total QPS": 5.041856262403477,
    "Avg Input Length": 1031.778,
    "Avg Output Length": 127.922,
    "Total Throughput": 5847.433972297779,
    "Input Throughput": 5202.076370710134,
    "Output Throughput": 5202.076370710134,
    "request_time": {
        "P25": 1.9012904167175293,
        "P50": 1.9860522747039795,
        "P75": 2.0544798374176025,
        "P90": 2.1134698390960693,
        "P95": 2.150921583175659,
        "P99": 2.212315559387207,
        "P100": 2.2182319164276123
    },
    "first_token_time_dict": {
        "P25": 0.5897221565246582,
        "P50": 0.6685237884521484,
        "P75": 0.7486321926116943,
        "P90": 0.8178386688232422,
        "P95": 0.8668298721313477,
        "P99": 0.9298193454742432,
        "P100": 0.9391851425170898
    },
    "decode_token_time_dict": {
        "P25": 9.928509945005883,
        "P50": 10.109462137297383,
        "P75": 10.49604753809651,
        "P90": 14.595444746843473,
        "P95": 15.208148580836498,
        "P99": 16.02619464003195,
        "P100": 16.72983169555664
    }
}