{
    "backend": "triton",
    "clients": 5,
    "request_num": 500,
    "Total QPS": 0.9878754957330002,
    "Avg Input Length": 8250.884,
    "Avg Output Length": 127.618,
    "Total Throughput": 8277.294185189303,
    "Input Throughput": 8150.84612173548,
    "Output Throughput": 8150.84612173548,
    "request_time": {
        "P25": 4.511301040649414,
        "P50": 5.0660717487335205,
        "P75": 5.570991277694702,
        "P90": 6.019202470779419,
        "P95": 6.337336540222168,
        "P99": 6.739615440368652,
        "P100": 6.9780495166778564
    },
    "first_token_time_dict": {
        "P25": 0.978635311126709,
        "P50": 2.6633384227752686,
        "P75": 3.632284641265869,
        "P90": 4.236636400222778,
        "P95": 4.545282602310181,
        "P99": 5.131259918212891,
        "P100": 5.363776445388794
    },
    "decode_token_time_dict": {
        "P25": 11.63331166965755,
        "P50": 12.653285124170498,
        "P75": 29.89276563088725,
        "P90": 37.02512688524141,
        "P95": 39.405569316833976,
        "P99": 44.400070595929,
        "P100": 50.74849091176912
    }
}