{
    "backend": "triton",
    "clients": 50,
    "request_num": 500,
    "Total QPS": 0.5387026237968229,
    "Avg Input Length": 16469.37,
    "Avg Output Length": 127.77,
    "Total Throughput": 8941.046767126674,
    "Input Throughput": 8872.092831280681,
    "Output Throughput": 8872.092831280681,
    "request_time": {
        "P25": 75.74303698539734,
        "P50": 91.03271222114563,
        "P75": 109.59757328033447,
        "P90": 112.4651927947998,
        "P95": 113.516521692276,
        "P99": 115.69964480400085,
        "P100": 117.49833607673645
    },
    "first_token_time_dict": {
        "P25": 65.67245745658875,
        "P50": 70.82037734985352,
        "P75": 97.65009450912476,
        "P90": 102.19947338104248,
        "P95": 103.44676065444946,
        "P99": 104.68570184707642,
        "P100": 105.23625040054321
    },
    "decode_token_time_dict": {
        "P25": 72.12381287822573,
        "P50": 89.82633230254406,
        "P75": 125.71298794483576,
        "P90": 219.62666511535645,
        "P95": 245.29897321866252,
        "P99": 272.9852011823279,
        "P100": 284.3561960956243
    }
}