{
    "backend": "triton",
    "clients": 100,
    "request_num": 500,
    "Total QPS": 1.2212118065250785,
    "Avg Input Length": 8250.884,
    "Avg Output Length": 127.286,
    "Total Throughput": 10232.392066304077,
    "Input Throughput": 10076.076955068866,
    "Output Throughput": 10076.076955068866,
    "request_time": {
        "P25": 66.043137550354,
        "P50": 67.88676285743713,
        "P75": 98.90435075759888,
        "P90": 99.87204766273499,
        "P95": 100.65557312965393,
        "P99": 100.80559134483337,
        "P100": 100.8578679561615
    },
    "first_token_time_dict": {
        "P25": 58.60464859008789,
        "P50": 59.94855260848999,
        "P75": 90.88252830505371,
        "P90": 92.29790878295898,
        "P95": 93.02144813537598,
        "P99": 93.20392560958862,
        "P100": 93.25203943252563
    },
    "decode_token_time_dict": {
        "P25": 57.21733701510692,
        "P50": 61.61416046262726,
        "P75": 70.44583230506717,
        "P90": 237.9093583174578,
        "P95": 244.5526686240369,
        "P99": 255.23208257720225,
        "P100": 258.01963318051315
    }
}