{
    "backend": "triton",
    "clients": 100,
    "request_num": 500,
    "Total QPS": 9.494345404341223,
    "Avg Input Length": 1031.778,
    "Avg Output Length": 127.932,
    "Total Throughput": 11011.332924356055,
    "Input Throughput": 9796.056712600379,
    "Output Throughput": 9796.056712600379,
    "request_time": {
        "P25": 10.33957290649414,
        "P50": 10.609548568725586,
        "P75": 10.681356191635132,
        "P90": 10.772772789001465,
        "P95": 10.829134941101074,
        "P99": 10.882384538650513,
        "P100": 10.969416856765747
    },
    "first_token_time_dict": {
        "P25": 6.989423990249634,
        "P50": 7.551573991775513,
        "P75": 7.7497687339782715,
        "P90": 7.796347379684448,
        "P95": 7.8284828662872314,
        "P99": 7.862017869949341,
        "P100": 7.878430366516113
    },
    "decode_token_time_dict": {
        "P25": 22.27963425043061,
        "P50": 22.844104316290906,
        "P75": 24.701796178742658,
        "P90": 68.00194049444724,
        "P95": 73.29818207447923,
        "P99": 81.69073570431686,
        "P100": 83.28370221956509
    }
}