{
    "backend": "triton",
    "clients": 15,
    "request_num": 500,
    "Total QPS": 1.1586846576573986,
    "Avg Input Length": 8250.884,
    "Avg Output Length": 127.526,
    "Total Throughput": 9708.484339091054,
    "Input Throughput": 9560.172702910906,
    "Output Throughput": 9560.172702910906,
    "request_time": {
        "P25": 12.126160144805908,
        "P50": 12.955057382583618,
        "P75": 13.985332012176514,
        "P90": 14.689065933227539,
        "P95": 14.893183946609497,
        "P99": 16.0888614654541,
        "P100": 16.10707664489746
    },
    "first_token_time_dict": {
        "P25": 7.6608195304870605,
        "P50": 9.094040155410767,
        "P75": 10.262489318847656,
        "P90": 11.746582508087158,
        "P95": 12.000047206878662,
        "P99": 12.90200686454773,
        "P100": 12.9269700050354
    },
    "decode_token_time_dict": {
        "P25": 21.647654180451642,
        "P50": 25.651552545742728,
        "P75": 41.715071895929775,
        "P90": 94.90482262739046,
        "P95": 102.29597880145697,
        "P99": 110.63899956350251,
        "P100": 141.5379296901614
    }
}