{
    "backend": "triton",
    "clients": 15,
    "request_num": 500,
    "Total QPS": 6.020554808776019,
    "Avg Input Length": 1031.778,
    "Avg Output Length": 127.922,
    "Total Throughput": 6982.507015012634,
    "Input Throughput": 6211.8759994893035,
    "Output Throughput": 6211.8759994893035,
    "request_time": {
        "P25": 2.391751766204834,
        "P50": 2.4616281986236572,
        "P75": 2.5719387531280518,
        "P90": 2.667015552520752,
        "P95": 2.6972122192382812,
        "P99": 2.7079055309295654,
        "P100": 2.7093775272369385
    },
    "first_token_time_dict": {
        "P25": 0.9965205192565918,
        "P50": 1.09480619430542,
        "P75": 1.1767137050628662,
        "P90": 1.322126865386963,
        "P95": 1.3536736965179443,
        "P99": 1.3659472465515137,
        "P100": 1.370457410812378
    },
    "decode_token_time_dict": {
        "P25": 10.396131060340187,
        "P50": 10.582383223405973,
        "P75": 11.013398958942082,
        "P90": 11.190020193265179,
        "P95": 18.67273661095326,
        "P99": 20.116843576506366,
        "P100": 20.68256580923486
    }
}