{
    "backend": "triton",
    "clients": 100,
    "request_num": 500,
    "Total QPS": 0.5386017929178919,
    "Avg Input Length": 16469.37,
    "Avg Output Length": 127.544,
    "Total Throughput": 8939.37323972163,
    "Input Throughput": 8870.43221022814,
    "Output Throughput": 8870.43221022814,
    "request_time": {
        "P25": 171.4293978214264,
        "P50": 186.87135696411133,
        "P75": 191.0287365913391,
        "P90": 193.97556257247925,
        "P95": 210.268798828125,
        "P99": 219.54887890815735,
        "P100": 230.97095680236816
    },
    "first_token_time_dict": {
        "P25": 148.89947152137756,
        "P50": 174.1403787136078,
        "P75": 178.54345059394836,
        "P90": 181.67095136642456,
        "P95": 182.83371901512146,
        "P99": 188.1503939628601,
        "P100": 218.36850357055664
    },
    "decode_token_time_dict": {
        "P25": 87.27228547644428,
        "P50": 97.91625390841266,
        "P75": 112.57366871270608,
        "P90": 263.2898064110223,
        "P95": 270.79882959681237,
        "P99": 281.4311173957164,
        "P100": 383.64212853567943
    }
}