{
    "backend": "triton",
    "clients": 10,
    "request_num": 500,
    "Total QPS": 1.1079674518331033,
    "Avg Input Length": 8250.884,
    "Avg Output Length": 127.6,
    "Total Throughput": 9283.53075468516,
    "Input Throughput": 9141.710920850523,
    "Output Throughput": 9141.710920850523,
    "request_time": {
        "P25": 8.331759691238403,
        "P50": 9.008793592453003,
        "P75": 9.736963033676147,
        "P90": 10.378593444824219,
        "P95": 10.949731588363647,
        "P99": 11.631485939025879,
        "P100": 11.646605968475342
    },
    "first_token_time_dict": {
        "P25": 5.5513598918914795,
        "P50": 6.366140127182007,
        "P75": 7.643657207489014,
        "P90": 8.398515939712524,
        "P95": 8.950074911117554,
        "P99": 9.586257696151733,
        "P100": 9.596170425415039
    },
    "decode_token_time_dict": {
        "P25": 14.31319094079686,
        "P50": 15.279463895662563,
        "P75": 25.08110511960007,
        "P90": 64.58570450309693,
        "P95": 69.42495398634061,
        "P99": 78.56632968572181,
        "P100": 85.2003754593256
    }
}