{
    "backend": "triton",
    "clients": 100,
    "request_num": 500,
    "Total QPS": 2.5633530986575734,
    "Avg Input Length": 4125.696,
    "Avg Output Length": 127.472,
    "Total Throughput": 10903.724822347325,
    "Input Throughput": 10575.615625719156,
    "Output Throughput": 10575.615625719156,
    "request_time": {
        "P25": 30.9797580242157,
        "P50": 37.313907623291016,
        "P75": 38.297629833221436,
        "P90": 55.63357949256897,
        "P95": 61.83623909950256,
        "P99": 62.141785621643066,
        "P100": 62.21706938743591
    },
    "first_token_time_dict": {
        "P25": 12.74222445487976,
        "P50": 19.3090238571167,
        "P75": 26.203932762145996,
        "P90": 31.01418900489807,
        "P95": 38.1814751625061,
        "P99": 38.34021759033203,
        "P100": 38.35696768760681
    },
    "decode_token_time_dict": {
        "P25": 93.03006224744901,
        "P50": 184.63150347311665,
        "P75": 193.56941238163026,
        "P90": 195.56374812689353,
        "P95": 197.28559959591843,
        "P99": 235.03578366257074,
        "P100": 241.98027858583944
    }
}