{
    "backend": "triton",
    "clients": 5,
    "request_num": 500,
    "Total QPS": 0.4883613266308872,
    "Avg Input Length": 16469.37,
    "Avg Output Length": 127.544,
    "Total Throughput": 8105.513631783689,
    "Input Throughput": 8043.003381974935,
    "Output Throughput": 8043.003381974935,
    "request_time": {
        "P25": 8.868887424468994,
        "P50": 9.948775053024292,
        "P75": 11.52486801147461,
        "P90": 12.7439124584198,
        "P95": 13.351521492004395,
        "P99": 14.367398738861084,
        "P100": 15.063895225524902
    },
    "first_token_time_dict": {
        "P25": 5.344831705093384,
        "P50": 7.723546266555786,
        "P75": 9.159109115600586,
        "P90": 10.342271566390991,
        "P95": 10.822935104370117,
        "P99": 11.787489175796509,
        "P100": 12.162634134292603
    },
    "decode_token_time_dict": {
        "P25": 14.15814564922663,
        "P50": 14.989907347311185,
        "P75": 27.965091344878427,
        "P90": 73.5256690678634,
        "P95": 81.5719112636536,
        "P99": 93.75783214418907,
        "P100": 586.3741636276245
    }
}