{
    "backend": "triton",
    "clients": 25,
    "request_num": 500,
    "Total QPS": 2.413508248525277,
    "Avg Input Length": 4125.696,
    "Avg Output Length": 127.602,
    "Total Throughput": 10266.330382718976,
    "Input Throughput": 9957.40132690774,
    "Output Throughput": 9957.40132690774,
    "request_time": {
        "P25": 9.595347166061401,
        "P50": 10.367062330245972,
        "P75": 10.992262125015259,
        "P90": 11.426815748214722,
        "P95": 11.589414834976196,
        "P99": 12.277121543884277,
        "P100": 12.298526048660278
    },
    "first_token_time_dict": {
        "P25": 6.922728776931763,
        "P50": 7.860018491744995,
        "P75": 8.518540859222412,
        "P90": 9.199436902999878,
        "P95": 9.350100755691528,
        "P99": 9.988794088363647,
        "P100": 9.99863314628601
    },
    "decode_token_time_dict": {
        "P25": 16.883549727792815,
        "P50": 17.986344540213036,
        "P75": 21.346901345440724,
        "P90": 25.577963806512788,
        "P95": 77.59031536072258,
        "P99": 84.14536010561966,
        "P100": 93.92166700888806
    }
}