{
    "backend": "triton",
    "clients": 10,
    "request_num": 500,
    "Total QPS": 1.2531539020947629,
    "Avg Input Length": 8250.884,
    "Avg Output Length": 127.58,
    "Total Throughput": 10500.031179799375,
    "Input Throughput": 10339.627480331244,
    "Output Throughput": 10339.627480331244,
    "request_time": {
        "P25": 7.384028196334839,
        "P50": 8.086021423339844,
        "P75": 8.625584125518799,
        "P90": 9.09437346458435,
        "P95": 9.389626264572144,
        "P99": 9.983757734298706,
        "P100": 10.116296291351318
    },
    "first_token_time_dict": {
        "P25": 0.8868961334228516,
        "P50": 4.280427694320679,
        "P75": 5.118042707443237,
        "P90": 6.24786114692688,
        "P95": 6.392172574996948,
        "P99": 7.021395444869995,
        "P100": 7.0402421951293945
    },
    "decode_token_time_dict": {
        "P25": 21.91635942834569,
        "P50": 27.096145735012264,
        "P75": 49.09958801870271,
        "P90": 60.38652442571685,
        "P95": 63.51036349619467,
        "P99": 69.55474755895419,
        "P100": 73.87759178642213
    }
}