{
    "backend": "triton",
    "clients": 50,
    "request_num": 500,
    "Total QPS": 0.6273420793497605,
    "Avg Input Length": 16469.37,
    "Avg Output Length": 127.544,
    "Total Throughput": 10412.228607537336,
    "Input Throughput": 10331.928821380567,
    "Output Throughput": 10331.928821380567,
    "request_time": {
        "P25": 80.26178193092346,
        "P50": 81.78000450134277,
        "P75": 82.81184005737305,
        "P90": 84.09896898269653,
        "P95": 85.33086919784546,
        "P99": 108.53907537460327,
        "P100": 113.39175152778625
    },
    "first_token_time_dict": {
        "P25": 75.83306765556335,
        "P50": 77.0431170463562,
        "P75": 78.09585165977478,
        "P90": 79.2029709815979,
        "P95": 79.99084210395813,
        "P99": 103.92487621307373,
        "P100": 107.22479057312012
    },
    "decode_token_time_dict": {
        "P25": 32.486053902333175,
        "P50": 34.22685307780589,
        "P75": 39.68498838229442,
        "P90": 44.14489888769435,
        "P95": 46.38474194083627,
        "P99": 48.57979609271673,
        "P100": 204.4403346504752
    }
}