{
    "backend": "triton",
    "clients": 50,
    "request_num": 500,
    "Total QPS": 1.4505238663812317,
    "Avg Input Length": 8250.884,
    "Avg Output Length": 127.254,
    "Total Throughput": 12153.771215639841,
    "Input Throughput": 11968.104160743043,
    "Output Throughput": 11968.104160743043,
    "request_time": {
        "P25": 31.005529165267944,
        "P50": 32.582059144973755,
        "P75": 38.667789459228516,
        "P90": 40.7339768409729,
        "P95": 47.604310750961304,
        "P99": 48.01852345466614,
        "P100": 55.62314987182617
    },
    "first_token_time_dict": {
        "P25": 15.104403495788574,
        "P50": 17.770382165908813,
        "P75": 23.07761025428772,
        "P90": 24.1418194770813,
        "P95": 31.70075249671936,
        "P99": 32.34915375709534,
        "P100": 42.52133107185364
    },
    "decode_token_time_dict": {
        "P25": 110.80269550713967,
        "P50": 123.10585074537381,
        "P75": 139.37382998428947,
        "P90": 169.0310605867641,
        "P95": 177.23759140555313,
        "P99": 183.4471619973971,
        "P100": 186.57419625229724
    }
}