{
    "backend": "triton",
    "clients": 15,
    "request_num": 500,
    "Total QPS": 5.679405418829786,
    "Avg Input Length": 1031.778,
    "Avg Output Length": 127.922,
    "Total Throughput": 6586.849457839571,
    "Input Throughput": 5859.885564229358,
    "Output Throughput": 5859.885564229358,
    "request_time": {
        "P25": 2.537888288497925,
        "P50": 2.6013736724853516,
        "P75": 2.6869282722473145,
        "P90": 2.7494025230407715,
        "P95": 2.7905874252319336,
        "P99": 2.809030771255493,
        "P100": 2.8124711513519287
    },
    "first_token_time_dict": {
        "P25": 0.6283931732177734,
        "P50": 0.7202804088592529,
        "P75": 0.8293194770812988,
        "P90": 0.9281394481658936,
        "P95": 1.0177295207977295,
        "P99": 1.0546753406524658,
        "P100": 1.0597195625305176
    },
    "decode_token_time_dict": {
        "P25": 13.892917182501845,
        "P50": 15.05114713053065,
        "P75": 15.371776941254383,
        "P90": 16.083520228468526,
        "P95": 19.82573261411171,
        "P99": 20.99259631840263,
        "P100": 21.339240036611482
    }
}