{
    "backend": "triton",
    "clients": 10,
    "request_num": 500,
    "Total QPS": 0.6013816795360231,
    "Avg Input Length": 16469.37,
    "Avg Output Length": 127.544,
    "Total Throughput": 9981.354246480803,
    "Input Throughput": 9904.377391500191,
    "Output Throughput": 9904.377391500191,
    "request_time": {
        "P25": 15.109357595443726,
        "P50": 16.71815514564514,
        "P75": 18.511683464050293,
        "P90": 19.984561920166016,
        "P95": 20.464019298553467,
        "P99": 21.982016563415527,
        "P100": 23.37429928779602
    },
    "first_token_time_dict": {
        "P25": 10.464026927947998,
        "P50": 13.505587577819824,
        "P75": 15.001862525939941,
        "P90": 16.303178548812866,
        "P95": 16.651320219039917,
        "P99": 18.433315992355347,
        "P100": 18.574472427368164
    },
    "decode_token_time_dict": {
        "P25": 23.176123776773768,
        "P50": 24.463578471987265,
        "P75": 29.991238135991136,
        "P90": 92.1952480406273,
        "P95": 124.66432916836476,
        "P99": 148.05878804424617,
        "P100": 226.76845959254675
    }
}