{
    "backend": "triton",
    "clients": 10,
    "request_num": 500,
    "Total QPS": 4.442062637787159,
    "Avg Input Length": 1031.778,
    "Avg Output Length": 127.922,
    "Total Throughput": 5151.806521927516,
    "Input Throughput": 4583.222504290759,
    "Output Throughput": 4583.222504290759,
    "request_time": {
        "P25": 2.1828901767730713,
        "P50": 2.254676580429077,
        "P75": 2.311649799346924,
        "P90": 2.3522932529449463,
        "P95": 2.386122941970825,
        "P99": 2.41381573677063,
        "P100": 2.422916889190674
    },
    "first_token_time_dict": {
        "P25": 0.5010337829589844,
        "P50": 0.5624868869781494,
        "P75": 0.6281256675720215,
        "P90": 0.6849112510681152,
        "P95": 0.715386152267456,
        "P99": 0.751194953918457,
        "P100": 0.7554521560668945
    },
    "decode_token_time_dict": {
        "P25": 12.936042049738367,
        "P50": 13.075090768769032,
        "P75": 13.435581537682241,
        "P90": 16.840189460694322,
        "P95": 17.37921819912167,
        "P99": 17.868057010680673,
        "P100": 18.325572877418338
    }
}