{
    "backend": "triton",
    "clients": 100,
    "request_num": 500,
    "Total QPS": 1.4494222552694498,
    "Avg Input Length": 8250.884,
    "Avg Output Length": 127.386,
    "Total Throughput": 12144.540943921107,
    "Input Throughput": 11959.014895246619,
    "Output Throughput": 11959.014895246619,
    "request_time": {
        "P25": 66.42103695869446,
        "P50": 71.26657176017761,
        "P75": 72.00679159164429,
        "P90": 72.62369728088379,
        "P95": 72.69485378265381,
        "P99": 87.80438327789307,
        "P100": 95.8297369480133
    },
    "first_token_time_dict": {
        "P25": 47.67825794219971,
        "P50": 63.68543863296509,
        "P75": 66.1441855430603,
        "P90": 66.82723712921143,
        "P95": 67.28883194923401,
        "P99": 67.3307113647461,
        "P100": 90.66792225837708
    },
    "decode_token_time_dict": {
        "P25": 38.76372397415281,
        "P50": 46.724657374104176,
        "P75": 76.52568629407507,
        "P90": 164.06565388356606,
        "P95": 177.5589815274937,
        "P99": 183.49034579720083,
        "P100": 189.13760147695467
    }
}