{
    "backend": "triton",
    "clients": 5,
    "request_num": 500,
    "Total QPS": 0.5503279419355842,
    "Avg Input Length": 16469.37,
    "Avg Output Length": 127.544,
    "Total Throughput": 9133.996473643407,
    "Input Throughput": 9063.554497075651,
    "Output Throughput": 9063.554497075651,
    "request_time": {
        "P25": 7.9939796924591064,
        "P50": 8.864740371704102,
        "P75": 10.17256760597229,
        "P90": 11.223711252212524,
        "P95": 11.718249320983887,
        "P99": 12.494623184204102,
        "P100": 12.893354892730713
    },
    "first_token_time_dict": {
        "P25": 3.976400852203369,
        "P50": 6.285251140594482,
        "P75": 7.497104167938232,
        "P90": 8.411460638046265,
        "P95": 8.881458044052124,
        "P99": 9.364071369171143,
        "P100": 10.051001071929932
    },
    "decode_token_time_dict": {
        "P25": 17.24314877367395,
        "P50": 18.044015553992562,
        "P75": 29.38022763710322,
        "P90": 66.20179949782964,
        "P95": 73.83446242865615,
        "P99": 85.7847018504706,
        "P100": 480.18878698349
    }
}