{
    "backend": "triton",
    "clients": 25,
    "request_num": 500,
    "Total QPS": 1.4094695613635775,
    "Avg Input Length": 8250.884,
    "Avg Output Length": 127.516,
    "Total Throughput": 11809.781956196299,
    "Input Throughput": 11629.36985234176,
    "Output Throughput": 11629.36985234176,
    "request_time": {
        "P25": 16.236104011535645,
        "P50": 18.08352017402649,
        "P75": 18.980770349502563,
        "P90": 19.950084924697876,
        "P95": 20.397984743118286,
        "P99": 21.065451860427856,
        "P100": 21.081271648406982
    },
    "first_token_time_dict": {
        "P25": 10.955372333526611,
        "P50": 12.24115538597107,
        "P75": 13.734772205352783,
        "P90": 15.197639226913452,
        "P95": 16.301522254943848,
        "P99": 16.755919218063354,
        "P100": 16.79903554916382
    },
    "decode_token_time_dict": {
        "P25": 31.809602196761002,
        "P50": 38.197866574985774,
        "P75": 47.33382059833196,
        "P90": 125.15071808822512,
        "P95": 138.79479573467586,
        "P99": 153.40852361964428,
        "P100": 219.0108836536676
    }
}