{
    "backend": "triton",
    "clients": 15,
    "request_num": 500,
    "Total QPS": 1.3380849495003975,
    "Avg Input Length": 8250.884,
    "Avg Output Length": 127.44,
    "Total Throughput": 11211.658574009687,
    "Input Throughput": 11040.383700473636,
    "Output Throughput": 11040.383700473636,
    "request_time": {
        "P25": 10.548960447311401,
        "P50": 11.136337757110596,
        "P75": 12.15589165687561,
        "P90": 12.81877851486206,
        "P95": 13.098472356796265,
        "P99": 13.535064935684204,
        "P100": 13.559788227081299
    },
    "first_token_time_dict": {
        "P25": 6.079766511917114,
        "P50": 7.35543966293335,
        "P75": 8.17536449432373,
        "P90": 9.667490720748901,
        "P95": 10.200615882873535,
        "P99": 10.330546617507935,
        "P100": 10.341327905654907
    },
    "decode_token_time_dict": {
        "P25": 21.85250642731434,
        "P50": 27.544567904134436,
        "P75": 41.02628813015195,
        "P90": 80.36650447394904,
        "P95": 86.4605490616926,
        "P99": 95.12975835424709,
        "P100": 119.67495707578438
    }
}