{
    "backend": "triton",
    "clients": 10,
    "request_num": 500,
    "Total QPS": 2.230967712276508,
    "Avg Input Length": 4125.696,
    "Avg Output Length": 127.718,
    "Total Throughput": 9489.858433839734,
    "Input Throughput": 9204.29456666834,
    "Output Throughput": 9204.29456666834,
    "request_time": {
        "P25": 4.194722652435303,
        "P50": 4.415219306945801,
        "P75": 4.74601149559021,
        "P90": 4.962024927139282,
        "P95": 5.110675573348999,
        "P99": 5.4050092697143555,
        "P100": 5.411861419677734
    },
    "first_token_time_dict": {
        "P25": 2.1592907905578613,
        "P50": 2.471107006072998,
        "P75": 2.752322196960449,
        "P90": 2.997847557067871,
        "P95": 3.1399972438812256,
        "P99": 3.4029221534729004,
        "P100": 3.4125945568084717
    },
    "decode_token_time_dict": {
        "P25": 14.8482641835851,
        "P50": 15.156509369377076,
        "P75": 16.17717742919922,
        "P90": 30.026403937752793,
        "P95": 34.04827756205882,
        "P99": 37.24915211594949,
        "P100": 110.6882853941484
    }
}