{
    "backend": "triton",
    "clients": 100,
    "request_num": 500,
    "Total QPS": 3.080656447563946,
    "Avg Input Length": 4125.696,
    "Avg Output Length": 127.586,
    "Total Throughput": 13104.176008376968,
    "Input Throughput": 12709.851983088784,
    "Output Throughput": 12709.851983088784,
    "request_time": {
        "P25": 27.70234727859497,
        "P50": 30.494473695755005,
        "P75": 35.75029182434082,
        "P90": 43.67939853668213,
        "P95": 43.95055413246155,
        "P99": 44.037617921829224,
        "P100": 52.40546751022339
    },
    "first_token_time_dict": {
        "P25": 16.976877450942993,
        "P50": 17.4756338596344,
        "P75": 21.795539379119873,
        "P90": 30.58835482597351,
        "P95": 30.73850107192993,
        "P99": 30.772451877593994,
        "P100": 39.66107630729675
    },
    "decode_token_time_dict": {
        "P25": 94.90210615743803,
        "P50": 102.04310492267759,
        "P75": 109.2746201462633,
        "P90": 117.01321038674182,
        "P95": 118.16337352662575,
        "P99": 166.7089725103904,
        "P100": 171.15577938049796
    }
}