{
    "backend": "triton",
    "clients": 15,
    "request_num": 500,
    "Total QPS": 0.6193219431453831,
    "Avg Input Length": 16469.37,
    "Avg Output Length": 127.504,
    "Total Throughput": 10279.115439502888,
    "Input Throughput": 10199.84223078028,
    "Output Throughput": 10199.84223078028,
    "request_time": {
        "P25": 21.91125798225403,
        "P50": 24.356479167938232,
        "P75": 26.193464517593384,
        "P90": 28.640128135681152,
        "P95": 29.16589617729187,
        "P99": 30.727744340896606,
        "P100": 31.893319606781006
    },
    "first_token_time_dict": {
        "P25": 13.612370491027832,
        "P50": 18.040035247802734,
        "P75": 20.46689772605896,
        "P90": 22.42144799232483,
        "P95": 23.12224316596985,
        "P99": 24.014994859695435,
        "P100": 24.422727823257446
    },
    "decode_token_time_dict": {
        "P25": 32.437407125638224,
        "P50": 42.45841972471222,
        "P75": 69.33642372371644,
        "P90": 124.00984013174462,
        "P95": 170.6699311263918,
        "P99": 198.059575764213,
        "P100": 224.40337383840966
    }
}