{
    "backend": "triton",
    "clients": 25,
    "request_num": 500,
    "Total QPS": 0.6265554326856638,
    "Avg Input Length": 16469.37,
    "Avg Output Length": 127.522,
    "Total Throughput": 10399.172341794056,
    "Input Throughput": 10318.97324641029,
    "Output Throughput": 10318.97324641029,
    "request_time": {
        "P25": 34.84596657752991,
        "P50": 38.666707038879395,
        "P75": 44.9888482093811,
        "P90": 48.257993936538696,
        "P95": 49.64839839935303,
        "P99": 57.04657697677612,
        "P100": 62.89955163002014
    },
    "first_token_time_dict": {
        "P25": 16.725159406661987,
        "P50": 20.39796280860901,
        "P75": 26.972295999526978,
        "P90": 28.088679552078247,
        "P95": 28.65040135383606,
        "P99": 38.35834264755249,
        "P100": 48.63581323623657
    },
    "decode_token_time_dict": {
        "P25": 136.34340406402828,
        "P50": 149.5438279129389,
        "P75": 165.96042640565886,
        "P90": 176.7910296522726,
        "P95": 194.75471316360114,
        "P99": 208.64296710397315,
        "P100": 537.5474294026693
    }
}