{
    "backend": "triton",
    "clients": 25,
    "request_num": 500,
    "Total QPS": 2.7679997241545684,
    "Avg Input Length": 4125.696,
    "Avg Output Length": 127.606,
    "Total Throughput": 11774.229354637391,
    "Input Throughput": 11419.925389945607,
    "Output Throughput": 11419.925389945607,
    "request_time": {
        "P25": 8.299350261688232,
        "P50": 9.126370668411255,
        "P75": 9.529333591461182,
        "P90": 9.894483804702759,
        "P95": 10.019362688064575,
        "P99": 10.566033601760864,
        "P100": 10.584227561950684
    },
    "first_token_time_dict": {
        "P25": 5.353472948074341,
        "P50": 6.099301099777222,
        "P75": 6.545366525650024,
        "P90": 7.183354377746582,
        "P95": 7.3056745529174805,
        "P99": 7.797052621841431,
        "P100": 7.807462930679321
    },
    "decode_token_time_dict": {
        "P25": 21.13192287955697,
        "P50": 22.32985984622024,
        "P75": 24.73244141405962,
        "P90": 26.353051343302088,
        "P95": 67.80243858577698,
        "P99": 73.34571185074454,
        "P100": 80.7819685598058
    }
}