{
    "backend": "triton",
    "clients": 100,
    "request_num": 500,
    "Total QPS": 0.6272011581822168,
    "Avg Input Length": 16469.37,
    "Avg Output Length": 127.544,
    "Total Throughput": 10409.889686778779,
    "Input Throughput": 10329.607938531457,
    "Output Throughput": 10329.607938531457,
    "request_time": {
        "P25": 137.5865499973297,
        "P50": 163.34010815620422,
        "P75": 164.9197735786438,
        "P90": 166.57925367355347,
        "P95": 168.44973015785217,
        "P99": 191.86192440986633,
        "P100": 192.93263602256775
    },
    "first_token_time_dict": {
        "P25": 133.22649097442627,
        "P50": 158.59755182266235,
        "P75": 160.4185037612915,
        "P90": 161.51222276687622,
        "P95": 162.60246419906616,
        "P99": 187.68978476524353,
        "P100": 188.50150895118713
    },
    "decode_token_time_dict": {
        "P25": 32.455157107255594,
        "P50": 34.87818635354831,
        "P75": 40.405393585445374,
        "P90": 44.2512842613881,
        "P95": 46.560090357863054,
        "P99": 52.07856996791569,
        "P100": 217.8365902637872
    }
}