{
    "backend": "triton",
    "clients": 5,
    "request_num": 500,
    "Total QPS": 1.6611936955245588,
    "Avg Input Length": 4125.696,
    "Avg Output Length": 127.532,
    "Total Throughput": 7066.212977878034,
    "Input Throughput": 6853.58018485089,
    "Output Throughput": 6853.58018485089,
    "request_time": {
        "P25": 2.808359384536743,
        "P50": 3.008516311645508,
        "P75": 3.226534605026245,
        "P90": 3.3733909130096436,
        "P95": 3.4842469692230225,
        "P99": 3.619828939437866,
        "P100": 3.6310482025146484
    },
    "first_token_time_dict": {
        "P25": 0.3016848564147949,
        "P50": 0.6664588451385498,
        "P75": 1.1542706489562988,
        "P90": 1.5017528533935547,
        "P95": 1.628523349761963,
        "P99": 1.8434257507324219,
        "P100": 1.8587596416473389
    },
    "decode_token_time_dict": {
        "P25": 13.694346420408234,
        "P50": 17.571417365487168,
        "P75": 21.085427502008873,
        "P90": 22.88605284503126,
        "P95": 23.637775361068606,
        "P99": 25.017612562404842,
        "P100": 26.284043244489535
    }
}