{
    "backend": "triton",
    "clients": 5,
    "request_num": 500,
    "Total QPS": 1.0466153190056795,
    "Avg Input Length": 8250.884,
    "Avg Output Length": 127.682,
    "Total Throughput": 8769.468350571584,
    "Input Throughput": 8635.501589738857,
    "Output Throughput": 8635.501589738857,
    "request_time": {
        "P25": 4.31995701789856,
        "P50": 4.7698655128479,
        "P75": 5.220020771026611,
        "P90": 5.607614517211914,
        "P95": 5.859786510467529,
        "P99": 6.258161306381226,
        "P100": 6.30013370513916
    },
    "first_token_time_dict": {
        "P25": 0.5782203674316406,
        "P50": 0.9941961765289307,
        "P75": 2.125878095626831,
        "P90": 2.7798709869384766,
        "P95": 3.1787638664245605,
        "P99": 3.6501450538635254,
        "P100": 4.131821155548096
    },
    "decode_token_time_dict": {
        "P25": 19.627691253902405,
        "P50": 27.781717420562984,
        "P75": 33.298070036520166,
        "P90": 36.65995222377026,
        "P95": 38.80574384073573,
        "P99": 41.63265603733814,
        "P100": 46.07766819751169
    }
}