{
    "backend": "triton",
    "clients": 25,
    "request_num": 500,
    "Total QPS": 7.255597967954294,
    "Avg Input Length": 1031.778,
    "Avg Output Length": 127.922,
    "Total Throughput": 8414.882900078095,
    "Input Throughput": 7486.166360179946,
    "Output Throughput": 7486.166360179946,
    "request_time": {
        "P25": 3.282400369644165,
        "P50": 3.4720423221588135,
        "P75": 3.559562921524048,
        "P90": 3.640648603439331,
        "P95": 3.659024477005005,
        "P99": 3.76007342338562,
        "P100": 3.765073537826538
    },
    "first_token_time_dict": {
        "P25": 1.1828067302703857,
        "P50": 1.3954899311065674,
        "P75": 1.4449079036712646,
        "P90": 1.5432264804840088,
        "P95": 1.5542516708374023,
        "P99": 1.6114563941955566,
        "P100": 1.6989505290985107
    },
    "decode_token_time_dict": {
        "P25": 15.924637711892919,
        "P50": 16.254622166551005,
        "P75": 16.99213906535952,
        "P90": 25.0391678547296,
        "P95": 26.34900949132724,
        "P99": 27.398238970538763,
        "P100": 28.941302787600538
    }
}