{
    "backend": "triton",
    "clients": 50,
    "request_num": 500,
    "Total QPS": 9.287028074980377,
    "Avg Input Length": 1031.778,
    "Avg Output Length": 127.922,
    "Total Throughput": 10770.89084674459,
    "Input Throughput": 9582.151253147103,
    "Output Throughput": 9582.151253147103,
    "request_time": {
        "P25": 5.252510070800781,
        "P50": 5.350178956985474,
        "P75": 5.537765264511108,
        "P90": 5.586640119552612,
        "P95": 5.6173012256622314,
        "P99": 5.65294337272644,
        "P100": 5.6684300899505615
    },
    "first_token_time_dict": {
        "P25": 2.7383720874786377,
        "P50": 2.8256125450134277,
        "P75": 2.9896466732025146,
        "P90": 3.0720245838165283,
        "P95": 3.087362766265869,
        "P99": 3.1134777069091797,
        "P100": 3.1225671768188477
    },
    "decode_token_time_dict": {
        "P25": 19.30503206928884,
        "P50": 19.752575656560463,
        "P75": 19.917750921775035,
        "P90": 38.98614034877988,
        "P95": 40.23749997296671,
        "P99": 41.725474079762854,
        "P100": 43.61466723164235
    }
}