{
    "backend": "triton",
    "clients": 100,
    "request_num": 500,
    "Total QPS": 11.112027184926125,
    "Avg Input Length": 1031.778,
    "Avg Output Length": 127.922,
    "Total Throughput": 12887.484664479252,
    "Input Throughput": 11465.145184808707,
    "Output Throughput": 11465.145184808707,
    "request_time": {
        "P25": 8.794382333755493,
        "P50": 9.030949592590332,
        "P75": 9.100417375564575,
        "P90": 9.135982751846313,
        "P95": 9.158348560333252,
        "P99": 9.186757802963257,
        "P100": 9.241817235946655
    },
    "first_token_time_dict": {
        "P25": 5.5118653774261475,
        "P50": 5.740768671035767,
        "P75": 5.888308048248291,
        "P90": 5.926022291183472,
        "P95": 5.939530372619629,
        "P99": 5.964850902557373,
        "P100": 5.975362777709961
    },
    "decode_token_time_dict": {
        "P25": 24.764389503659228,
        "P50": 25.137339989970048,
        "P75": 25.41879218394362,
        "P90": 59.89856607332005,
        "P95": 63.86984239413043,
        "P99": 69.39430499640036,
        "P100": 71.19411370885653
    }
}