{
    "backend": "triton",
    "clients": 50,
    "request_num": 500,
    "Total QPS": 3.008928724013695,
    "Avg Input Length": 4125.696,
    "Avg Output Length": 127.764,
    "Total Throughput": 12799.068077622158,
    "Input Throughput": 12413.925200948404,
    "Output Throughput": 12413.925200948404,
    "request_time": {
        "P25": 16.119779586791992,
        "P50": 16.48264980316162,
        "P75": 17.317306518554688,
        "P90": 17.42757821083069,
        "P95": 17.60607361793518,
        "P99": 17.655282258987427,
        "P100": 17.68236780166626
    },
    "first_token_time_dict": {
        "P25": 12.403831005096436,
        "P50": 12.549354314804077,
        "P75": 13.339128494262695,
        "P90": 13.551162004470825,
        "P95": 13.755621910095215,
        "P99": 13.790205955505371,
        "P100": 13.798930644989014
    },
    "decode_token_time_dict": {
        "P25": 29.31799287871113,
        "P50": 30.274040117038517,
        "P75": 31.355384766586184,
        "P90": 31.754069440946804,
        "P95": 31.9520657456766,
        "P99": 128.94840127839817,
        "P100": 141.47449376290305
    }
}