{
    "backend": "triton",
    "clients": 15,
    "request_num": 500,
    "Total QPS": 2.506479080595833,
    "Avg Input Length": 4125.696,
    "Avg Output Length": 127.704,
    "Total Throughput": 10661.800039214173,
    "Input Throughput": 10340.970716897906,
    "Output Throughput": 10340.970716897906,
    "request_time": {
        "P25": 5.680661678314209,
        "P50": 5.983760833740234,
        "P75": 6.2756123542785645,
        "P90": 6.753830194473267,
        "P95": 6.885499715805054,
        "P99": 6.927200078964233,
        "P100": 6.9412713050842285
    },
    "first_token_time_dict": {
        "P25": 3.173870801925659,
        "P50": 3.3750979900360107,
        "P75": 3.673457384109497,
        "P90": 4.402199745178223,
        "P95": 4.578369855880737,
        "P99": 4.611102104187012,
        "P100": 4.616755485534668
    },
    "decode_token_time_dict": {
        "P25": 17.00399241109533,
        "P50": 19.318237079410103,
        "P75": 21.21122803275041,
        "P90": 42.29607732277217,
        "P95": 44.88494077066737,
        "P99": 49.21428612836703,
        "P100": 51.57895163288267
    }
}