{
    "backend": "triton",
    "clients": 5,
    "request_num": 500,
    "Total QPS": 2.723594866780461,
    "Avg Input Length": 1031.778,
    "Avg Output Length": 127.922,
    "Total Throughput": 3158.7654074049096,
    "Input Throughput": 2810.1452644570104,
    "Output Throughput": 2810.1452644570104,
    "request_time": {
        "P25": 1.7889115810394287,
        "P50": 1.8345212936401367,
        "P75": 1.8806726932525635,
        "P90": 1.9152042865753174,
        "P95": 1.9323554039001465,
        "P99": 1.9677622318267822,
        "P100": 2.0070090293884277
    },
    "first_token_time_dict": {
        "P25": 0.09573245048522949,
        "P50": 0.2574276924133301,
        "P75": 0.310009241104126,
        "P90": 0.3628232479095459,
        "P95": 0.39151859283447266,
        "P99": 0.4212515354156494,
        "P100": 0.4609565734863281
    },
    "decode_token_time_dict": {
        "P25": 11.971402356005092,
        "P50": 12.30877027736874,
        "P75": 13.322770126222625,
        "P90": 14.0182540172667,
        "P95": 14.25073653694213,
        "P99": 14.675316848154143,
        "P100": 14.760967314712644
    }
}