{
    "backend": "triton",
    "clients": 25,
    "request_num": 499,
    "Total QPS": 0.3155741758007239,
    "Avg Input Length": 16469.37,
    "Avg Output Length": 127.66733466933867,
    "Total Throughput": 5248.197753717095,
    "Input Throughput": 5207.723310327823,
    "Output Throughput": 5207.723310327823,
    "request_time": {
        "P25": 69.87349438667297,
        "P50": 78.48326754570007,
        "P75": 86.5835440158844,
        "P90": 93.77912068367004,
        "P95": 98.8919050693512,
        "P99": 104.0421814918518,
        "P100": 105.74559020996094
    },
    "first_token_time_dict": {
        "P25": 52.16620230674744,
        "P50": 56.1538610458374,
        "P75": 65.29879307746887,
        "P90": 69.82898831367493,
        "P95": 79.17952585220337,
        "P99": 90.9175193309784,
        "P100": 91.67591834068298
    },
    "decode_token_time_dict": {
        "P25": 129.8350968698817,
        "P50": 172.54122223441055,
        "P75": 201.2754462835357,
        "P90": 212.43465791537068,
        "P95": 226.43228403226598,
        "P99": 250.15645327530507,
        "P100": 286.1217532570907
    }
}