{
    "backend": "triton",
    "clients": 15,
    "request_num": 496,
    "Total QPS": 0.6998655290856701,
    "Avg Input Length": 8250.884,
    "Avg Output Length": 127.94556451612904,
    "Total Throughput": 5911.383148999452,
    "Input Throughput": 5821.07791944001,
    "Output Throughput": 5821.07791944001,
    "request_time": {
        "P25": 19.381622552871704,
        "P50": 21.235705852508545,
        "P75": 23.25075936317444,
        "P90": 24.057093143463135,
        "P95": 25.067673206329346,
        "P99": 26.501624822616577,
        "P100": 26.52641534805298
    },
    "first_token_time_dict": {
        "P25": 12.82818055152893,
        "P50": 15.01412296295166,
        "P75": 16.098129749298096,
        "P90": 19.268491983413696,
        "P95": 20.07968544960022,
        "P99": 20.474086046218872,
        "P100": 20.48117733001709
    },
    "decode_token_time_dict": {
        "P25": 40.77766260762853,
        "P50": 45.64484648817167,
        "P75": 58.42444652647484,
        "P90": 144.30019235986424,
        "P95": 163.72552068214716,
        "P99": 177.3877857238289,
        "P100": 188.66826230146754
    }
}