{
    "backend": "triton",
    "clients": 50,
    "request_num": 499,
    "Total QPS": 0.3156175111342299,
    "Avg Input Length": 16469.37,
    "Avg Output Length": 127.60921843687375,
    "Total Throughput": 5248.918447669272,
    "Input Throughput": 5208.4384462412345,
    "Output Throughput": 5208.4384462412345,
    "request_time": {
        "P25": 145.07624697685242,
        "P50": 160.71635031700134,
        "P75": 170.06661939620972,
        "P90": 174.10448718070984,
        "P95": 176.15369081497192,
        "P99": 182.25956416130066,
        "P100": 192.97515153884888
    },
    "first_token_time_dict": {
        "P25": 130.27347350120544,
        "P50": 136.33628940582275,
        "P75": 157.32719469070435,
        "P90": 160.90706133842468,
        "P95": 162.24681997299194,
        "P99": 168.15572714805603,
        "P100": 173.29910922050476
    },
    "decode_token_time_dict": {
        "P25": 92.15249039056734,
        "P50": 104.55694536524494,
        "P75": 180.61117863091897,
        "P90": 227.2403427935022,
        "P95": 236.15928522245153,
        "P99": 251.36272926030196,
        "P100": 846.27965092659
    }
}