{
    "backend": "triton",
    "clients": 25,
    "request_num": 498,
    "Total QPS": 4.026458684581971,
    "Avg Input Length": 1031.778,
    "Avg Output Length": 126.63654618473896,
    "Total Throughput": 4688.552409926817,
    "Input Throughput": 4171.095872149214,
    "Output Throughput": 4171.095872149214,
    "request_time": {
        "P25": 5.977651596069336,
        "P50": 6.270143270492554,
        "P75": 6.476956367492676,
        "P90": 6.5861663818359375,
        "P95": 6.6404783725738525,
        "P99": 6.7572853565216064,
        "P100": 6.7644994258880615
    },
    "first_token_time_dict": {
        "P25": 2.1071574687957764,
        "P50": 2.419358968734741,
        "P75": 2.677781343460083,
        "P90": 3.1822397708892822,
        "P95": 3.2215161323547363,
        "P99": 3.272709846496582,
        "P100": 3.282607078552246
    },
    "decode_token_time_dict": {
        "P25": 27.02108706076314,
        "P50": 28.73037931487316,
        "P75": 33.32795683793196,
        "P90": 47.43162665780135,
        "P95": 48.56068693746732,
        "P99": 50.578470305195005,
        "P100": 55.31451178760064
    }
}