{
    "backend": "triton",
    "clients": 100,
    "request_num": 496,
    "Total QPS": 0.7280122272122417,
    "Avg Input Length": 8250.884,
    "Avg Output Length": 127.875,
    "Total Throughput": 6149.122986283282,
    "Input Throughput": 6055.185924707509,
    "Output Throughput": 6055.185924707509,
    "request_time": {
        "P25": 120.34056258201599,
        "P50": 133.4958734512329,
        "P75": 146.30034732818604,
        "P90": 149.9423463344574,
        "P95": 150.51630115509033,
        "P99": 151.03193712234497,
        "P100": 166.52760887145996
    },
    "first_token_time_dict": {
        "P25": 108.76125907897949,
        "P50": 115.23335361480713,
        "P75": 125.60334730148315,
        "P90": 136.9876208305359,
        "P95": 138.8815562725067,
        "P99": 140.1977984905243,
        "P100": 145.3251974582672
    },
    "decode_token_time_dict": {
        "P25": 83.44209851242427,
        "P50": 124.96856817110317,
        "P75": 169.29580846170742,
        "P90": 187.90746110630786,
        "P95": 198.5832011605811,
        "P99": 216.20061266140675,
        "P100": 229.81589610182394
    }
}