{
    "backend": "triton",
    "clients": 10,
    "request_num": 499,
    "Total QPS": 1.1980153042639674,
    "Avg Input Length": 4125.696,
    "Avg Output Length": 127.55911823647294,
    "Total Throughput": 5106.205318323067,
    "Input Throughput": 4952.552052846326,
    "Output Throughput": 4952.552052846326,
    "request_time": {
        "P25": 7.788771152496338,
        "P50": 8.26218056678772,
        "P75": 8.850739002227783,
        "P90": 9.372551441192627,
        "P95": 9.57555627822876,
        "P99": 10.015170574188232,
        "P100": 10.022769212722778
    },
    "first_token_time_dict": {
        "P25": 3.6248669624328613,
        "P50": 4.327362775802612,
        "P75": 5.340707063674927,
        "P90": 5.90470290184021,
        "P95": 6.032296419143677,
        "P99": 6.561384439468384,
        "P100": 6.5643393993377686
    },
    "decode_token_time_dict": {
        "P25": 25.908089059544363,
        "P50": 26.70377445971872,
        "P75": 35.15530571224183,
        "P90": 59.284065652081345,
        "P95": 63.48019134341262,
        "P99": 69.60885731254037,
        "P100": 74.08674870889017
    }
}