{
    "backend": "triton",
    "clients": 100,
    "request_num": 498,
    "Total QPS": 6.151647344050246,
    "Avg Input Length": 1031.778,
    "Avg Output Length": 127.09036144578313,
    "Total Throughput": 7163.198045570187,
    "Input Throughput": 6372.624892921159,
    "Output Throughput": 6372.624892921159,
    "request_time": {
        "P25": 15.852473020553589,
        "P50": 16.377553701400757,
        "P75": 16.49895477294922,
        "P90": 16.658552646636963,
        "P95": 16.696345329284668,
        "P99": 16.748486757278442,
        "P100": 16.77483081817627
    },
    "first_token_time_dict": {
        "P25": 10.589630603790283,
        "P50": 11.020625591278076,
        "P75": 11.476735353469849,
        "P90": 11.558613538742065,
        "P95": 11.581611394882202,
        "P99": 11.602172613143921,
        "P100": 11.624298572540283
    },
    "decode_token_time_dict": {
        "P25": 38.299553037628414,
        "P50": 40.38930314732349,
        "P75": 42.62386907742718,
        "P90": 111.75256263552689,
        "P95": 121.46459789726678,
        "P99": 127.87795817758155,
        "P100": 129.0030742254783
    }
}