{
    "backend": "triton",
    "clients": 10,
    "request_num": 496,
    "Total QPS": 0.6605186613571105,
    "Avg Input Length": 8250.884,
    "Avg Output Length": 127.60483870967742,
    "Total Throughput": 5579.041575954145,
    "Input Throughput": 5493.813361585485,
    "Output Throughput": 5493.813361585485,
    "request_time": {
        "P25": 14.019829750061035,
        "P50": 15.035151243209839,
        "P75": 16.328806400299072,
        "P90": 17.550694465637207,
        "P95": 17.87463092803955,
        "P99": 19.461545705795288,
        "P100": 19.482349634170532
    },
    "first_token_time_dict": {
        "P25": 1.291689395904541,
        "P50": 5.557855606079102,
        "P75": 8.256234169006348,
        "P90": 11.142127752304077,
        "P95": 12.264172315597534,
        "P99": 13.61142897605896,
        "P100": 13.632740497589111
    },
    "decode_token_time_dict": {
        "P25": 49.74682312312088,
        "P50": 73.0351087615246,
        "P75": 105.23539828503226,
        "P90": 116.54033811073604,
        "P95": 122.40041334798018,
        "P99": 130.5452669699361,
        "P100": 143.134413741705
    }
}