{
    "backend": "triton",
    "clients": 10,
    "request_num": 499,
    "Total QPS": 0.3128377142977509,
    "Avg Input Length": 16469.37,
    "Avg Output Length": 127.72545090180361,
    "Total Throughput": 5202.688671497057,
    "Input Throughput": 5162.565197118187,
    "Output Throughput": 5162.565197118187,
    "request_time": {
        "P25": 28.544355869293213,
        "P50": 32.064653158187866,
        "P75": 35.44209146499634,
        "P90": 37.22793889045715,
        "P95": 38.508177757263184,
        "P99": 54.751144886016846,
        "P100": 66.23330736160278
    },
    "first_token_time_dict": {
        "P25": 16.909278631210327,
        "P50": 22.757816553115845,
        "P75": 25.996761083602905,
        "P90": 27.73362898826599,
        "P95": 28.260051250457764,
        "P99": 30.693129062652588,
        "P100": 38.57693696022034
    },
    "decode_token_time_dict": {
        "P25": 39.12228298938181,
        "P50": 76.21771331847184,
        "P75": 108.4062264660212,
        "P90": 213.38269466490257,
        "P95": 239.16061281219243,
        "P99": 263.5381503367987,
        "P100": 2689.205139875412
    }
}