{
    "backend": "triton",
    "clients": 15,
    "request_num": 498,
    "Total QPS": 3.152975827207472,
    "Avg Input Length": 1031.778,
    "Avg Output Length": 126.73092369477912,
    "Total Throughput": 3671.4377499267343,
    "Input Throughput": 3266.236037193244,
    "Output Throughput": 3266.236037193244,
    "request_time": {
        "P25": 4.631737470626831,
        "P50": 4.78201150894165,
        "P75": 4.941566228866577,
        "P90": 4.978660821914673,
        "P95": 5.018907785415649,
        "P99": 5.059603691101074,
        "P100": 5.085793495178223
    },
    "first_token_time_dict": {
        "P25": 0.16996216773986816,
        "P50": 0.8559556007385254,
        "P75": 1.3069274425506592,
        "P90": 1.5595405101776123,
        "P95": 1.738992691040039,
        "P99": 1.838322401046753,
        "P100": 1.8432676792144775
    },
    "decode_token_time_dict": {
        "P25": 26.8252703148549,
        "P50": 30.234218582393616,
        "P75": 35.90649882639487,
        "P90": 37.32145677401325,
        "P95": 37.77762097636546,
        "P99": 38.280943247276966,
        "P100": 44.02596849790761
    }
}