{
    "backend": "triton",
    "clients": 100,
    "request_num": 499,
    "Total QPS": 0.3157570043911132,
    "Avg Input Length": 16469.37,
    "Avg Output Length": 127.60921843687375,
    "Total Throughput": 5251.238308588107,
    "Input Throughput": 5210.740416241351,
    "Output Throughput": 5210.740416241351,
    "request_time": {
        "P25": 300.47909784317017,
        "P50": 316.67960357666016,
        "P75": 327.8521177768707,
        "P90": 340.491574048996,
        "P95": 345.56737756729126,
        "P99": 348.5730640888214,
        "P100": 361.6680357456207
    },
    "first_token_time_dict": {
        "P25": 278.5565664768219,
        "P50": 292.5783987045288,
        "P75": 304.2300064563751,
        "P90": 315.7781255245209,
        "P95": 323.6841106414795,
        "P99": 327.9430613517761,
        "P100": 337.028990983963
    },
    "decode_token_time_dict": {
        "P25": 158.23811621177853,
        "P50": 186.57359551257036,
        "P75": 206.09419176897663,
        "P90": 219.87071750670907,
        "P95": 237.53388096967083,
        "P99": 249.60375019884484,
        "P100": 1084.7939550876617
    }
}