{
    "backend": "triton",
    "clients": 15,
    "request_num": 499,
    "Total QPS": 1.3362806768814839,
    "Avg Input Length": 4125.696,
    "Avg Output Length": 127.52905811623246,
    "Total Throughput": 5695.52281575958,
    "Input Throughput": 5524.136115718668,
    "Output Throughput": 5524.136115718668,
    "request_time": {
        "P25": 10.641705751419067,
        "P50": 11.052755117416382,
        "P75": 11.84814453125,
        "P90": 12.610956907272339,
        "P95": 12.660252094268799,
        "P99": 12.832784414291382,
        "P100": 12.841161966323853
    },
    "first_token_time_dict": {
        "P25": 6.336071729660034,
        "P50": 6.803722381591797,
        "P75": 7.477817058563232,
        "P90": 8.85737657546997,
        "P95": 8.917858600616455,
        "P99": 9.06770372390747,
        "P100": 9.075350999832153
    },
    "decode_token_time_dict": {
        "P25": 28.680720667200763,
        "P50": 31.26967985798994,
        "P75": 34.49930919436958,
        "P90": 72.93944659195547,
        "P95": 83.54924044271154,
        "P99": 92.47096504752092,
        "P100": 748.7248420715332
    }
}