{
    "backend": "triton",
    "clients": 25,
    "request_num": 499,
    "Total QPS": 1.477330907681534,
    "Avg Input Length": 4125.696,
    "Avg Output Length": 127.57314629258516,
    "Total Throughput": 6296.709992666643,
    "Input Throughput": 6107.232681861798,
    "Output Throughput": 6107.232681861798,
    "request_time": {
        "P25": 15.354300022125244,
        "P50": 17.14058494567871,
        "P75": 17.86710500717163,
        "P90": 18.520368814468384,
        "P95": 18.802969694137573,
        "P99": 19.826040744781494,
        "P100": 19.836742401123047
    },
    "first_token_time_dict": {
        "P25": 10.584864616394043,
        "P50": 11.995304584503174,
        "P75": 13.006843328475952,
        "P90": 14.03731632232666,
        "P95": 14.302873849868774,
        "P99": 15.244814157485962,
        "P100": 15.256447553634644
    },
    "decode_token_time_dict": {
        "P25": 33.16216956912063,
        "P50": 35.13540433147761,
        "P75": 39.692030178280326,
        "P90": 49.26709115035891,
        "P95": 119.09212277630182,
        "P99": 137.56330182233197,
        "P100": 151.51621413043165
    }
}