{
    "backend": "triton",
    "clients": 5,
    "request_num": 499,
    "Total QPS": 0.9091606846644638,
    "Avg Input Length": 4125.696,
    "Avg Output Length": 127.5811623246493,
    "Total Throughput": 3875.043254222937,
    "Input Throughput": 3758.4374750274947,
    "Output Throughput": 3758.4374750274947,
    "request_time": {
        "P25": 5.1247475147247314,
        "P50": 5.502279043197632,
        "P75": 5.876856803894043,
        "P90": 6.178524732589722,
        "P95": 6.311971426010132,
        "P99": 6.59015679359436,
        "P100": 6.66048526763916
    },
    "first_token_time_dict": {
        "P25": 0.8864681720733643,
        "P50": 2.1118197441101074,
        "P75": 2.594017505645752,
        "P90": 2.9412152767181396,
        "P95": 3.1577494144439697,
        "P99": 3.515388250350952,
        "P100": 3.5965259075164795
    },
    "decode_token_time_dict": {
        "P25": 23.26664023511992,
        "P50": 24.14653808113158,
        "P75": 32.91671294865646,
        "P90": 39.6615801833746,
        "P95": 42.07471787460207,
        "P99": 45.30340480053518,
        "P100": 267.8478240966797
    }
}