{
    "backend": "triton",
    "clients": 25,
    "request_num": 496,
    "Total QPS": 0.7312265573631445,
    "Avg Input Length": 8250.884,
    "Avg Output Length": 127.72983870967742,
    "Total Throughput": 6176.272683331787,
    "Input Throughput": 6081.920869478478,
    "Output Throughput": 6081.920869478478,
    "request_time": {
        "P25": 31.423946619033813,
        "P50": 33.43723392486572,
        "P75": 35.43576264381409,
        "P90": 40.14245939254761,
        "P95": 43.98234415054321,
        "P99": 59.93894839286804,
        "P100": 60.892462968826294
    },
    "first_token_time_dict": {
        "P25": 7.273282289505005,
        "P50": 10.106691360473633,
        "P75": 16.00210213661194,
        "P90": 21.87901782989502,
        "P95": 23.694443941116333,
        "P99": 35.92753505706787,
        "P100": 39.17836785316467
    },
    "decode_token_time_dict": {
        "P25": 157.29774828032245,
        "P50": 194.8619958922619,
        "P75": 206.97433366550237,
        "P90": 212.88179600332666,
        "P95": 219.43851531021238,
        "P99": 230.40142960435762,
        "P100": 802.0017544428507
    }
}