{
    "backend": "triton",
    "clients": 10,
    "request_num": 498,
    "Total QPS": 2.46986701391846,
    "Avg Input Length": 1031.778,
    "Avg Output Length": 126.76305220883535,
    "Total Throughput": 2876.0014313938996,
    "Input Throughput": 2558.5888030991578,
    "Output Throughput": 2558.5888030991578,
    "request_time": {
        "P25": 3.927933931350708,
        "P50": 4.0574257373809814,
        "P75": 4.167714595794678,
        "P90": 4.2560811042785645,
        "P95": 4.292552471160889,
        "P99": 4.339051246643066,
        "P100": 4.3912200927734375
    },
    "first_token_time_dict": {
        "P25": 0.1672377586364746,
        "P50": 0.3596341609954834,
        "P75": 0.8809969425201416,
        "P90": 1.1493079662322998,
        "P95": 1.2780554294586182,
        "P99": 1.3245997428894043,
        "P100": 1.3275744915008545
    },
    "decode_token_time_dict": {
        "P25": 25.153790871928056,
        "P50": 28.575581828440267,
        "P75": 30.48118080679826,
        "P90": 31.399959654319943,
        "P95": 31.891417315625766,
        "P99": 32.77090215307521,
        "P100": 32.93570571058378
    }
}