{
    "backend": "triton",
    "clients": 5,
    "request_num": 499,
    "Total QPS": 0.28901522907754973,
    "Avg Input Length": 16469.37,
    "Avg Output Length": 127.61723446893788,
    "Total Throughput": 4806.505704042937,
    "Input Throughput": 4769.437618550026,
    "Output Throughput": 4769.437618550026,
    "request_time": {
        "P25": 14.944283485412598,
        "P50": 17.23420023918152,
        "P75": 19.341503858566284,
        "P90": 21.324580669403076,
        "P95": 23.602535009384155,
        "P99": 24.713214874267578,
        "P100": 25.081185817718506
    },
    "first_token_time_dict": {
        "P25": 2.877307653427124,
        "P50": 6.4117796421051025,
        "P75": 12.222973823547363,
        "P90": 15.255070209503174,
        "P95": 16.11808967590332,
        "P99": 18.015132188796997,
        "P100": 18.329413414001465
    },
    "decode_token_time_dict": {
        "P25": 45.84751917621282,
        "P50": 72.49703369741364,
        "P75": 106.17896891015721,
        "P90": 130.23457001513384,
        "P95": 138.92454612912155,
        "P99": 158.5855484008789,
        "P100": 173.48988412872075
    }
}