{
    "backend": "triton",
    "clients": 100,
    "request_num": 499,
    "Total QPS": 1.5893962210517103,
    "Avg Input Length": 4125.696,
    "Avg Output Length": 127.56312625250501,
    "Total Throughput": 6774.35706202683,
    "Input Throughput": 6570.506644897953,
    "Output Throughput": 6570.506644897953,
    "request_time": {
        "P25": 53.7660117149353,
        "P50": 54.43649888038635,
        "P75": 72.01226258277893,
        "P90": 80.62422704696655,
        "P95": 81.0882339477539,
        "P99": 82.16155672073364,
        "P100": 82.20357775688171
    },
    "first_token_time_dict": {
        "P25": 45.35297131538391,
        "P50": 46.259960651397705,
        "P75": 50.69439363479614,
        "P90": 72.18154811859131,
        "P95": 72.67454218864441,
        "P99": 72.83348727226257,
        "P100": 72.97233200073242
    },
    "decode_token_time_dict": {
        "P25": 61.706779510017455,
        "P50": 66.18127109497551,
        "P75": 75.2925290836124,
        "P90": 183.22395339725526,
        "P95": 189.03615718751442,
        "P99": 206.99547407195323,
        "P100": 360.61742305755615
    }
}