{
    "backend": "triton",
    "clients": 50,
    "request_num": 498,
    "Total QPS": 5.277232945270449,
    "Avg Input Length": 1031.778,
    "Avg Output Length": 126.71887550200803,
    "Total Throughput": 6144.998665461718,
    "Input Throughput": 5466.800054021339,
    "Output Throughput": 5466.800054021339,
    "request_time": {
        "P25": 9.30704116821289,
        "P50": 9.526664018630981,
        "P75": 9.705475568771362,
        "P90": 9.833107233047485,
        "P95": 10.09482455253601,
        "P99": 10.127531290054321,
        "P100": 10.139154434204102
    },
    "first_token_time_dict": {
        "P25": 4.419889688491821,
        "P50": 5.152331113815308,
        "P75": 5.61664080619812,
        "P90": 5.896503686904907,
        "P95": 5.932068586349487,
        "P99": 5.956415176391602,
        "P100": 5.9615044593811035
    },
    "decode_token_time_dict": {
        "P25": 31.19615307004433,
        "P50": 34.023607809712566,
        "P75": 39.23708810580997,
        "P90": 66.46083095880944,
        "P95": 73.51953964533769,
        "P99": 75.18751977935551,
        "P100": 78.50291597561574
    }
}