{
    "backend": "triton",
    "clients": 5,
    "request_num": 496,
    "Total QPS": 0.5618939608040823,
    "Avg Input Length": 8250.884,
    "Avg Output Length": 127.6491935483871,
    "Total Throughput": 4746.0124172156775,
    "Input Throughput": 4673.509970660312,
    "Output Throughput": 4673.509970660312,
    "request_time": {
        "P25": 7.942801475524902,
        "P50": 8.875267267227173,
        "P75": 9.734096050262451,
        "P90": 10.509934186935425,
        "P95": 10.98966908454895,
        "P99": 11.590634822845459,
        "P100": 11.780170202255249
    },
    "first_token_time_dict": {
        "P25": 1.0593845844268799,
        "P50": 1.6309962272644043,
        "P75": 3.5490005016326904,
        "P90": 4.792179822921753,
        "P95": 6.666935205459595,
        "P99": 7.889082908630371,
        "P100": 8.065339803695679
    },
    "decode_token_time_dict": {
        "P25": 40.974592599343126,
        "P50": 53.26674491401732,
        "P75": 62.42279555853896,
        "P90": 67.42384677796852,
        "P95": 71.4373156780333,
        "P99": 78.85058470598356,
        "P100": 86.49979238435039
    }
}