{
    "backend": "triton",
    "clients": 50,
    "request_num": 496,
    "Total QPS": 0.7292047521122365,
    "Avg Input Length": 8250.884,
    "Avg Output Length": 127.7741935483871,
    "Total Throughput": 6159.195594956839,
    "Input Throughput": 6065.104659200421,
    "Output Throughput": 6065.104659200421,
    "request_time": {
        "P25": 59.607776403427124,
        "P50": 69.68550372123718,
        "P75": 73.92241191864014,
        "P90": 78.6607551574707,
        "P95": 88.7422559261322,
        "P99": 90.34869599342346,
        "P100": 91.29104399681091
    },
    "first_token_time_dict": {
        "P25": 43.913442850112915,
        "P50": 49.706517934799194,
        "P75": 54.599037170410156,
        "P90": 59.347853899002075,
        "P95": 74.81513738632202,
        "P99": 78.69116878509521,
        "P100": 79.31433916091919
    },
    "decode_token_time_dict": {
        "P25": 101.9975876244973,
        "P50": 133.41249067952313,
        "P75": 160.15560045017034,
        "P90": 189.61075347239577,
        "P95": 207.1916193473996,
        "P99": 223.24823394535096,
        "P100": 276.8670320510864
    }
}