{
    "backend": "triton",
    "clients": 15,
    "request_num": 499,
    "Total QPS": 0.31586322764604996,
    "Avg Input Length": 16469.37,
    "Avg Output Length": 127.71743486973948,
    "Total Throughput": 5253.004868372465,
    "Input Throughput": 5212.493352201429,
    "Output Throughput": 5212.493352201429,
    "request_time": {
        "P25": 41.626256465911865,
        "P50": 47.732733488082886,
        "P75": 52.4679594039917,
        "P90": 56.326552867889404,
        "P95": 60.540937423706055,
        "P99": 67.89982843399048,
        "P100": 70.79152822494507
    },
    "first_token_time_dict": {
        "P25": 16.72148108482361,
        "P50": 21.528191089630127,
        "P75": 26.53322672843933,
        "P90": 31.80770182609558,
        "P95": 34.965022802352905,
        "P99": 44.321622133255005,
        "P100": 47.891159772872925
    },
    "decode_token_time_dict": {
        "P25": 182.15146214943232,
        "P50": 204.49446693180116,
        "P75": 229.3717692217489,
        "P90": 242.32378907091035,
        "P95": 250.87372899994136,
        "P99": 263.3935804442158,
        "P100": 1683.1174194812775
    }
}