{
    "backend": "triton",
    "clients": 5,
    "request_num": 498,
    "Total QPS": 1.5326717582482392,
    "Avg Input Length": 1031.778,
    "Avg Output Length": 126.72088353413655,
    "Total Throughput": 1784.6977775478176,
    "Input Throughput": 1587.7279130339875,
    "Output Throughput": 1587.7279130339875,
    "request_time": {
        "P25": 3.204559803009033,
        "P50": 3.2782058715820312,
        "P75": 3.3603389263153076,
        "P90": 3.4340672492980957,
        "P95": 3.4831061363220215,
        "P99": 3.530975341796875,
        "P100": 3.5752899646759033
    },
    "first_token_time_dict": {
        "P25": 0.1322321891784668,
        "P50": 0.16698551177978516,
        "P75": 0.2580397129058838,
        "P90": 0.42133545875549316,
        "P95": 0.5318937301635742,
        "P99": 0.6516933441162109,
        "P100": 0.6744823455810547
    },
    "decode_token_time_dict": {
        "P25": 23.429170368224618,
        "P50": 24.266462626419667,
        "P75": 24.98392232759731,
        "P90": 25.4201044247845,
        "P95": 25.738661683450534,
        "P99": 26.26644720242718,
        "P100": 26.73286152636911
    }
}