{
    "backend": "triton",
    "clients": 50,
    "request_num": 499,
    "Total QPS": 1.5957454982307144,
    "Avg Input Length": 4125.696,
    "Avg Output Length": 127.56312625250501,
    "Total Throughput": 6801.4190810040045,
    "Input Throughput": 6596.754327723913,
    "Output Throughput": 6596.754327723913,
    "request_time": {
        "P25": 28.76383090019226,
        "P50": 30.287935495376587,
        "P75": 31.324166774749756,
        "P90": 37.614201068878174,
        "P95": 46.96786332130432,
        "P99": 53.95063352584839,
        "P100": 54.233848333358765
    },
    "first_token_time_dict": {
        "P25": 6.732558012008667,
        "P50": 8.781311988830566,
        "P75": 18.088459968566895,
        "P90": 21.117657899856567,
        "P95": 22.547001123428345,
        "P99": 30.501625776290894,
        "P100": 31.805565118789673
    },
    "decode_token_time_dict": {
        "P25": 96.37937207860271,
        "P50": 175.4538825177771,
        "P75": 184.47780421399696,
        "P90": 191.09278588783084,
        "P95": 198.74655355618694,
        "P99": 209.5483644740788,
        "P100": 1327.7518272399902
    }
}