{
    "backend": "triton",
    "clients": 10,
    "request_num": 500,
    "Total QPS": 0.5073287842154671,
    "Avg Input Length": 8250.884,
    "Avg Output Length": 128.0,
    "Total Throughput": 4250.84903280243,
    "Input Throughput": 4185.91094842285,
    "Output Throughput": 4185.91094842285,
    "request_time": {
        "P25": 18.242472410202026,
        "P50": 19.669738054275513,
        "P75": 21.018917560577393,
        "P90": 22.38659358024597,
        "P95": 23.304868936538696,
        "P99": 24.32340121269226,
        "P100": 24.333913564682007
    },
    "first_token_time_dict": {
        "P25": 12.733981847763062,
        "P50": 14.684530019760132,
        "P75": 16.086101055145264,
        "P90": 17.438151597976685,
        "P95": 18.353952646255493,
        "P99": 19.30044412612915,
        "P100": 19.30664610862732
    },
    "decode_token_time_dict": {
        "P25": 37.773006544338436,
        "P50": 38.27240335659718,
        "P75": 38.79314144765298,
        "P90": 39.69369723102239,
        "P95": 144.9262776712733,
        "P99": 165.54905298187978,
        "P100": 177.99360170139104
    }
}