{
    "backend": "triton",
    "clients": 100,
    "request_num": 500,
    "Total QPS": 1.2195766665735506,
    "Avg Input Length": 4125.696,
    "Avg Output Length": 128.0,
    "Total Throughput": 5187.708388297246,
    "Input Throughput": 5031.602574975831,
    "Output Throughput": 5031.602574975831,
    "request_time": {
        "P25": 73.24714398384094,
        "P50": 77.30080008506775,
        "P75": 100.43817329406738,
        "P90": 101.5184257030487,
        "P95": 102.85125255584717,
        "P99": 102.90626525878906,
        "P100": 128.0959975719452
    },
    "first_token_time_dict": {
        "P25": 43.48435592651367,
        "P50": 49.67023491859436,
        "P75": 77.18748474121094,
        "P90": 78.15950751304626,
        "P95": 79.7241997718811,
        "P99": 79.75976419448853,
        "P100": 93.80685210227966
    },
    "decode_token_time_dict": {
        "P25": 174.23155739551456,
        "P50": 183.22385953167293,
        "P75": 268.73692565076936,
        "P90": 270.5639234678013,
        "P95": 277.29070280480573,
        "P99": 390.3771892307312,
        "P100": 399.67848747734007
    }
}