{
    "backend": "triton",
    "clients": 10,
    "request_num": 500,
    "Total QPS": 0.2617019914863763,
    "Avg Input Length": 16469.37,
    "Avg Output Length": 128.0,
    "Total Throughput": 4343.564782436238,
    "Input Throughput": 4310.066927525982,
    "Output Throughput": 4310.066927525982,
    "request_time": {
        "P25": 35.2137610912323,
        "P50": 38.18672561645508,
        "P75": 41.51801776885986,
        "P90": 44.21468639373779,
        "P95": 46.229559898376465,
        "P99": 49.01152849197388,
        "P100": 49.034459352493286
    },
    "first_token_time_dict": {
        "P25": 27.756543397903442,
        "P50": 32.455193281173706,
        "P75": 35.81240391731262,
        "P90": 38.54850792884827,
        "P95": 40.54883122444153,
        "P99": 43.25400495529175,
        "P100": 43.270628213882446
    },
    "decode_token_time_dict": {
        "P25": 42.34642118919553,
        "P50": 43.17715224318617,
        "P75": 44.01116108331154,
        "P90": 45.484144856610634,
        "P95": 281.71522598566975,
        "P99": 328.7976332536833,
        "P100": 356.2088650981272
    }
}