{
    "backend": "triton",
    "clients": 15,
    "request_num": 500,
    "Total QPS": 0.9704181307315389,
    "Avg Input Length": 4125.696,
    "Avg Output Length": 128.0,
    "Total Throughput": 4127.863721020224,
    "Input Throughput": 4003.6502002865873,
    "Output Throughput": 4003.6502002865873,
    "request_time": {
        "P25": 14.631789684295654,
        "P50": 15.319483041763306,
        "P75": 16.225823163986206,
        "P90": 17.21384334564209,
        "P95": 17.26418375968933,
        "P99": 17.45982050895691,
        "P100": 17.464795351028442
    },
    "first_token_time_dict": {
        "P25": 9.530697345733643,
        "P50": 10.35201382637024,
        "P75": 11.32883071899414,
        "P90": 12.29936408996582,
        "P95": 12.366777420043945,
        "P99": 12.554423809051514,
        "P100": 12.562499284744263
    },
    "decode_token_time_dict": {
        "P25": 37.659485509076454,
        "P50": 37.816396848423274,
        "P75": 38.503620568222885,
        "P90": 38.66584469952921,
        "P95": 109.97857071283296,
        "P99": 125.88528760774867,
        "P100": 131.1987253624623
    }
}