{
    "backend": "triton",
    "clients": 25,
    "request_num": 500,
    "Total QPS": 1.081481900466851,
    "Avg Input Length": 4125.696,
    "Avg Output Length": 128.0,
    "Total Throughput": 4600.295234088242,
    "Input Throughput": 4461.8655508284855,
    "Output Throughput": 4461.8655508284855,
    "request_time": {
        "P25": 21.225146055221558,
        "P50": 23.40428376197815,
        "P75": 24.42913818359375,
        "P90": 25.084564208984375,
        "P95": 25.451738119125366,
        "P99": 26.833041667938232,
        "P100": 26.848834991455078
    },
    "first_token_time_dict": {
        "P25": 15.696898460388184,
        "P50": 17.83314299583435,
        "P75": 18.843204498291016,
        "P90": 19.5054452419281,
        "P95": 19.84073805809021,
        "P99": 21.153807163238525,
        "P100": 21.16419768333435
    },
    "decode_token_time_dict": {
        "P25": 43.2228854322058,
        "P50": 43.66700480303427,
        "P75": 43.812333129522365,
        "P90": 44.08588371877595,
        "P95": 44.71401154525637,
        "P99": 185.5245706603283,
        "P100": 204.55238011878308
    }
}