{
    "backend": "triton",
    "clients": 10,
    "request_num": 500,
    "Total QPS": 0.8639448733407682,
    "Avg Input Length": 4125.696,
    "Avg Output Length": 128.0,
    "Total Throughput": 3674.958851950132,
    "Input Throughput": 3564.373908162514,
    "Output Throughput": 3564.373908162514,
    "request_time": {
        "P25": 10.906093120574951,
        "P50": 11.482117414474487,
        "P75": 12.1906156539917,
        "P90": 12.812436819076538,
        "P95": 13.157788753509521,
        "P99": 13.698071718215942,
        "P100": 13.71241569519043
    },
    "first_token_time_dict": {
        "P25": 6.10070276260376,
        "P50": 6.927384853363037,
        "P75": 7.630714416503906,
        "P90": 8.24240255355835,
        "P95": 8.578038454055786,
        "P99": 9.086395740509033,
        "P100": 9.09607195854187
    },
    "decode_token_time_dict": {
        "P25": 35.300538295835956,
        "P50": 35.52774556978481,
        "P75": 35.78271828298494,
        "P90": 36.395870794461466,
        "P95": 86.43165348083015,
        "P99": 94.81621727230042,
        "P100": 101.15752820893535
    }
}