{
    "backend": "triton",
    "clients": 15,
    "request_num": 500,
    "Total QPS": 0.27003011911904545,
    "Avg Input Length": 16469.37,
    "Avg Output Length": 128.0,
    "Total Throughput": 4481.789798162872,
    "Input Throughput": 4447.225942915634,
    "Output Throughput": 4447.225942915634,
    "request_time": {
        "P25": 50.38376784324646,
        "P50": 53.764140129089355,
        "P75": 60.65557670593262,
        "P90": 61.58338189125061,
        "P95": 62.857292890548706,
        "P99": 113.5170624256134,
        "P100": 116.24519324302673
    },
    "first_token_time_dict": {
        "P25": 43.25316309928894,
        "P50": 46.60001802444458,
        "P75": 49.83334517478943,
        "P90": 52.56476068496704,
        "P95": 53.35686278343201,
        "P99": 62.62930107116699,
        "P100": 67.53551816940308
    },
    "decode_token_time_dict": {
        "P25": 47.549311570295195,
        "P50": 48.676090916310706,
        "P75": 82.90138958007331,
        "P90": 127.73051599817953,
        "P95": 386.44116131339484,
        "P99": 424.2081116503618,
        "P100": 452.39860429538516
    }
}