{
    "backend": "triton",
    "clients": 25,
    "request_num": 500,
    "Total QPS": 0.2722026569423746,
    "Avg Input Length": 16469.37,
    "Avg Output Length": 128.0,
    "Total Throughput": 4517.84821225566,
    "Input Throughput": 4483.0062721670365,
    "Output Throughput": 4483.0062721670365,
    "request_time": {
        "P25": 78.29250764846802,
        "P50": 89.4872374534607,
        "P75": 98.96134757995605,
        "P90": 114.77359104156494,
        "P95": 115.7744369506836,
        "P99": 119.28305196762085,
        "P100": 138.01637935638428
    },
    "first_token_time_dict": {
        "P25": 49.96858811378479,
        "P50": 56.037631034851074,
        "P75": 59.68416142463684,
        "P90": 82.91709733009338,
        "P95": 86.68982291221619,
        "P99": 92.78521585464478,
        "P100": 109.69722819328308
    },
    "decode_token_time_dict": {
        "P25": 221.03144803385098,
        "P50": 260.96012648635025,
        "P75": 286.92933330385705,
        "P90": 305.0261876714511,
        "P95": 377.2189786115031,
        "P99": 414.9906241048978,
        "P100": 442.66419147881936
    }
}