{
    "backend": "triton",
    "clients": 15,
    "request_num": 500,
    "Total QPS": 0.5416086072426475,
    "Avg Input Length": 8250.884,
    "Avg Output Length": 128.0,
    "Total Throughput": 4538.075693487704,
    "Input Throughput": 4468.749791760644,
    "Output Throughput": 4468.749791760644,
    "request_time": {
        "P25": 26.014179706573486,
        "P50": 27.691750049591064,
        "P75": 29.418981552124023,
        "P90": 31.433290004730225,
        "P95": 32.0445499420166,
        "P99": 32.08025908470154,
        "P100": 32.10559916496277
    },
    "first_token_time_dict": {
        "P25": 20.182146310806274,
        "P50": 21.939918041229248,
        "P75": 23.996864080429077,
        "P90": 25.971735954284668,
        "P95": 26.598344326019287,
        "P99": 26.63656973838806,
        "P100": 26.6481831073761
    },
    "decode_token_time_dict": {
        "P25": 41.16395139318752,
        "P50": 41.91503562326506,
        "P75": 42.746175931194635,
        "P90": 42.96117317019485,
        "P95": 196.50236452658345,
        "P99": 228.83283810352717,
        "P100": 238.23787846903164
    }
}