{
    "backend": "triton",
    "clients": 5,
    "request_num": 500,
    "Total QPS": 0.239151835104224,
    "Avg Input Length": 16469.37,
    "Avg Output Length": 128.0,
    "Total Throughput": 3969.2914934037944,
    "Input Throughput": 3938.680058510454,
    "Output Throughput": 3938.680058510454,
    "request_time": {
        "P25": 18.463839769363403,
        "P50": 21.148481130599976,
        "P75": 23.124850273132324,
        "P90": 24.891237497329712,
        "P95": 25.7976975440979,
        "P99": 27.484147310256958,
        "P100": 27.879416942596436
    },
    "first_token_time_dict": {
        "P25": 11.458642721176147,
        "P50": 15.322495460510254,
        "P75": 18.22014617919922,
        "P90": 20.196113109588623,
        "P95": 21.013052463531494,
        "P99": 22.793758869171143,
        "P100": 23.195658206939697
    },
    "decode_token_time_dict": {
        "P25": 34.88076953437385,
        "P50": 35.72889951270396,
        "P75": 36.63736441003994,
        "P90": 143.79244714271366,
        "P95": 157.63427516606848,
        "P99": 182.90416462214912,
        "P100": 205.51548041696623
    }
}