{
    "backend": "triton",
    "clients": 5,
    "request_num": 500,
    "Total QPS": 0.6597400083488718,
    "Avg Input Length": 4125.696,
    "Avg Output Length": 128.0,
    "Total Throughput": 2806.3334345535627,
    "Input Throughput": 2721.886713484907,
    "Output Throughput": 2721.886713484907,
    "request_time": {
        "P25": 7.1477086544036865,
        "P50": 7.545220136642456,
        "P75": 8.030250549316406,
        "P90": 8.407631158828735,
        "P95": 8.669595718383789,
        "P99": 8.941325664520264,
        "P100": 9.054947853088379
    },
    "first_token_time_dict": {
        "P25": 2.621922254562378,
        "P50": 3.387225389480591,
        "P75": 3.9022605419158936,
        "P90": 4.307941198348999,
        "P95": 4.484396696090698,
        "P99": 4.87835693359375,
        "P100": 4.988499164581299
    },
    "decode_token_time_dict": {
        "P25": 31.357814007856714,
        "P50": 31.573265556275377,
        "P75": 31.84728359612893,
        "P90": 53.5372974365715,
        "P95": 57.196934392133095,
        "P99": 61.090405531755586,
        "P100": 63.74755619079109
    }
}