{
    "backend": "triton",
    "clients": 50,
    "request_num": 500,
    "Total QPS": 3.6834772593564944,
    "Avg Input Length": 1031.778,
    "Avg Output Length": 128.0,
    "Total Throughput": 4272.015888901957,
    "Input Throughput": 3800.530799704325,
    "Output Throughput": 3800.530799704325,
    "request_time": {
        "P25": 13.412580490112305,
        "P50": 13.4607515335083,
        "P75": 13.872391939163208,
        "P90": 14.055718660354614,
        "P95": 14.213473320007324,
        "P99": 14.239213705062866,
        "P100": 14.258246898651123
    },
    "first_token_time_dict": {
        "P25": 8.284217357635498,
        "P50": 8.32955026626587,
        "P75": 8.719696998596191,
        "P90": 8.864943265914917,
        "P95": 9.027955055236816,
        "P99": 9.050683498382568,
        "P100": 9.063598871231079
    },
    "decode_token_time_dict": {
        "P25": 40.35585508571835,
        "P50": 40.435965605608125,
        "P75": 40.52334507619302,
        "P90": 40.76952633895274,
        "P95": 40.80664266751507,
        "P99": 104.15861174816222,
        "P100": 109.49005667618879
    }
}