{
    "backend": "triton",
    "clients": 15,
    "request_num": 500,
    "Total QPS": 2.121895645802854,
    "Avg Input Length": 1031.778,
    "Avg Output Length": 128.0,
    "Total Throughput": 2460.927888297943,
    "Input Throughput": 2189.3252456351775,
    "Output Throughput": 2189.3252456351775,
    "request_time": {
        "P25": 6.803277015686035,
        "P50": 6.976254224777222,
        "P75": 7.1937878131866455,
        "P90": 7.413435459136963,
        "P95": 7.482531309127808,
        "P99": 7.525986194610596,
        "P100": 7.529078722000122
    },
    "first_token_time_dict": {
        "P25": 2.3406124114990234,
        "P50": 2.531484842300415,
        "P75": 2.741133213043213,
        "P90": 2.9550487995147705,
        "P95": 3.0204694271087646,
        "P99": 3.0460708141326904,
        "P100": 3.054722785949707
    },
    "decode_token_time_dict": {
        "P25": 34.56380423598402,
        "P50": 34.661460110521695,
        "P75": 35.01411310331089,
        "P90": 35.2389268049105,
        "P95": 51.95263051611232,
        "P99": 56.02277170016071,
        "P100": 57.143583072452095
    }
}