{
    "backend": "triton",
    "clients": 100,
    "request_num": 500,
    "Total QPS": 4.261154006734614,
    "Avg Input Length": 1031.778,
    "Avg Output Length": 128.0,
    "Total Throughput": 4941.992671622657,
    "Input Throughput": 4396.564958760627,
    "Output Throughput": 4396.564958760627,
    "request_time": {
        "P25": 23.017284870147705,
        "P50": 23.622839212417603,
        "P75": 23.822892665863037,
        "P90": 23.950464487075806,
        "P95": 24.061516761779785,
        "P99": 24.10197353363037,
        "P100": 24.179494380950928
    },
    "first_token_time_dict": {
        "P25": 15.839914798736572,
        "P50": 16.587196111679077,
        "P75": 16.950198888778687,
        "P90": 17.059906482696533,
        "P95": 17.193023920059204,
        "P99": 17.22101092338562,
        "P100": 17.244009494781494
    },
    "decode_token_time_dict": {
        "P25": 53.21516014459565,
        "P50": 54.00854020606814,
        "P75": 54.805053500678596,
        "P90": 155.35275579437496,
        "P95": 161.67528610529862,
        "P99": 161.76893579678273,
        "P100": 185.5557865983858
    }
}