{
    "backend": "triton",
    "clients": 25,
    "request_num": 500,
    "Total QPS": 0.5747319674465449,
    "Avg Input Length": 8250.884,
    "Avg Output Length": 128.0,
    "Total Throughput": 4815.612486326375,
    "Input Throughput": 4742.046794493217,
    "Output Throughput": 4742.046794493217,
    "request_time": {
        "P25": 39.21553349494934,
        "P50": 44.410728216171265,
        "P75": 46.22919964790344,
        "P90": 48.17206692695618,
        "P95": 48.77180290222168,
        "P99": 51.262447118759155,
        "P100": 51.29263782501221
    },
    "first_token_time_dict": {
        "P25": 33.06311058998108,
        "P50": 38.12136673927307,
        "P75": 39.87633919715881,
        "P90": 41.75100612640381,
        "P95": 42.330708026885986,
        "P99": 44.76445531845093,
        "P100": 44.77789783477783
    },
    "decode_token_time_dict": {
        "P25": 48.26909350597952,
        "P50": 49.34383377315491,
        "P75": 50.13139416852335,
        "P90": 50.66253632072389,
        "P95": 51.336722111138776,
        "P99": 351.6323866806631,
        "P100": 391.30053745480035
    }
}