{
    "backend": "triton",
    "clients": 100,
    "request_num": 500,
    "Total QPS": 0.2711985336124671,
    "Avg Input Length": 16469.37,
    "Avg Output Length": 128.0,
    "Total Throughput": 4501.182405823553,
    "Input Throughput": 4466.468993521157,
    "Output Throughput": 4466.468993521157,
    "request_time": {
        "P25": 342.6057231426239,
        "P50": 346.67960929870605,
        "P75": 401.62096333503723,
        "P90": 406.93893671035767,
        "P95": 409.7027189731598,
        "P99": 410.5609886646271,
        "P100": 410.61020851135254
    },
    "first_token_time_dict": {
        "P25": 335.48562240600586,
        "P50": 339.60765838623047,
        "P75": 393.36716651916504,
        "P90": 398.96502447128296,
        "P95": 401.2260568141937,
        "P99": 403.54284954071045,
        "P100": 403.5756461620331
    },
    "decode_token_time_dict": {
        "P25": 48.82842724717508,
        "P50": 51.49382493627353,
        "P75": 71.43149225730595,
        "P90": 78.61779055257482,
        "P95": 82.84689873222291,
        "P99": 437.56907568203184,
        "P100": 452.11922277615764
    }
}