{
    "backend": "triton",
    "clients": 5,
    "request_num": 500,
    "Total QPS": 1.0536842295342552,
    "Avg Input Length": 1031.778,
    "Avg Output Length": 128.0,
    "Total Throughput": 1222.0397883607793,
    "Input Throughput": 1087.1682069803946,
    "Output Throughput": 1087.1682069803946,
    "request_time": {
        "P25": 4.628512144088745,
        "P50": 4.750576734542847,
        "P75": 4.83920431137085,
        "P90": 4.923256874084473,
        "P95": 4.987204074859619,
        "P99": 5.025829315185547,
        "P100": 5.117232799530029
    },
    "first_token_time_dict": {
        "P25": 0.6965780258178711,
        "P50": 0.8833072185516357,
        "P75": 1.0024569034576416,
        "P90": 1.0857675075531006,
        "P95": 1.150212049484253,
        "P99": 1.190502643585205,
        "P100": 1.2799999713897705
    },
    "decode_token_time_dict": {
        "P25": 30.056249438308356,
        "P50": 30.10490935618483,
        "P75": 30.157873949666662,
        "P90": 35.47805313050278,
        "P95": 36.31003822867326,
        "P99": 37.33650718148299,
        "P100": 37.87056292135885
    }
}