{
    "backend": "triton",
    "clients": 50,
    "request_num": 500,
    "Total QPS": 0.5901572376140763,
    "Avg Input Length": 8250.884,
    "Avg Output Length": 128.0,
    "Total Throughput": 4944.859035728782,
    "Input Throughput": 4869.318909314181,
    "Output Throughput": 4869.318909314181,
    "request_time": {
        "P25": 76.31159472465515,
        "P50": 80.06795120239258,
        "P75": 87.15862798690796,
        "P90": 106.3733401298523,
        "P95": 107.05928659439087,
        "P99": 107.9172945022583,
        "P100": 132.3077051639557
    },
    "first_token_time_dict": {
        "P25": 45.42158079147339,
        "P50": 52.461021423339844,
        "P75": 53.82794404029846,
        "P90": 78.69262671470642,
        "P95": 79.63049244880676,
        "P99": 81.38066816329956,
        "P100": 99.39395666122437
    },
    "decode_token_time_dict": {
        "P25": 210.18350030493548,
        "P50": 233.63141750726174,
        "P75": 252.2324821141761,
        "P90": 262.28380015515904,
        "P95": 264.52045365581364,
        "P99": 404.5470023718406,
        "P100": 421.9677054037259
    }
}