{
    "backend": "triton",
    "clients": 25,
    "request_num": 500,
    "Total QPS": 2.7109932779039294,
    "Avg Input Length": 1031.778,
    "Avg Output Length": 128.0,
    "Total Throughput": 3144.150361860863,
    "Input Throughput": 2797.1432222891603,
    "Output Throughput": 2797.1432222891603,
    "request_time": {
        "P25": 8.799846172332764,
        "P50": 9.303986072540283,
        "P75": 9.542812824249268,
        "P90": 9.737573385238647,
        "P95": 9.792786598205566,
        "P99": 10.034772157669067,
        "P100": 10.040482759475708
    },
    "first_token_time_dict": {
        "P25": 3.8257837295532227,
        "P50": 4.314237356185913,
        "P75": 4.543986797332764,
        "P90": 4.724761009216309,
        "P95": 4.782473802566528,
        "P99": 5.024400472640991,
        "P100": 5.031820058822632
    },
    "decode_token_time_dict": {
        "P25": 39.08428807896892,
        "P50": 39.21470304173747,
        "P75": 39.3165828674797,
        "P90": 39.386692948228735,
        "P95": 39.48178066043403,
        "P99": 73.10945405734806,
        "P100": 77.02264447850506
    }
}