{
    "backend": "triton",
    "clients": 50,
    "request_num": 500,
    "Total QPS": 1.2046595637186475,
    "Avg Input Length": 4125.696,
    "Avg Output Length": 128.0,
    "Total Throughput": 5124.255567551756,
    "Input Throughput": 4970.059143395769,
    "Output Throughput": 4970.059143395769,
    "request_time": {
        "P25": 40.85233807563782,
        "P50": 41.11840534210205,
        "P75": 43.19926834106445,
        "P90": 43.44478249549866,
        "P95": 44.033076763153076,
        "P99": 44.08441877365112,
        "P100": 44.11761975288391
    },
    "first_token_time_dict": {
        "P25": 34.66217803955078,
        "P50": 34.954010248184204,
        "P75": 36.95769453048706,
        "P90": 37.16025400161743,
        "P95": 37.76682662963867,
        "P99": 37.79805946350098,
        "P100": 37.80519104003906
    },
    "decode_token_time_dict": {
        "P25": 48.4543916747326,
        "P50": 48.751093271210436,
        "P75": 49.15293558376042,
        "P90": 49.346293051411784,
        "P95": 49.52619394918126,
        "P99": 318.13682345893443,
        "P100": 337.99557798490747
    }
}