{
    "backend": "triton",
    "clients": 5,
    "request_num": 500,
    "Total QPS": 0.4293867992804956,
    "Avg Input Length": 8250.884,
    "Avg Output Length": 128.0,
    "Total Throughput": 3597.7821823025565,
    "Input Throughput": 3542.820671994653,
    "Output Throughput": 3542.820671994653,
    "request_time": {
        "P25": 10.580215215682983,
        "P50": 11.62453031539917,
        "P75": 12.63314437866211,
        "P90": 13.36232876777649,
        "P95": 14.091180086135864,
        "P99": 14.621057510375977,
        "P100": 15.033864974975586
    },
    "first_token_time_dict": {
        "P25": 5.357044458389282,
        "P50": 7.021660327911377,
        "P75": 8.150341510772705,
        "P90": 9.08479118347168,
        "P95": 9.351202249526978,
        "P99": 10.33678412437439,
        "P100": 10.74759316444397
    },
    "decode_token_time_dict": {
        "P25": 32.5762380765179,
        "P50": 32.98324111878403,
        "P75": 33.44392588758093,
        "P90": 79.37734333548958,
        "P95": 86.96477619681771,
        "P99": 96.57620632742334,
        "P100": 102.13245744780293
    }
}