{
    "backend": "triton",
    "clients": 100,
    "request_num": 500,
    "Total QPS": 0.5877390868176408,
    "Avg Input Length": 8250.884,
    "Avg Output Length": 128.0,
    "Total Throughput": 4924.597630710941,
    "Input Throughput": 4849.367027598283,
    "Output Throughput": 4849.367027598283,
    "request_time": {
        "P25": 157.6489758491516,
        "P50": 159.8042197227478,
        "P75": 162.59624099731445,
        "P90": 211.321382522583,
        "P95": 214.71069073677063,
        "P99": 216.30046272277832,
        "P100": 216.3667652606964
    },
    "first_token_time_dict": {
        "P25": 148.5751714706421,
        "P50": 151.1188623905182,
        "P75": 154.4335618019104,
        "P90": 202.60518717765808,
        "P95": 206.24533462524414,
        "P99": 206.51508116722107,
        "P100": 208.35658597946167
    },
    "decode_token_time_dict": {
        "P25": 51.8202331122451,
        "P50": 71.19909046203132,
        "P75": 78.44297904667891,
        "P90": 82.03854147843488,
        "P95": 83.74111295685054,
        "P99": 399.0124041639914,
        "P100": 416.8758805342547
    }
}