{
    "backend": "triton",
    "clients": 50,
    "request_num": 500,
    "Total QPS": 0.27143346462225015,
    "Avg Input Length": 16469.37,
    "Avg Output Length": 128.0,
    "Total Throughput": 4505.081642717396,
    "Input Throughput": 4470.338159245747,
    "Output Throughput": 4470.338159245747,
    "request_time": {
        "P25": 172.23090028762817,
        "P50": 174.51782512664795,
        "P75": 184.1103491783142,
        "P90": 230.08181023597717,
        "P95": 232.07038950920105,
        "P99": 235.25169444084167,
        "P100": 237.4459991455078
    },
    "first_token_time_dict": {
        "P25": 158.65835523605347,
        "P50": 163.39127898216248,
        "P75": 167.80182218551636,
        "P90": 215.54280924797058,
        "P95": 221.5472321510315,
        "P99": 224.80875158309937,
        "P100": 226.86908316612244
    },
    "decode_token_time_dict": {
        "P25": 81.69503474798728,
        "P50": 94.30181698536309,
        "P75": 114.26212843947523,
        "P90": 126.27759693175788,
        "P95": 390.9881039867251,
        "P99": 430.09819383696305,
        "P100": 454.2127688100019
    }
}