{
    "backend": "triton",
    "clients": 10,
    "request_num": 500,
    "Total QPS": 1.6783003598651391,
    "Avg Input Length": 1031.778,
    "Avg Output Length": 128.0,
    "Total Throughput": 1946.4558347636712,
    "Input Throughput": 1731.6333887009334,
    "Output Throughput": 1731.6333887009334,
    "request_time": {
        "P25": 5.806300640106201,
        "P50": 5.943527936935425,
        "P75": 6.117458820343018,
        "P90": 6.22656512260437,
        "P95": 6.359468460083008,
        "P99": 6.414973974227905,
        "P100": 6.420240163803101
    },
    "first_token_time_dict": {
        "P25": 1.514328956604004,
        "P50": 1.7078125476837158,
        "P75": 1.8833835124969482,
        "P90": 1.9977755546569824,
        "P95": 2.114241600036621,
        "P99": 2.161534547805786,
        "P100": 2.16562557220459
    },
    "decode_token_time_dict": {
        "P25": 33.03702985207865,
        "P50": 33.1237203492893,
        "P75": 33.22357643307664,
        "P90": 33.50128902225044,
        "P95": 45.3378497146246,
        "P99": 47.51708939319521,
        "P100": 48.58394682876707
    }
}