{
    "backend": "triton",
    "clients": 50,
    "request_num": 500,
    "Total QPS": 0.9370733539338871,
    "Avg Input Length": 8250.884,
    "Avg Output Length": 127.94,
    "Total Throughput": 7851.6289321029835,
    "Input Throughput": 7731.6835427994465,
    "Output Throughput": 7731.6835427994465,
    "request_time": {
        "P25": 45.666706800460815,
        "P50": 55.49913454055786,
        "P75": 58.77094030380249,
        "P90": 60.20856165885925,
        "P95": 61.21794366836548,
        "P99": 69.62417793273926,
        "P100": 80.32972717285156
    },
    "first_token_time_dict": {
        "P25": 21.738709688186646,
        "P50": 28.238508224487305,
        "P75": 34.64703941345215,
        "P90": 35.396971225738525,
        "P95": 36.03459882736206,
        "P99": 45.6597158908844,
        "P100": 56.71920084953308
    },
    "decode_token_time_dict": {
        "P25": 186.4038752758597,
        "P50": 192.25598883441114,
        "P75": 206.90807395094023,
        "P90": 217.71044055307945,
        "P95": 223.98468828576756,
        "P99": 263.58749547342615,
        "P100": 267.85292587881014
    }
}