{
    "backend": "triton",
    "clients": 25,
    "request_num": 500,
    "Total QPS": 4.783987209498918,
    "Avg Input Length": 1031.778,
    "Avg Output Length": 126.838,
    "Total Throughput": 5548.363117858236,
    "Input Throughput": 4936.012755042375,
    "Output Throughput": 4936.012755042375,
    "request_time": {
        "P25": 4.969311714172363,
        "P50": 5.308487176895142,
        "P75": 5.435717821121216,
        "P90": 5.56440544128418,
        "P95": 5.592284440994263,
        "P99": 5.672262668609619,
        "P100": 5.685842275619507
    },
    "first_token_time_dict": {
        "P25": 0.4690709114074707,
        "P50": 1.8731083869934082,
        "P75": 2.173313617706299,
        "P90": 2.496044158935547,
        "P95": 2.5740418434143066,
        "P99": 2.6233599185943604,
        "P100": 2.6330389976501465
    },
    "decode_token_time_dict": {
        "P25": 23.610792760773908,
        "P50": 25.737418903140572,
        "P75": 29.822593598853885,
        "P90": 40.4409498680295,
        "P95": 41.38823006096788,
        "P99": 42.93253478102797,
        "P100": 90.29699223382133
    }
}