{
    "backend": "triton",
    "clients": 50,
    "request_num": 500,
    "Total QPS": 6.049917991184625,
    "Avg Input Length": 1031.778,
    "Avg Output Length": 126.866,
    "Total Throughput": 7016.561787980121,
    "Input Throughput": 6242.17228510849,
    "Output Throughput": 6242.17228510849,
    "request_time": {
        "P25": 8.159672498703003,
        "P50": 8.380160093307495,
        "P75": 8.55531120300293,
        "P90": 8.646349430084229,
        "P95": 8.742431402206421,
        "P99": 8.76971697807312,
        "P100": 8.782715082168579
    },
    "first_token_time_dict": {
        "P25": 3.040127754211426,
        "P50": 3.4507768154144287,
        "P75": 4.431185960769653,
        "P90": 4.6763951778411865,
        "P95": 4.713578224182129,
        "P99": 4.824071884155273,
        "P100": 4.831073045730591
    },
    "decode_token_time_dict": {
        "P25": 29.487930883572798,
        "P50": 35.495341293455105,
        "P75": 41.79348532609114,
        "P90": 55.57440772769958,
        "P95": 64.42974683806652,
        "P99": 66.80864799679733,
        "P100": 327.1576762199402
    }
}