{
    "backend": "triton",
    "clients": 10,
    "request_num": 500,
    "Total QPS": 0.3996570022872586,
    "Avg Input Length": 16469.37,
    "Avg Output Length": 127.866,
    "Total Throughput": 6633.255140052477,
    "Input Throughput": 6582.0990437597075,
    "Output Throughput": 6582.0990437597075,
    "request_time": {
        "P25": 22.19626498222351,
        "P50": 25.50718069076538,
        "P75": 27.631312370300293,
        "P90": 29.6065936088562,
        "P95": 30.342867612838745,
        "P99": 31.811096906661987,
        "P100": 32.36220455169678
    },
    "first_token_time_dict": {
        "P25": 11.065186500549316,
        "P50": 13.115800142288208,
        "P75": 15.451842546463013,
        "P90": 20.344576597213745,
        "P95": 21.202472448349,
        "P99": 24.950249910354614,
        "P100": 25.015098094940186
    },
    "decode_token_time_dict": {
        "P25": 57.919455325509624,
        "P50": 90.25355399124265,
        "P75": 130.74280145600088,
        "P90": 182.22210350937732,
        "P95": 196.4780983962412,
        "P99": 220.86742168336403,
        "P100": 237.83083412590926
    }
}