{
    "backend": "triton",
    "clients": 10,
    "request_num": 500,
    "Total QPS": 1.473259235825522,
    "Avg Input Length": 4125.696,
    "Avg Output Length": 127.652,
    "Total Throughput": 6266.79691839408,
    "Input Throughput": 6078.219736208413,
    "Output Throughput": 6078.219736208413,
    "request_time": {
        "P25": 6.331369638442993,
        "P50": 6.898421049118042,
        "P75": 7.2650229930877686,
        "P90": 7.446133136749268,
        "P95": 7.6511805057525635,
        "P99": 8.068605422973633,
        "P100": 8.074736595153809
    },
    "first_token_time_dict": {
        "P25": 3.047759771347046,
        "P50": 3.5773983001708984,
        "P75": 4.034790515899658,
        "P90": 4.529973745346069,
        "P95": 4.626241207122803,
        "P99": 5.171156406402588,
        "P100": 5.17642617225647
    },
    "decode_token_time_dict": {
        "P25": 22.317257453137497,
        "P50": 24.419855883741004,
        "P75": 26.05765823304184,
        "P90": 49.814751767736716,
        "P95": 52.32823552109125,
        "P99": 55.8715411058561,
        "P100": 59.741923189538674
    }
}