{
    "backend": "triton",
    "clients": 5,
    "request_num": 500,
    "Total QPS": 0.7006666042467083,
    "Avg Input Length": 8250.884,
    "Avg Output Length": 127.73,
    "Total Throughput": 5870.804199657077,
    "Input Throughput": 5781.118874313498,
    "Output Throughput": 5781.118874313498,
    "request_time": {
        "P25": 6.64396595954895,
        "P50": 7.121844053268433,
        "P75": 7.801463842391968,
        "P90": 8.287292003631592,
        "P95": 8.468835830688477,
        "P99": 8.97470736503601,
        "P100": 10.153868436813354
    },
    "first_token_time_dict": {
        "P25": 1.0224685668945312,
        "P50": 2.57112193107605,
        "P75": 3.79803729057312,
        "P90": 4.50471043586731,
        "P95": 5.1655433177948,
        "P99": 6.068675994873047,
        "P100": 6.370882511138916
    },
    "decode_token_time_dict": {
        "P25": 26.68378484530712,
        "P50": 32.80970055287278,
        "P75": 47.17929719939945,
        "P90": 52.97510267242672,
        "P95": 55.91156914478212,
        "P99": 60.8256013374629,
        "P100": 71.87278815141813
    }
}