{
    "backend": "triton",
    "clients": 50,
    "request_num": 500,
    "Total QPS": 1.941979544114572,
    "Avg Input Length": 4125.696,
    "Avg Output Length": 127.652,
    "Total Throughput": 8260.590618881977,
    "Input Throughput": 8012.017237235313,
    "Output Throughput": 8012.017237235313,
    "request_time": {
        "P25": 24.990158557891846,
        "P50": 25.60292387008667,
        "P75": 26.457513332366943,
        "P90": 27.53179931640625,
        "P95": 28.02236247062683,
        "P99": 28.06359601020813,
        "P100": 35.27242922782898
    },
    "first_token_time_dict": {
        "P25": 9.769265174865723,
        "P50": 10.336363792419434,
        "P75": 18.537720441818237,
        "P90": 19.483276844024658,
        "P95": 19.81185269355774,
        "P99": 19.920526266098022,
        "P100": 20.52312421798706
    },
    "decode_token_time_dict": {
        "P25": 55.63257247444213,
        "P50": 114.72087957727628,
        "P75": 124.93162267790066,
        "P90": 136.45896198242667,
        "P95": 137.33405203331174,
        "P99": 202.39782333374023,
        "P100": 1054.6628778631039
    }
}