{
    "backend": "triton",
    "clients": 25,
    "request_num": 500,
    "Total QPS": 0.9180783674423005,
    "Avg Input Length": 8250.884,
    "Avg Output Length": 127.722,
    "Total Throughput": 7692.472143708414,
    "Input Throughput": 7574.9581126757985,
    "Output Throughput": 7574.9581126757985,
    "request_time": {
        "P25": 24.14801549911499,
        "P50": 27.64179801940918,
        "P75": 29.279080629348755,
        "P90": 30.561588525772095,
        "P95": 31.817564249038696,
        "P99": 31.906500101089478,
        "P100": 39.78837442398071
    },
    "first_token_time_dict": {
        "P25": 10.987757205963135,
        "P50": 11.47482681274414,
        "P75": 20.445466995239258,
        "P90": 22.433611154556274,
        "P95": 23.134162664413452,
        "P99": 23.7181293964386,
        "P100": 26.23857021331787
    },
    "decode_token_time_dict": {
        "P25": 56.24561046990822,
        "P50": 100.97551721287525,
        "P75": 137.00988724475772,
        "P90": 147.8318511031744,
        "P95": 194.594856322281,
        "P99": 226.48101716529666,
        "P100": 299.5575004153782
    }
}