{
    "backend": "triton",
    "clients": 25,
    "request_num": 500,
    "Total QPS": 1.7954457488205273,
    "Avg Input Length": 4125.696,
    "Avg Output Length": 127.494,
    "Total Throughput": 7637.280399974882,
    "Input Throughput": 7407.463344125854,
    "Output Throughput": 7407.463344125854,
    "request_time": {
        "P25": 12.611053943634033,
        "P50": 14.006808280944824,
        "P75": 14.87937331199646,
        "P90": 15.362976789474487,
        "P95": 15.870558500289917,
        "P99": 16.02837586402893,
        "P100": 16.421095609664917
    },
    "first_token_time_dict": {
        "P25": 8.068948030471802,
        "P50": 8.965317726135254,
        "P75": 9.705043077468872,
        "P90": 10.4301917552948,
        "P95": 10.707159996032715,
        "P99": 10.74768328666687,
        "P100": 11.940747499465942
    },
    "decode_token_time_dict": {
        "P25": 36.07659640274648,
        "P50": 38.185690331646775,
        "P75": 42.08775017205186,
        "P90": 49.85167941109079,
        "P95": 107.77379020931214,
        "P99": 115.29841197757271,
        "P100": 122.40301717923383
    }
}