{
    "backend": "triton",
    "clients": 10,
    "request_num": 500,
    "Total QPS": 0.8261218585182403,
    "Avg Input Length": 8250.884,
    "Avg Output Length": 127.894,
    "Total Throughput": 6921.979222388748,
    "Input Throughput": 6816.235624498413,
    "Output Throughput": 6816.235624498413,
    "request_time": {
        "P25": 11.141079187393188,
        "P50": 12.202555894851685,
        "P75": 12.964966535568237,
        "P90": 13.805381298065186,
        "P95": 14.183328866958618,
        "P99": 15.004037380218506,
        "P100": 15.061620712280273
    },
    "first_token_time_dict": {
        "P25": 6.1667397022247314,
        "P50": 7.291658878326416,
        "P75": 8.472935676574707,
        "P90": 9.572718620300293,
        "P95": 10.055663585662842,
        "P99": 11.446522235870361,
        "P100": 11.455876588821411
    },
    "decode_token_time_dict": {
        "P25": 29.533463200246256,
        "P50": 34.72669481292484,
        "P75": 40.79951263788178,
        "P90": 89.92547125328244,
        "P95": 94.46779573996237,
        "P99": 102.20033165038102,
        "P100": 110.04542741249865
    }
}