{
    "backend": "triton",
    "clients": 10,
    "request_num": 500,
    "Total QPS": 3.0095731227361933,
    "Avg Input Length": 1031.778,
    "Avg Output Length": 127.066,
    "Total Throughput": 3490.4366971407367,
    "Input Throughput": 3105.211337430504,
    "Output Throughput": 3105.211337430504,
    "request_time": {
        "P25": 3.223109722137451,
        "P50": 3.331242322921753,
        "P75": 3.4128081798553467,
        "P90": 3.4995787143707275,
        "P95": 3.549272060394287,
        "P99": 3.618650197982788,
        "P100": 3.6899049282073975
    },
    "first_token_time_dict": {
        "P25": 0.1458740234375,
        "P50": 0.7691154479980469,
        "P75": 0.9314887523651123,
        "P90": 1.078350305557251,
        "P95": 1.1357438564300537,
        "P99": 1.176156759262085,
        "P100": 1.1820685863494873
    },
    "decode_token_time_dict": {
        "P25": 18.71953048105315,
        "P50": 19.63789256538932,
        "P75": 24.524414633202742,
        "P90": 25.60949513292688,
        "P95": 26.017273504903,
        "P99": 27.10722750566137,
        "P100": 41.031743798937114
    }
}