{
    "backend": "triton",
    "clients": 15,
    "request_num": 500,
    "Total QPS": 0.8764582561059234,
    "Avg Input Length": 8250.884,
    "Avg Output Length": 127.786,
    "Total Throughput": 7343.7420587538245,
    "Input Throughput": 7231.555401972267,
    "Output Throughput": 7231.555401972267,
    "request_time": {
        "P25": 16.0734121799469,
        "P50": 17.159657955169678,
        "P75": 18.222130298614502,
        "P90": 19.475524425506592,
        "P95": 19.844051837921143,
        "P99": 19.871549606323242,
        "P100": 19.8915798664093
    },
    "first_token_time_dict": {
        "P25": 10.377217054367065,
        "P50": 11.13172960281372,
        "P75": 11.846583604812622,
        "P90": 12.185673236846924,
        "P95": 12.420473337173462,
        "P99": 15.020786046981812,
        "P100": 15.790698051452637
    },
    "decode_token_time_dict": {
        "P25": 39.01636694359967,
        "P50": 46.85333957822304,
        "P75": 56.844041103453144,
        "P90": 116.51378729212003,
        "P95": 128.10924860436145,
        "P99": 143.09471235500544,
        "P100": 148.25340894263562
    }
}