{
    "backend": "triton",
    "clients": 15,
    "request_num": 500,
    "Total QPS": 3.8261829094819544,
    "Avg Input Length": 1031.778,
    "Avg Output Length": 126.934,
    "Total Throughput": 4437.522762393162,
    "Input Throughput": 3947.7713499794722,
    "Output Throughput": 3947.7713499794722,
    "request_time": {
        "P25": 3.814470052719116,
        "P50": 3.901747465133667,
        "P75": 4.05310845375061,
        "P90": 4.11028790473938,
        "P95": 4.162010908126831,
        "P99": 4.260723352432251,
        "P100": 4.2670488357543945
    },
    "first_token_time_dict": {
        "P25": 0.7723779678344727,
        "P50": 1.0899889469146729,
        "P75": 1.2955453395843506,
        "P90": 1.4887123107910156,
        "P95": 1.5240063667297363,
        "P99": 1.629058837890625,
        "P100": 1.6367661952972412
    },
    "decode_token_time_dict": {
        "P25": 20.333367069875163,
        "P50": 22.0547191740021,
        "P75": 24.52312867472491,
        "P90": 29.89413606838917,
        "P95": 30.914415524700495,
        "P99": 31.772758078387405,
        "P100": 268.91738176345825
    }
}