{
    "backend": "triton",
    "clients": 100,
    "request_num": 500,
    "Total QPS": 1.9829346864335085,
    "Avg Input Length": 4125.696,
    "Avg Output Length": 127.494,
    "Total Throughput": 8434.801343943469,
    "Input Throughput": 8180.985704079981,
    "Output Throughput": 8180.985704079981,
    "request_time": {
        "P25": 42.27418041229248,
        "P50": 51.33115220069885,
        "P75": 55.27361822128296,
        "P90": 55.8060507774353,
        "P95": 64.87667870521545,
        "P99": 74.89127206802368,
        "P100": 74.93562483787537
    },
    "first_token_time_dict": {
        "P25": 20.266159534454346,
        "P50": 25.83914566040039,
        "P75": 32.359527349472046,
        "P90": 32.933473110198975,
        "P95": 42.76722526550293,
        "P99": 52.95711898803711,
        "P100": 52.986183166503906
    },
    "decode_token_time_dict": {
        "P25": 176.6600909195547,
        "P50": 179.5759933201347,
        "P75": 185.2370904186579,
        "P90": 206.88763378173348,
        "P95": 210.45491826815868,
        "P99": 253.2999947315126,
        "P100": 600.3344492478803
    }
}