{
    "backend": "triton",
    "clients": 100,
    "request_num": 500,
    "Total QPS": 0.4129135993761184,
    "Avg Input Length": 16469.37,
    "Avg Output Length": 127.898,
    "Total Throughput": 6853.279786877206,
    "Input Throughput": 6800.426846157063,
    "Output Throughput": 6800.426846157063,
    "request_time": {
        "P25": 230.28883385658264,
        "P50": 243.54650235176086,
        "P75": 249.6997413635254,
        "P90": 258.14985632896423,
        "P95": 262.50018429756165,
        "P99": 266.01322865486145,
        "P100": 274.72582173347473
    },
    "first_token_time_dict": {
        "P25": 204.01896619796753,
        "P50": 214.9557511806488,
        "P75": 221.8245689868927,
        "P90": 229.02880024909973,
        "P95": 234.25412845611572,
        "P99": 237.668869972229,
        "P100": 250.0561020374298
    },
    "decode_token_time_dict": {
        "P25": 212.45810929245837,
        "P50": 220.33647852619802,
        "P75": 232.07654539994368,
        "P90": 242.93577577185442,
        "P95": 260.49448561480665,
        "P99": 276.41331680177706,
        "P100": 365.1644022841203
    }
}