{
    "backend": "triton",
    "clients": 5,
    "request_num": 500,
    "Total QPS": 0.36782382442981587,
    "Avg Input Length": 16469.37,
    "Avg Output Length": 127.898,
    "Total Throughput": 6104.908108876693,
    "Input Throughput": 6057.826659349676,
    "Output Throughput": 6057.826659349676,
    "request_time": {
        "P25": 11.91863751411438,
        "P50": 13.413844347000122,
        "P75": 15.414915561676025,
        "P90": 16.66005802154541,
        "P95": 17.425780057907104,
        "P99": 18.422240495681763,
        "P100": 18.83328938484192
    },
    "first_token_time_dict": {
        "P25": 2.3582420349121094,
        "P50": 6.4000561237335205,
        "P75": 9.157680034637451,
        "P90": 10.343717575073242,
        "P95": 11.936115741729736,
        "P99": 13.490903615951538,
        "P100": 14.80438494682312
    },
    "decode_token_time_dict": {
        "P25": 37.31102830781712,
        "P50": 49.083007602241096,
        "P75": 84.0041543555072,
        "P90": 101.8899031511442,
        "P95": 110.6877608562079,
        "P99": 125.25459912818249,
        "P100": 138.2330064698467
    }
}