{
    "backend": "triton",
    "clients": 5,
    "request_num": 500,
    "Total QPS": 1.1129011222972647,
    "Avg Input Length": 4125.696,
    "Avg Output Length": 127.526,
    "Total Throughput": 4733.943052311385,
    "Input Throughput": 4591.491708657335,
    "Output Throughput": 4591.491708657335,
    "request_time": {
        "P25": 4.182679653167725,
        "P50": 4.465453147888184,
        "P75": 4.808343172073364,
        "P90": 5.018714427947998,
        "P95": 5.2040793895721436,
        "P99": 5.448282957077026,
        "P100": 5.524542570114136
    },
    "first_token_time_dict": {
        "P25": 0.44474124908447266,
        "P50": 0.9347376823425293,
        "P75": 1.5981285572052002,
        "P90": 2.162905693054199,
        "P95": 2.406804084777832,
        "P99": 2.7058916091918945,
        "P100": 2.881753921508789
    },
    "decode_token_time_dict": {
        "P25": 22.11622741278701,
        "P50": 27.460250328844925,
        "P75": 31.282913027785895,
        "P90": 34.07098740104615,
        "P95": 35.38910985931637,
        "P99": 37.29364440197081,
        "P100": 39.48757592148668
    }
}