{
    "backend": "triton",
    "clients": 25,
    "request_num": 500,
    "Total QPS": 0.4133342849857624,
    "Avg Input Length": 16469.37,
    "Avg Output Length": 127.898,
    "Total Throughput": 6860.262061594144,
    "Input Throughput": 6807.355273115966,
    "Output Throughput": 6807.355273115966,
    "request_time": {
        "P25": 53.3268518447876,
        "P50": 61.375173807144165,
        "P75": 66.8395688533783,
        "P90": 69.99606490135193,
        "P95": 74.0846095085144,
        "P99": 78.978276014328,
        "P100": 81.26635789871216
    },
    "first_token_time_dict": {
        "P25": 26.448850870132446,
        "P50": 29.607580423355103,
        "P75": 38.593465089797974,
        "P90": 40.16610050201416,
        "P95": 41.50149893760681,
        "P99": 51.04498243331909,
        "P100": 52.426199197769165
    },
    "decode_token_time_dict": {
        "P25": 212.61635915500912,
        "P50": 227.2273104960524,
        "P75": 248.06932764729177,
        "P90": 266.84360804520253,
        "P95": 272.7265376744308,
        "P99": 291.9152346182996,
        "P100": 313.5328743401475
    }
}