{
    "backend": "triton",
    "clients": 100,
    "request_num": 500,
    "Total QPS": 7.161492284123063,
    "Avg Input Length": 1031.778,
    "Avg Output Length": 126.448,
    "Total Throughput": 8305.741198295678,
    "Input Throughput": 7389.070185927925,
    "Output Throughput": 7389.070185927925,
    "request_time": {
        "P25": 13.610397338867188,
        "P50": 14.003666639328003,
        "P75": 14.560330629348755,
        "P90": 14.667064189910889,
        "P95": 14.716556549072266,
        "P99": 14.755858421325684,
        "P100": 14.820547342300415
    },
    "first_token_time_dict": {
        "P25": 6.1485865116119385,
        "P50": 8.504889726638794,
        "P75": 9.013330698013306,
        "P90": 9.442230224609375,
        "P95": 9.48202919960022,
        "P99": 9.506739854812622,
        "P100": 9.515632390975952
    },
    "decode_token_time_dict": {
        "P25": 40.01349539268674,
        "P50": 40.462332447682776,
        "P75": 61.894681510024185,
        "P90": 98.39496837826225,
        "P95": 105.01853499825545,
        "P99": 111.86299549313041,
        "P100": 236.87999589102608
    }
}