{
    "backend": "triton",
    "clients": 15,
    "request_num": 500,
    "Total QPS": 0.4112456562002057,
    "Avg Input Length": 16469.37,
    "Avg Output Length": 127.898,
    "Total Throughput": 6825.596316847608,
    "Input Throughput": 6772.956872853982,
    "Output Throughput": 6772.956872853982,
    "request_time": {
        "P25": 33.518370628356934,
        "P50": 36.16870093345642,
        "P75": 39.45874094963074,
        "P90": 41.85062289237976,
        "P95": 43.945059061050415,
        "P99": 62.174983739852905,
        "P100": 73.55366063117981
    },
    "first_token_time_dict": {
        "P25": 8.209219694137573,
        "P50": 13.609105825424194,
        "P75": 22.911773443222046,
        "P90": 25.550174951553345,
        "P95": 27.009464263916016,
        "P99": 33.55352020263672,
        "P100": 43.92471408843994
    },
    "decode_token_time_dict": {
        "P25": 111.53181519095354,
        "P50": 172.39922989071823,
        "P75": 217.56030255415308,
        "P90": 256.23358516242564,
        "P95": 282.23019509803595,
        "P99": 301.24652667308413,
        "P100": 310.48696810804955
    }
}