{
    "backend": "triton",
    "clients": 15,
    "request_num": 500,
    "Total QPS": 1.6435582420571728,
    "Avg Input Length": 4125.696,
    "Avg Output Length": 127.51,
    "Total Throughput": 6991.197120005628,
    "Input Throughput": 6780.821665022309,
    "Output Throughput": 6780.821665022309,
    "request_time": {
        "P25": 8.529655456542969,
        "P50": 9.030988693237305,
        "P75": 9.611623764038086,
        "P90": 10.15746808052063,
        "P95": 10.235628366470337,
        "P99": 10.850857496261597,
        "P100": 10.853060960769653
    },
    "first_token_time_dict": {
        "P25": 4.8058762550354,
        "P50": 5.212110280990601,
        "P75": 5.641878366470337,
        "P90": 6.749558210372925,
        "P95": 7.048106908798218,
        "P99": 7.062273263931274,
        "P100": 7.066617012023926
    },
    "decode_token_time_dict": {
        "P25": 25.078540711890994,
        "P50": 29.770231622410574,
        "P75": 33.36722644295279,
        "P90": 67.23218076811062,
        "P95": 70.87758770139199,
        "P99": 75.41696480878694,
        "P100": 80.45604097561574
    }
}