{
    "backend": "triton",
    "clients": 50,
    "request_num": 500,
    "Total QPS": 0.41338194274310724,
    "Avg Input Length": 16469.37,
    "Avg Output Length": 127.898,
    "Total Throughput": 6861.053055026166,
    "Input Throughput": 6808.140166355049,
    "Output Throughput": 6808.140166355049,
    "request_time": {
        "P25": 116.3671293258667,
        "P50": 120.25882768630981,
        "P75": 127.56119275093079,
        "P90": 132.69419193267822,
        "P95": 136.7823929786682,
        "P99": 140.7768144607544,
        "P100": 157.6679072380066
    },
    "first_token_time_dict": {
        "P25": 86.4582736492157,
        "P50": 90.45836329460144,
        "P75": 96.8156590461731,
        "P90": 102.12098836898804,
        "P95": 105.7864077091217,
        "P99": 110.21716213226318,
        "P100": 128.872328042984
    },
    "decode_token_time_dict": {
        "P25": 217.92943271126333,
        "P50": 235.7475720052644,
        "P75": 251.12820234824352,
        "P90": 271.47013934578484,
        "P95": 282.2703113706093,
        "P99": 300.0778063075749,
        "P100": 316.8144639082781
    }
}