{
    "backend": "triton",
    "clients": 5,
    "request_num": 500,
    "Total QPS": 1.8515700718730495,
    "Avg Input Length": 1031.778,
    "Avg Output Length": 127.102,
    "Total Throughput": 2147.4102348167817,
    "Input Throughput": 1910.4092656170312,
    "Output Throughput": 1910.4092656170312,
    "request_time": {
        "P25": 2.6304221153259277,
        "P50": 2.707280397415161,
        "P75": 2.773566246032715,
        "P90": 2.817843437194824,
        "P95": 2.856351375579834,
        "P99": 2.9336767196655273,
        "P100": 2.981689214706421
    },
    "first_token_time_dict": {
        "P25": 0.11798453330993652,
        "P50": 0.16366362571716309,
        "P75": 0.3586575984954834,
        "P90": 0.45427441596984863,
        "P95": 0.5216701030731201,
        "P99": 0.5703301429748535,
        "P100": 0.6321523189544678
    },
    "decode_token_time_dict": {
        "P25": 18.28879071032907,
        "P50": 19.745150888998676,
        "P75": 20.47681057547021,
        "P90": 20.935118667722687,
        "P95": 21.208581023328886,
        "P99": 21.763581929244395,
        "P100": 24.532562647110378
    }
}