{
    "backend": "triton",
    "clients": 100,
    "request_num": 500,
    "Total QPS": 0.9379325570518362,
    "Avg Input Length": 8250.884,
    "Avg Output Length": 127.568,
    "Total Throughput": 7858.828095360717,
    "Input Throughput": 7738.772728058083,
    "Output Throughput": 7738.772728058083,
    "request_time": {
        "P25": 103.15617990493774,
        "P50": 105.41819453239441,
        "P75": 109.16731286048889,
        "P90": 115.22017288208008,
        "P95": 117.94578075408936,
        "P99": 125.01876878738403,
        "P100": 139.51121282577515
    },
    "first_token_time_dict": {
        "P25": 74.1322865486145,
        "P50": 79.84600901603699,
        "P75": 81.8801896572113,
        "P90": 89.98423600196838,
        "P95": 91.15115237236023,
        "P99": 97.1866865158081,
        "P100": 115.17284440994263
    },
    "decode_token_time_dict": {
        "P25": 192.21670045627386,
        "P50": 197.55428794800767,
        "P75": 227.75987001854602,
        "P90": 253.24650073614646,
        "P95": 261.7622961209515,
        "P99": 269.83345775153697,
        "P100": 400.10116851493103
    }
}