{
    "backend": "lmdeploy",
    "clients": 5,
    "request_num": 500,
    "Total QPS": 1.174892504511294,
    "Avg Input Length": 4125.696,
    "Avg Output Length": 127.422,
    "Total Throughput": 4997.635546869673,
    "Input Throughput": 4847.249306292227,
    "Output Throughput": 4847.249306292227,
    "request_time": {
        "P25": 4.174690008163452,
        "P50": 4.241703510284424,
        "P75": 4.322596073150635,
        "P90": 4.396128177642822,
        "P95": 4.4672605991363525,
        "P99": 4.7113752365112305,
        "P100": 4.890824556350708
    },
    "first_token_time_dict": {
        "P25": 0.2058115005493164,
        "P50": 0.2724323272705078,
        "P75": 0.34777355194091797,
        "P90": 0.4230482578277588,
        "P95": 0.4700279235839844,
        "P99": 0.6663806438446045,
        "P100": 0.8226373195648193
    },
    "decode_token_time_dict": {
        "P25": 30.643834842471627,
        "P50": 31.314096753559415,
        "P75": 32.06537276741088,
        "P90": 32.70620769924588,
        "P95": 33.131370544433594,
        "P99": 34.88510184817844,
        "P100": 40.579821803782245
    }
}