{
    "backend": "lmdeploy",
    "clients": 50,
    "request_num": 500,
    "Total QPS": 2.791188545790331,
    "Avg Input Length": 8250.884,
    "Avg Output Length": 126.438,
    "Total Throughput": 23387.045047305874,
    "Input Throughput": 23029.77291344471,
    "Output Throughput": 23029.77291344471,
    "request_time": {
        "P25": 17.25266170501709,
        "P50": 17.891220331192017,
        "P75": 18.54741406440735,
        "P90": 19.81261944770813,
        "P95": 21.956027030944824,
        "P99": 28.255697011947632,
        "P100": 29.776513814926147
    },
    "first_token_time_dict": {
        "P25": 0.7398765087127686,
        "P50": 1.0580646991729736,
        "P75": 1.3869409561157227,
        "P90": 2.3084638118743896,
        "P95": 5.950635671615601,
        "P99": 12.187111616134644,
        "P100": 13.605341672897339
    },
    "decode_token_time_dict": {
        "P25": 127.52595401945568,
        "P50": 133.59153270721436,
        "P75": 137.10429573059082,
        "P90": 139.2674196150995,
        "P95": 142.76176785665845,
        "P99": 146.2225284576416,
        "P100": 172.08085705836615
    }
}