{
    "backend": "lmdeploy",
    "clients": 50,
    "request_num": 500,
    "Total QPS": 4.462923187192719,
    "Avg Input Length": 4125.696,
    "Avg Output Length": 127.534,
    "Total Throughput": 18983.91850966892,
    "Input Throughput": 18412.664341708252,
    "Output Throughput": 18412.664341708252,
    "request_time": {
        "P25": 10.879382848739624,
        "P50": 11.20126223564148,
        "P75": 11.4952712059021,
        "P90": 11.82351803779602,
        "P95": 13.089070320129395,
        "P99": 16.020650148391724,
        "P100": 16.49340558052063
    },
    "first_token_time_dict": {
        "P25": 0.41074395179748535,
        "P50": 0.6194713115692139,
        "P75": 0.748281717300415,
        "P90": 1.2746963500976562,
        "P95": 2.9788434505462646,
        "P99": 6.070495128631592,
        "P100": 6.452543258666992
    },
    "decode_token_time_dict": {
        "P25": 80.71790529987005,
        "P50": 83.59450574905154,
        "P75": 84.94942207036055,
        "P90": 85.75691951541451,
        "P95": 86.71974760340893,
        "P99": 89.40650735582624,
        "P100": 102.72735641116188
    }
}