{
    "backend": "lmdeploy",
    "clients": 15,
    "request_num": 500,
    "Total QPS": 2.298718360646146,
    "Avg Input Length": 4125.696,
    "Avg Output Length": 127.574,
    "Total Throughput": 9778.049095807068,
    "Input Throughput": 9483.81314564436,
    "Output Throughput": 9483.81314564436,
    "request_time": {
        "P25": 6.3586106300354,
        "P50": 6.485438346862793,
        "P75": 6.6209540367126465,
        "P90": 6.744510650634766,
        "P95": 6.7978599071502686,
        "P99": 7.071261644363403,
        "P100": 7.396199941635132
    },
    "first_token_time_dict": {
        "P25": 0.27516603469848633,
        "P50": 0.35321545600891113,
        "P75": 0.46651625633239746,
        "P90": 0.7037863731384277,
        "P95": 0.7510619163513184,
        "P99": 1.493309736251831,
        "P100": 1.825575828552246
    },
    "decode_token_time_dict": {
        "P25": 46.82763354984794,
        "P50": 48.10895694522407,
        "P75": 49.17555531178872,
        "P90": 49.9242328283355,
        "P95": 50.65293728359162,
        "P99": 52.30858570008766,
        "P100": 85.95619542258126
    }
}