{
    "backend": "lmdeploy",
    "clients": 100,
    "request_num": 494,
    "Total QPS": 1.5852423722842148,
    "Avg Input Length": 16469.37,
    "Avg Output Length": 127.71052631578948,
    "Total Throughput": 26630.41922315674,
    "Input Throughput": 26425.04369314421,
    "Output Throughput": 26425.04369314421,
    "request_time": {
        "P25": 60.44340944290161,
        "P50": 62.70317220687866,
        "P75": 64.5613214969635,
        "P90": 66.69537329673767,
        "P95": 79.33188772201538,
        "P99": 95.57035326957703,
        "P100": 97.7180585861206
    },
    "first_token_time_dict": {
        "P25": 22.289565563201904,
        "P50": 24.33717703819275,
        "P75": 25.778657913208008,
        "P90": 27.506160259246826,
        "P95": 40.14020252227783,
        "P99": 56.95937490463257,
        "P100": 59.11696267127991
    },
    "decode_token_time_dict": {
        "P25": 304.3902877747543,
        "P50": 306.24576065483996,
        "P75": 307.6835898902472,
        "P90": 308.6419312034066,
        "P95": 309.0275948441873,
        "P99": 310.04505457840565,
        "P100": 332.44541771391516
    }
}