{
    "backend": "lmdeploy",
    "clients": 10,
    "request_num": 500,
    "Total QPS": 1.7725566553266283,
    "Avg Input Length": 4125.696,
    "Avg Output Length": 127.57,
    "Total Throughput": 7539.917154536258,
    "Input Throughput": 7313.029902654449,
    "Output Throughput": 7313.029902654449,
    "request_time": {
        "P25": 5.512775897979736,
        "P50": 5.640339374542236,
        "P75": 5.75703239440918,
        "P90": 5.884511232376099,
        "P95": 5.969482660293579,
        "P99": 6.104595422744751,
        "P100": 6.296874284744263
    },
    "first_token_time_dict": {
        "P25": 0.24381566047668457,
        "P50": 0.3112623691558838,
        "P75": 0.39102602005004883,
        "P90": 0.5059213638305664,
        "P95": 0.6681959629058838,
        "P99": 0.9979331493377686,
        "P100": 1.3529233932495117
    },
    "decode_token_time_dict": {
        "P25": 40.82344460675097,
        "P50": 41.95492608206613,
        "P75": 42.7368344284418,
        "P90": 43.71823851517805,
        "P95": 44.13769358680362,
        "P99": 45.399408640823964,
        "P100": 60.94395155194162
    }
}