{
    "backend": "lmdeploy",
    "clients": 5,
    "request_num": 494,
    "Total QPS": 0.770829025254201,
    "Avg Input Length": 16469.37,
    "Avg Output Length": 118.44534412955466,
    "Total Throughput": 12949.124027209837,
    "Input Throughput": 12849.25953810808,
    "Output Throughput": 12849.25953810808,
    "request_time": {
        "P25": 6.084730863571167,
        "P50": 6.481680870056152,
        "P75": 6.864200830459595,
        "P90": 7.172814846038818,
        "P95": 7.378570318222046,
        "P99": 7.795629501342773,
        "P100": 9.07682466506958
    },
    "first_token_time_dict": {
        "P25": 0.558690071105957,
        "P50": 0.7632119655609131,
        "P75": 0.9567744731903076,
        "P90": 1.1969802379608154,
        "P95": 1.3803799152374268,
        "P99": 1.9585847854614258,
        "P100": 3.5715858936309814
    },
    "decode_token_time_dict": {
        "P25": 44.95819544388076,
        "P50": 48.709647408847154,
        "P75": 52.3145239928673,
        "P90": 55.09011021682194,
        "P95": 57.062836016638805,
        "P99": 59.487747294562205,
        "P100": 61.60435632423118
    }
}