{
    "backend": "lmdeploy",
    "clients": 5,
    "request_num": 500,
    "Total QPS": 1.0099202773261793,
    "Avg Input Length": 8250.884,
    "Avg Output Length": 125.464,
    "Total Throughput": 8462.004852963886,
    "Input Throughput": 8332.735057466136,
    "Output Throughput": 8332.735057466136,
    "request_time": {
        "P25": 4.775861024856567,
        "P50": 4.962027311325073,
        "P75": 5.134441614151001,
        "P90": 5.219366550445557,
        "P95": 5.34410834312439,
        "P99": 5.533638954162598,
        "P100": 5.820749282836914
    },
    "first_token_time_dict": {
        "P25": 0.287365198135376,
        "P50": 0.40900254249572754,
        "P75": 0.5260558128356934,
        "P90": 0.651374340057373,
        "P95": 0.8213903903961182,
        "P99": 1.328969955444336,
        "P100": 1.5874693393707275
    },
    "decode_token_time_dict": {
        "P25": 34.92063860739431,
        "P50": 36.38562134334019,
        "P75": 37.86764606352775,
        "P90": 38.94539383368763,
        "P95": 39.658424282862136,
        "P99": 40.659370969553464,
        "P100": 48.185277552831735
    }
}