{
    "backend": "lmdeploy",
    "clients": 50,
    "request_num": 494,
    "Total QPS": 1.5306655938224951,
    "Avg Input Length": 16469.37,
    "Avg Output Length": 123.34615384615384,
    "Total Throughput": 25713.58624184379,
    "Input Throughput": 25515.281387583385,
    "Output Throughput": 25515.281387583385,
    "request_time": {
        "P25": 31.420944690704346,
        "P50": 32.98674988746643,
        "P75": 34.16480231285095,
        "P90": 35.569228172302246,
        "P95": 40.99313163757324,
        "P99": 53.30610370635986,
        "P100": 55.77013444900513
    },
    "first_token_time_dict": {
        "P25": 1.3772802352905273,
        "P50": 1.9312314987182617,
        "P75": 2.8469958305358887,
        "P90": 4.913928508758545,
        "P95": 12.902585744857788,
        "P99": 24.79589319229126,
        "P100": 27.015702486038208
    },
    "decode_token_time_dict": {
        "P25": 238.24419577916464,
        "P50": 251.08275604248047,
        "P75": 259.1094521225476,
        "P90": 262.68320724743757,
        "P95": 265.6980068957219,
        "P99": 271.8024893504817,
        "P100": 274.12142676691855
    }
}