{
    "backend": "triton",
    "clients": 25,
    "request_num": 500,
    "Total QPS": 2.2806346521633425,
    "Avg Input Length": 16469.37,
    "Avg Output Length": 128.0,
    "Total Throughput": 37852.5371567763,
    "Input Throughput": 37560.61592129939,
    "Output Throughput": 37560.61592129939,
    "request_time": {
        "P25": 9.98297643661499,
        "P50": 11.214397668838501,
        "P75": 11.655643463134766,
        "P90": 12.061736106872559,
        "P95": 12.201756715774536,
        "P99": 12.71723747253418,
        "P100": 12.724524021148682
    },
    "first_token_time_dict": {
        "P25": 6.3992156982421875,
        "P50": 6.680085897445679,
        "P75": 7.043315410614014,
        "P90": 9.61438250541687,
        "P95": 10.185890913009644,
        "P99": 11.017623662948608,
        "P100": 11.02647089958191
    },
    "decode_token_time_dict": {
        "P25": 21.701848413061906,
        "P50": 34.01104296286275,
        "P75": 39.225262919748864,
        "P90": 43.957546940000036,
        "P95": 46.616372161024195,
        "P99": 88.46184775585265,
        "P100": 96.6708322209636
    }
}