{
    "backend": "triton",
    "clients": 50,
    "request_num": 500,
    "Total QPS": 4.619953430191263,
    "Avg Input Length": 8250.884,
    "Avg Output Length": 128.0,
    "Total Throughput": 38710.053876974685,
    "Input Throughput": 38118.69983791021,
    "Output Throughput": 38118.69983791021,
    "request_time": {
        "P25": 10.65076208114624,
        "P50": 10.741856575012207,
        "P75": 11.132900476455688,
        "P90": 11.31555724143982,
        "P95": 11.547253847122192,
        "P99": 11.572164058685303,
        "P100": 11.587150812149048
    },
    "first_token_time_dict": {
        "P25": 6.3578455448150635,
        "P50": 6.4564735889434814,
        "P75": 8.071527004241943,
        "P90": 9.130993604660034,
        "P95": 9.466321468353271,
        "P99": 9.745304346084595,
        "P100": 9.760119438171387
    },
    "decode_token_time_dict": {
        "P25": 14.406024001714751,
        "P50": 33.55801574827179,
        "P75": 37.65803059255044,
        "P90": 39.789766777218794,
        "P95": 59.29037905114842,
        "P99": 83.45370029839944,
        "P100": 88.53717113104392
    }
}