{
    "backend": "triton",
    "clients": 25,
    "request_num": 500,
    "Total QPS": 4.13243700459844,
    "Avg Input Length": 8250.884,
    "Avg Output Length": 128.0,
    "Total Throughput": 34625.210298837796,
    "Input Throughput": 34096.2583622492,
    "Output Throughput": 34096.2583622492,
    "request_time": {
        "P25": 5.58390474319458,
        "P50": 6.1397624015808105,
        "P75": 6.38540244102478,
        "P90": 6.586620569229126,
        "P95": 6.629316329956055,
        "P99": 6.943617582321167,
        "P100": 6.954453468322754
    },
    "first_token_time_dict": {
        "P25": 4.014531850814819,
        "P50": 4.552808046340942,
        "P75": 4.831580400466919,
        "P90": 5.047833204269409,
        "P95": 5.065563678741455,
        "P99": 5.383219242095947,
        "P100": 5.386041641235352
    },
    "decode_token_time_dict": {
        "P25": 11.893557751272608,
        "P50": 12.020969015406811,
        "P75": 12.166755405936653,
        "P90": 14.523254604790155,
        "P95": 21.71491074749804,
        "P99": 48.408739210113765,
        "P100": 52.93715281749335
    }
}