{
    "backend": "triton",
    "clients": 100,
    "request_num": 500,
    "Total QPS": 4.92591446044893,
    "Avg Input Length": 8250.884,
    "Avg Output Length": 128.0,
    "Total Throughput": 41273.66585802418,
    "Input Throughput": 40643.14880708671,
    "Output Throughput": 40643.14880708671,
    "request_time": {
        "P25": 20.008281230926514,
        "P50": 20.511623859405518,
        "P75": 20.656049489974976,
        "P90": 20.70073676109314,
        "P95": 20.72093415260315,
        "P99": 20.739903450012207,
        "P100": 20.775126695632935
    },
    "first_token_time_dict": {
        "P25": 6.487778425216675,
        "P50": 12.639228582382202,
        "P75": 12.778423070907593,
        "P90": 18.27103877067566,
        "P95": 18.3013014793396,
        "P99": 18.402750492095947,
        "P100": 18.431964874267578
    },
    "decode_token_time_dict": {
        "P25": 53.05617625319113,
        "P50": 62.624116582194645,
        "P75": 106.78902198010543,
        "P90": 111.91572729996808,
        "P95": 112.24774300582766,
        "P99": 112.70007749242107,
        "P100": 161.63644640464483
    }
}