{
    "backend": "triton",
    "clients": 15,
    "request_num": 500,
    "Total QPS": 5.502244253135486,
    "Avg Input Length": 4125.696,
    "Avg Output Length": 128.0,
    "Total Throughput": 23404.874370585403,
    "Input Throughput": 22700.587106184063,
    "Output Throughput": 22700.587106184063,
    "request_time": {
        "P25": 2.6101741790771484,
        "P50": 2.6919257640838623,
        "P75": 2.7939364910125732,
        "P90": 2.9152841567993164,
        "P95": 2.924501657485962,
        "P99": 2.9571151733398438,
        "P100": 2.9596657752990723
    },
    "first_token_time_dict": {
        "P25": 1.227015495300293,
        "P50": 1.3199493885040283,
        "P75": 1.439530849456787,
        "P90": 1.5577545166015625,
        "P95": 1.5684993267059326,
        "P99": 1.5943734645843506,
        "P100": 1.6016199588775635
    },
    "decode_token_time_dict": {
        "P25": 10.588871212456171,
        "P50": 10.618258648969997,
        "P75": 10.66026912899468,
        "P90": 10.712306330523154,
        "P95": 19.771703584926335,
        "P99": 21.628721492497,
        "P100": 22.276330181932824
    }
}