{
    "backend": "triton",
    "clients": 50,
    "request_num": 500,
    "Total QPS": 8.15812428121709,
    "Avg Input Length": 4125.696,
    "Avg Output Length": 128.0,
    "Total Throughput": 34702.18062251601,
    "Input Throughput": 33657.94071452022,
    "Output Throughput": 33657.94071452022,
    "request_time": {
        "P25": 6.024900913238525,
        "P50": 6.086523056030273,
        "P75": 6.301305055618286,
        "P90": 6.391836643218994,
        "P95": 6.42712140083313,
        "P99": 6.453824758529663,
        "P100": 6.469622850418091
    },
    "first_token_time_dict": {
        "P25": 4.274235725402832,
        "P50": 4.3742287158966064,
        "P75": 4.608582019805908,
        "P90": 4.6747400760650635,
        "P95": 4.730319261550903,
        "P99": 4.746291875839233,
        "P100": 4.750051021575928
    },
    "decode_token_time_dict": {
        "P25": 13.22825311675785,
        "P50": 13.30221356369379,
        "P75": 13.402608435923659,
        "P90": 13.547623251366803,
        "P95": 24.485315863541732,
        "P99": 47.07220595652663,
        "P100": 49.44456843879279
    }
}