{
    "backend": "triton",
    "clients": 10,
    "request_num": 500,
    "Total QPS": 1.9520047052916154,
    "Avg Input Length": 16469.37,
    "Avg Output Length": 128.0,
    "Total Throughput": 32398.1443354659,
    "Input Throughput": 32148.287733188572,
    "Output Throughput": 32148.287733188572,
    "request_time": {
        "P25": 4.8634209632873535,
        "P50": 5.124085903167725,
        "P75": 5.466429233551025,
        "P90": 5.729646682739258,
        "P95": 5.971226215362549,
        "P99": 6.238842010498047,
        "P100": 6.243232250213623
    },
    "first_token_time_dict": {
        "P25": 3.1775059700012207,
        "P50": 3.663766384124756,
        "P75": 4.069733381271362,
        "P90": 4.321144104003906,
        "P95": 4.573875427246094,
        "P99": 4.841547012329102,
        "P100": 4.845953941345215
    },
    "decode_token_time_dict": {
        "P25": 10.737606859582616,
        "P50": 10.826497566042923,
        "P75": 10.919522112748753,
        "P90": 29.25714357631413,
        "P95": 37.942017157246745,
        "P99": 42.829087400060935,
        "P100": 45.9603775204636
    }
}