{
    "backend": "triton",
    "clients": 15,
    "request_num": 500,
    "Total QPS": 2.110380049977081,
    "Avg Input Length": 16469.37,
    "Avg Output Length": 128.0,
    "Total Throughput": 35026.758530088104,
    "Input Throughput": 34756.629883691036,
    "Output Throughput": 34756.629883691036,
    "request_time": {
        "P25": 6.695689916610718,
        "P50": 7.187094688415527,
        "P75": 7.537379026412964,
        "P90": 7.926664590835571,
        "P95": 8.0116548538208,
        "P99": 8.14488959312439,
        "P100": 8.153496980667114
    },
    "first_token_time_dict": {
        "P25": 5.075998306274414,
        "P50": 5.640244722366333,
        "P75": 6.048680305480957,
        "P90": 6.427030086517334,
        "P95": 6.510572671890259,
        "P99": 6.631758451461792,
        "P100": 6.64940333366394
    },
    "decode_token_time_dict": {
        "P25": 11.57988338019904,
        "P50": 11.649088596734474,
        "P75": 11.763912486279105,
        "P90": 11.935603900218572,
        "P95": 51.00410566555234,
        "P99": 58.4017686017855,
        "P100": 62.487125396728516
    }
}