{
    "backend": "triton",
    "clients": 5,
    "request_num": 500,
    "Total QPS": 3.8164790193053544,
    "Avg Input Length": 1031.778,
    "Avg Output Length": 128.0,
    "Total Throughput": 4426.268404051925,
    "Input Throughput": 3937.75908958084,
    "Output Throughput": 3937.75908958084,
    "request_time": {
        "P25": 1.293675422668457,
        "P50": 1.3101928234100342,
        "P75": 1.3193681240081787,
        "P90": 1.332035779953003,
        "P95": 1.335474967956543,
        "P99": 1.341259241104126,
        "P100": 1.3515214920043945
    },
    "first_token_time_dict": {
        "P25": 0.10488557815551758,
        "P50": 0.12754297256469727,
        "P75": 0.14252018928527832,
        "P90": 0.15375757217407227,
        "P95": 0.16033411026000977,
        "P99": 0.16799616813659668,
        "P100": 0.1774733066558838
    },
    "decode_token_time_dict": {
        "P25": 9.225787140253022,
        "P50": 9.258277772918461,
        "P75": 9.30374626099594,
        "P90": 9.986379953819936,
        "P95": 10.051819283192552,
        "P99": 10.179512144073726,
        "P100": 10.232247705534688
    }
}