{
    "backend": "triton",
    "clients": 5,
    "request_num": 500,
    "Total QPS": 1.5869362764516557,
    "Avg Input Length": 16469.37,
    "Avg Output Length": 128.0,
    "Total Throughput": 26338.96854669042,
    "Input Throughput": 26135.840703304606,
    "Output Throughput": 26135.840703304606,
    "request_time": {
        "P25": 2.8965885639190674,
        "P50": 3.158928155899048,
        "P75": 3.3895151615142822,
        "P90": 3.564927816390991,
        "P95": 3.646336793899536,
        "P99": 3.7862472534179688,
        "P100": 3.878319501876831
    },
    "first_token_time_dict": {
        "P25": 1.3735175132751465,
        "P50": 1.784576654434204,
        "P75": 2.099353790283203,
        "P90": 2.2924752235412598,
        "P95": 2.375061273574829,
        "P99": 2.5189731121063232,
        "P100": 2.6130852699279785
    },
    "decode_token_time_dict": {
        "P25": 9.787101445235605,
        "P50": 9.8689541103333,
        "P75": 9.956245347270816,
        "P90": 22.750845105629267,
        "P95": 24.062937638891025,
        "P99": 26.309131637332946,
        "P100": 28.224237321868657
    }
}