{
    "backend": "triton",
    "clients": 50,
    "request_num": 500,
    "Total QPS": 2.425926771247796,
    "Avg Input Length": 16469.37,
    "Avg Output Length": 128.0,
    "Total Throughput": 40264.00421530503,
    "Input Throughput": 39953.48558858531,
    "Output Throughput": 39953.48558858531,
    "request_time": {
        "P25": 20.28207230567932,
        "P50": 20.50439214706421,
        "P75": 21.181071519851685,
        "P90": 21.732237339019775,
        "P95": 21.92511749267578,
        "P99": 21.9577898979187,
        "P100": 21.972995281219482
    },
    "first_token_time_dict": {
        "P25": 6.706077337265015,
        "P50": 12.795015573501587,
        "P75": 13.503795385360718,
        "P90": 18.56328821182251,
        "P95": 19.282422304153442,
        "P99": 19.64214539527893,
        "P100": 19.90625500679016
    },
    "decode_token_time_dict": {
        "P25": 42.61074291439507,
        "P50": 67.56689604811781,
        "P75": 108.54323454729216,
        "P90": 117.96625017181157,
        "P95": 122.1624828699067,
        "P99": 159.41666618106873,
        "P100": 171.355919575128
    }
}