{
    "backend": "triton",
    "clients": 5,
    "request_num": 500,
    "Total QPS": 3.0104632183701763,
    "Avg Input Length": 4125.696,
    "Avg Output Length": 128.0,
    "Total Throughput": 12805.595350128346,
    "Input Throughput": 12420.256058176963,
    "Output Throughput": 12420.256058176963,
    "request_time": {
        "P25": 1.606994390487671,
        "P50": 1.656661033630371,
        "P75": 1.712982416152954,
        "P90": 1.7511951923370361,
        "P95": 1.7744107246398926,
        "P99": 1.8208088874816895,
        "P100": 1.8389713764190674
    },
    "first_token_time_dict": {
        "P25": 0.3470277786254883,
        "P50": 0.44344472885131836,
        "P75": 0.5073237419128418,
        "P90": 0.5569183826446533,
        "P95": 0.5789382457733154,
        "P99": 0.6244997978210449,
        "P100": 0.6448447704315186
    },
    "decode_token_time_dict": {
        "P25": 9.36338845200426,
        "P50": 9.387187131746547,
        "P75": 9.418855501910832,
        "P90": 12.218576716625785,
        "P95": 12.636411847092036,
        "P99": 13.058390204362043,
        "P100": 13.378329164399876
    }
}