{
    "backend": "triton",
    "clients": 100,
    "request_num": 500,
    "Total QPS": 9.147495615768719,
    "Avg Input Length": 4125.696,
    "Avg Output Length": 128.0,
    "Total Throughput": 38910.665510812934,
    "Input Throughput": 37739.78607199454,
    "Output Throughput": 37739.78607199454,
    "request_time": {
        "P25": 10.785646200180054,
        "P50": 10.995799779891968,
        "P75": 11.069934129714966,
        "P90": 11.096305847167969,
        "P95": 11.112436532974243,
        "P99": 11.158726215362549,
        "P100": 11.183243989944458
    },
    "first_token_time_dict": {
        "P25": 6.20266056060791,
        "P50": 6.298078775405884,
        "P75": 8.758002281188965,
        "P90": 8.976863384246826,
        "P95": 9.002170085906982,
        "P99": 9.028895616531372,
        "P100": 9.047473192214966
    },
    "decode_token_time_dict": {
        "P25": 16.52975720683421,
        "P50": 33.71258795730711,
        "P75": 36.08442103768897,
        "P90": 59.58457255926658,
        "P95": 59.83728498924436,
        "P99": 78.9530145840382,
        "P100": 86.5126031590259
    }
}