{
    "backend": "triton",
    "clients": 25,
    "request_num": 500,
    "Total QPS": 6.7699326695546285,
    "Avg Input Length": 4125.696,
    "Avg Output Length": 128.0,
    "Total Throughput": 28797.235516753844,
    "Input Throughput": 27930.68413505085,
    "Output Throughput": 27930.68413505085,
    "request_time": {
        "P25": 3.4733169078826904,
        "P50": 3.7170610427856445,
        "P75": 3.8559274673461914,
        "P90": 3.9378960132598877,
        "P95": 3.9869041442871094,
        "P99": 4.148573398590088,
        "P100": 4.158305644989014
    },
    "first_token_time_dict": {
        "P25": 1.9902687072753906,
        "P50": 2.2535135746002197,
        "P75": 2.385967493057251,
        "P90": 2.470524311065674,
        "P95": 2.5038557052612305,
        "P99": 2.671520709991455,
        "P100": 2.675468683242798
    },
    "decode_token_time_dict": {
        "P25": 11.39063347043015,
        "P50": 11.453001517949142,
        "P75": 11.528914368997409,
        "P90": 13.45309497803215,
        "P95": 23.50628094410333,
        "P99": 29.31341599291704,
        "P100": 31.697609293179248
    }
}