{
    "backend": "triton",
    "clients": 10,
    "request_num": 500,
    "Total QPS": 4.557807259937278,
    "Avg Input Length": 4125.696,
    "Avg Output Length": 128.0,
    "Total Throughput": 19387.52651036616,
    "Input Throughput": 18804.127181094187,
    "Output Throughput": 18804.127181094187,
    "request_time": {
        "P25": 2.100538492202759,
        "P50": 2.185765504837036,
        "P75": 2.2733325958251953,
        "P90": 2.3464484214782715,
        "P95": 2.3967928886413574,
        "P99": 2.4679057598114014,
        "P100": 2.472102642059326
    },
    "first_token_time_dict": {
        "P25": 0.775965690612793,
        "P50": 0.8925137519836426,
        "P75": 0.9820480346679688,
        "P90": 1.0570626258850098,
        "P95": 1.101736307144165,
        "P99": 1.168630599975586,
        "P100": 1.172799825668335
    },
    "decode_token_time_dict": {
        "P25": 10.05082618533157,
        "P50": 10.122045757263665,
        "P75": 10.152966957392655,
        "P90": 10.250645359670083,
        "P95": 16.609131820558563,
        "P99": 17.571683943740965,
        "P100": 18.469543907586047
    }
}