{
    "backend": "triton",
    "clients": 50,
    "request_num": 500,
    "Total QPS": 18.401172303994358,
    "Avg Input Length": 1031.778,
    "Avg Output Length": 128.0,
    "Total Throughput": 21341.27481238197,
    "Input Throughput": 18985.924757470693,
    "Output Throughput": 18985.924757470693,
    "request_time": {
        "P25": 2.6703078746795654,
        "P50": 2.7046902179718018,
        "P75": 2.7546005249023438,
        "P90": 2.7738583087921143,
        "P95": 2.7855892181396484,
        "P99": 2.8025593757629395,
        "P100": 2.821615219116211
    },
    "first_token_time_dict": {
        "P25": 0.954256534576416,
        "P50": 1.080237627029419,
        "P75": 1.1403119564056396,
        "P90": 1.1580188274383545,
        "P95": 1.1640267372131348,
        "P99": 1.1729440689086914,
        "P100": 1.1819591522216797
    },
    "decode_token_time_dict": {
        "P25": 12.618905915988712,
        "P50": 12.676314106137733,
        "P75": 12.871500075332762,
        "P90": 18.849791504266694,
        "P95": 20.16652662923017,
        "P99": 20.92186672481026,
        "P100": 21.493926761657235
    }
}