{
    "backend": "triton",
    "clients": 25,
    "request_num": 500,
    "Total QPS": 12.722923961317106,
    "Avg Input Length": 1031.778,
    "Avg Output Length": 128.0,
    "Total Throughput": 14755.76730600843,
    "Input Throughput": 13127.233038959841,
    "Output Throughput": 13127.233038959841,
    "request_time": {
        "P25": 1.9059078693389893,
        "P50": 1.9671649932861328,
        "P75": 1.9971587657928467,
        "P90": 2.015834331512451,
        "P95": 2.0363757610321045,
        "P99": 2.0673680305480957,
        "P100": 2.0751492977142334
    },
    "first_token_time_dict": {
        "P25": 0.48018479347229004,
        "P50": 0.535789966583252,
        "P75": 0.5759308338165283,
        "P90": 0.6156938076019287,
        "P95": 0.6259615421295166,
        "P99": 0.6632881164550781,
        "P100": 0.6687402725219727
    },
    "decode_token_time_dict": {
        "P25": 11.005709490438147,
        "P50": 11.181454020222342,
        "P75": 11.289455759243703,
        "P90": 14.373420730350524,
        "P95": 14.752727793896293,
        "P99": 15.37522931737224,
        "P100": 15.863628838005967
    }
}