{
    "backend": "triton",
    "clients": 100,
    "request_num": 500,
    "Total QPS": 2.49025050017604,
    "Avg Input Length": 16469.37,
    "Avg Output Length": 128.0,
    "Total Throughput": 41331.6089441068,
    "Input Throughput": 41012.85688008428,
    "Output Throughput": 41012.85688008428,
    "request_time": {
        "P25": 38.326149702072144,
        "P50": 39.99206185340881,
        "P75": 41.43614625930786,
        "P90": 48.151915073394775,
        "P95": 58.505934715270996,
        "P99": 72.04676747322083,
        "P100": 72.05740761756897
    },
    "first_token_time_dict": {
        "P25": 9.513102293014526,
        "P50": 11.857708930969238,
        "P75": 12.96513056755066,
        "P90": 18.368343591690063,
        "P95": 30.77839756011963,
        "P99": 40.08968257904053,
        "P100": 40.104639768600464
    },
    "decode_token_time_dict": {
        "P25": 214.55187497176522,
        "P50": 223.3845305255079,
        "P75": 240.11923196747549,
        "P90": 250.23670459356833,
        "P95": 253.13684508556454,
        "P99": 259.4818637127013,
        "P100": 284.32192389420635
    }
}