{
    "backend": "triton",
    "clients": 10,
    "request_num": 500,
    "Total QPS": 6.689683122885478,
    "Avg Input Length": 1031.778,
    "Avg Output Length": 128.0,
    "Total Throughput": 7758.547312893874,
    "Input Throughput": 6902.267873164533,
    "Output Throughput": 6902.267873164533,
    "request_time": {
        "P25": 1.4710667133331299,
        "P50": 1.485969066619873,
        "P75": 1.511626958847046,
        "P90": 1.5270838737487793,
        "P95": 1.5387554168701172,
        "P99": 1.543560266494751,
        "P100": 1.5465199947357178
    },
    "first_token_time_dict": {
        "P25": 0.20800232887268066,
        "P50": 0.23258495330810547,
        "P75": 0.25692176818847656,
        "P90": 0.2695658206939697,
        "P95": 0.2829625606536865,
        "P99": 0.29427576065063477,
        "P100": 0.2977023124694824
    },
    "decode_token_time_dict": {
        "P25": 9.824311639380268,
        "P50": 9.866872171717366,
        "P75": 9.913977675550566,
        "P90": 10.06604742816114,
        "P95": 11.412549206591029,
        "P99": 11.708788984403835,
        "P100": 11.753968366487758
    }
}