{
    "backend": "triton",
    "clients": 10,
    "request_num": 500,
    "Total QPS": 3.176587032554129,
    "Avg Input Length": 8250.884,
    "Avg Output Length": 128.0,
    "Total Throughput": 26616.254261675273,
    "Input Throughput": 26209.651121508345,
    "Output Throughput": 26209.651121508345,
    "request_time": {
        "P25": 2.972781181335449,
        "P50": 3.132932424545288,
        "P75": 3.3047263622283936,
        "P90": 3.462831735610962,
        "P95": 3.559450149536133,
        "P99": 3.676801919937134,
        "P100": 3.680590867996216
    },
    "first_token_time_dict": {
        "P25": 1.5771064758300781,
        "P50": 1.8009836673736572,
        "P75": 1.9762427806854248,
        "P90": 2.1270248889923096,
        "P95": 2.234788417816162,
        "P99": 2.344172954559326,
        "P100": 2.3482747077941895
    },
    "decode_token_time_dict": {
        "P25": 10.283216716736321,
        "P50": 10.366625673188938,
        "P75": 10.416549021803489,
        "P90": 10.497198330135797,
        "P95": 23.528151624784694,
        "P99": 25.726635625043254,
        "P100": 27.150204801183985
    }
}