{
    "backend": "triton",
    "clients": 5,
    "request_num": 500,
    "Total QPS": 2.3307265799655505,
    "Avg Input Length": 8250.884,
    "Avg Output Length": 128.0,
    "Total Throughput": 19528.887649248074,
    "Input Throughput": 19230.554647012483,
    "Output Throughput": 19230.554647012483,
    "request_time": {
        "P25": 2.0082788467407227,
        "P50": 2.1374762058258057,
        "P75": 2.26623797416687,
        "P90": 2.3581395149230957,
        "P95": 2.42533540725708,
        "P99": 2.5014114379882812,
        "P100": 2.541672945022583
    },
    "first_token_time_dict": {
        "P25": 0.6758401393890381,
        "P50": 0.8795504570007324,
        "P75": 1.031872272491455,
        "P90": 1.1257379055023193,
        "P95": 1.1547856330871582,
        "P99": 1.2760531902313232,
        "P100": 1.3227407932281494
    },
    "decode_token_time_dict": {
        "P25": 9.481858080766331,
        "P50": 9.526892909853478,
        "P75": 9.638821984839252,
        "P90": 15.684963211299866,
        "P95": 16.269268952016755,
        "P99": 17.45134451257901,
        "P100": 18.62196471747451
    }
}