{
    "backend": "triton",
    "clients": 15,
    "request_num": 500,
    "Total QPS": 3.612411490253942,
    "Avg Input Length": 8250.884,
    "Avg Output Length": 128.0,
    "Total Throughput": 30267.976837104914,
    "Input Throughput": 29805.58816635241,
    "Output Throughput": 29805.58816635241,
    "request_time": {
        "P25": 3.9363913536071777,
        "P50": 4.123875379562378,
        "P75": 4.333235502243042,
        "P90": 4.55225944519043,
        "P95": 4.6142377853393555,
        "P99": 4.641021251678467,
        "P100": 4.662327527999878
    },
    "first_token_time_dict": {
        "P25": 2.4736125469207764,
        "P50": 2.6838674545288086,
        "P75": 2.9229865074157715,
        "P90": 3.13847017288208,
        "P95": 3.2077131271362305,
        "P99": 3.2284152507781982,
        "P100": 3.2437098026275635
    },
    "decode_token_time_dict": {
        "P25": 10.945179331021047,
        "P50": 10.998832897877131,
        "P75": 11.074854633000891,
        "P90": 11.175273910282165,
        "P95": 29.948382865725538,
        "P99": 33.54413302864615,
        "P100": 35.76008541377511
    }
}