{
    "backend": "lmdeploy",
    "clients": 100,
    "request_num": 500,
    "Total QPS": 0.4191958176850668,
    "Avg Input Length": 16469.37,
    "Avg Output Length": 110.32,
    "Total Throughput": 6957.548088571597,
    "Input Throughput": 6903.891023907909,
    "Output Throughput": 6903.891023907909,
    "request_time": {
        "P25": 230.69801712036133,
        "P50": 239.9785032272339,
        "P75": 246.1684558391571,
        "P90": 252.6554355621338,
        "P95": 255.34102201461792,
        "P99": 259.51575922966003,
        "P100": 264.3986828327179
    },
    "first_token_time_dict": {
        "P25": 196.17900729179382,
        "P50": 209.55928325653076,
        "P75": 215.94190406799316,
        "P90": 222.12232112884521,
        "P95": 224.29017519950867,
        "P99": 227.8110420703888,
        "P100": 237.59046745300293
    },
    "decode_token_time_dict": {
        "P25": 252.2098223368327,
        "P50": 276.34772833655865,
        "P75": 304.27025822759833,
        "P90": 347.31951766057847,
        "P95": 497.5932706486095,
        "P99": 1164.6205176826286,
        "P100": 1795.2973224498608
    }
}