{
    "backend": "lmdeploy",
    "clients": 25,
    "request_num": 498,
    "Total QPS": 0.9576479629113058,
    "Avg Input Length": 8250.884,
    "Avg Output Length": 120.27911646586345,
    "Total Throughput": 8056.246178785275,
    "Input Throughput": 7933.1749546360315,
    "Output Throughput": 7933.1749546360315,
    "request_time": {
        "P25": 24.664966583251953,
        "P50": 26.38530468940735,
        "P75": 27.817225694656372,
        "P90": 28.76392412185669,
        "P95": 29.321308374404907,
        "P99": 34.335070848464966,
        "P100": 38.178720474243164
    },
    "first_token_time_dict": {
        "P25": 1.6954517364501953,
        "P50": 2.6809322834014893,
        "P75": 3.6713883876800537,
        "P90": 4.989816904067993,
        "P95": 8.06734561920166,
        "P99": 15.314063310623169,
        "P100": 18.35768175125122
    },
    "decode_token_time_dict": {
        "P25": 179.1086654663086,
        "P50": 193.7065764171321,
        "P75": 204.73944268575528,
        "P90": 213.76961762787866,
        "P95": 219.03743942578632,
        "P99": 366.2589192390442,
        "P100": 926.6524314880371
    }
}