{
    "backend": "lmdeploy",
    "clients": 100,
    "request_num": 499,
    "Total QPS": 6.815693862308126,
    "Avg Input Length": 1031.778,
    "Avg Output Length": 121.31062124248497,
    "Total Throughput": 7920.532861963922,
    "Input Throughput": 7046.375733331216,
    "Output Throughput": 7046.375733331216,
    "request_time": {
        "P25": 13.963656663894653,
        "P50": 14.71383023262024,
        "P75": 15.245272159576416,
        "P90": 17.142416954040527,
        "P95": 19.422749757766724,
        "P99": 21.923010110855103,
        "P100": 22.73922348022461
    },
    "first_token_time_dict": {
        "P25": 1.5596604347229004,
        "P50": 1.6795670986175537,
        "P75": 2.4587371349334717,
        "P90": 5.2860753536224365,
        "P95": 7.784343719482422,
        "P99": 9.572100639343262,
        "P100": 10.000326156616211
    },
    "decode_token_time_dict": {
        "P25": 97.74610376733494,
        "P50": 101.3033636032589,
        "P75": 104.1366024017334,
        "P90": 109.7097150863163,
        "P95": 113.68443225992137,
        "P99": 823.3411908149719,
        "P100": 2584.2998027801514
    }
}