{
    "backend": "lmdeploy",
    "clients": 15,
    "request_num": 500,
    "Total QPS": 1.5215600757841035,
    "Avg Input Length": 4125.696,
    "Avg Output Length": 123.65,
    "Total Throughput": 6472.254008122538,
    "Input Throughput": 6277.494318422173,
    "Output Throughput": 6277.494318422173,
    "request_time": {
        "P25": 9.384800910949707,
        "P50": 9.864219665527344,
        "P75": 10.300947189331055,
        "P90": 10.645541429519653,
        "P95": 10.96116304397583,
        "P99": 11.438784837722778,
        "P100": 12.149090766906738
    },
    "first_token_time_dict": {
        "P25": 0.761300802230835,
        "P50": 1.0117559432983398,
        "P75": 1.4520988464355469,
        "P90": 2.2582027912139893,
        "P95": 2.5876965522766113,
        "P99": 4.2312071323394775,
        "P100": 5.503657817840576
    },
    "decode_token_time_dict": {
        "P25": 65.05845274244037,
        "P50": 69.38649737645709,
        "P75": 73.41993422735304,
        "P90": 76.48134231567383,
        "P95": 79.90707859160408,
        "P99": 194.21481291453043,
        "P100": 1655.642032623291
    }
}