{
    "backend": "lmdeploy",
    "clients": 25,
    "request_num": 499,
    "Total QPS": 0.4238221351647996,
    "Avg Input Length": 16469.37,
    "Avg Output Length": 109.43687374749499,
    "Total Throughput": 7048.429650821834,
    "Input Throughput": 6994.071701622341,
    "Output Throughput": 6994.071701622341,
    "request_time": {
        "P25": 54.65263247489929,
        "P50": 59.78132176399231,
        "P75": 63.11422085762024,
        "P90": 66.29566621780396,
        "P95": 67.82701182365417,
        "P99": 73.7636251449585,
        "P100": 78.17701554298401
    },
    "first_token_time_dict": {
        "P25": 24.364302158355713,
        "P50": 29.444319486618042,
        "P75": 33.08403539657593,
        "P90": 36.116631746292114,
        "P95": 38.24583077430725,
        "P99": 42.456785440444946,
        "P100": 48.3934166431427
    },
    "decode_token_time_dict": {
        "P25": 258.8903814832741,
        "P50": 274.2056977858237,
        "P75": 292.1317185995714,
        "P90": 336.67864955839565,
        "P95": 407.72106717614565,
        "P99": 576.3214429219564,
        "P100": 1036.0993766784668
    }
}