{
    "backend": "lmdeploy",
    "clients": 25,
    "request_num": 500,
    "Total QPS": 4.078747971531547,
    "Avg Input Length": 1031.778,
    "Avg Output Length": 121.626,
    "Total Throughput": 4730.442164926914,
    "Input Throughput": 4208.362424570876,
    "Output Throughput": 4208.362424570876,
    "request_time": {
        "P25": 5.863046169281006,
        "P50": 6.151111125946045,
        "P75": 6.301320314407349,
        "P90": 6.426589250564575,
        "P95": 6.578237771987915,
        "P99": 6.921582460403442,
        "P100": 7.112995624542236
    },
    "first_token_time_dict": {
        "P25": 0.9180822372436523,
        "P50": 1.1919245719909668,
        "P75": 1.306213617324829,
        "P90": 1.6287922859191895,
        "P95": 1.797149419784546,
        "P99": 2.459433078765869,
        "P100": 2.51127290725708
    },
    "decode_token_time_dict": {
        "P25": 37.91442939213344,
        "P50": 39.42616591377863,
        "P75": 42.03269405970498,
        "P90": 45.31951975231328,
        "P95": 49.42219463859018,
        "P99": 104.87581253051758,
        "P100": 1851.8500328063965
    }
}