{
    "backend": "lmdeploy",
    "clients": 5,
    "request_num": 500,
    "Total QPS": 0.9221890447851419,
    "Avg Input Length": 4125.696,
    "Avg Output Length": 124.326,
    "Total Throughput": 3922.711851046379,
    "Input Throughput": 3804.6716533138806,
    "Output Throughput": 3804.6716533138806,
    "request_time": {
        "P25": 5.090559720993042,
        "P50": 5.4003260135650635,
        "P75": 5.6860668659210205,
        "P90": 5.906894683837891,
        "P95": 6.089612722396851,
        "P99": 6.364503383636475,
        "P100": 7.099350690841675
    },
    "first_token_time_dict": {
        "P25": 0.6106095314025879,
        "P50": 0.8162462711334229,
        "P75": 1.0146689414978027,
        "P90": 1.1939797401428223,
        "P95": 1.3125319480895996,
        "P99": 1.6459784507751465,
        "P100": 2.2931530475616455
    },
    "decode_token_time_dict": {
        "P25": 34.3722865337462,
        "P50": 36.379342942725955,
        "P75": 38.485540179755745,
        "P90": 41.12771249586536,
        "P95": 43.12929274543883,
        "P99": 81.8057632446289,
        "P100": 420.71016629536945
    }
}