{
    "backend": "lmdeploy",
    "clients": 5,
    "request_num": 499,
    "Total QPS": 0.643699208839576,
    "Avg Input Length": 8250.884,
    "Avg Output Length": 118.13026052104209,
    "Total Throughput": 5404.289580920423,
    "Input Throughput": 5321.730964957031,
    "Output Throughput": 5321.730964957031,
    "request_time": {
        "P25": 7.0021653175354,
        "P50": 7.695310354232788,
        "P75": 8.316058158874512,
        "P90": 8.774467468261719,
        "P95": 9.157106876373291,
        "P99": 10.147688388824463,
        "P100": 10.970569610595703
    },
    "first_token_time_dict": {
        "P25": 0.7353665828704834,
        "P50": 1.021113634109497,
        "P75": 1.3052093982696533,
        "P90": 1.6611461639404297,
        "P95": 1.9229681491851807,
        "P99": 3.4253904819488525,
        "P100": 6.2378058433532715
    },
    "decode_token_time_dict": {
        "P25": 50.527060327451096,
        "P50": 55.86770743377937,
        "P75": 60.710162170662365,
        "P90": 65.8429463704427,
        "P95": 69.8919882208614,
        "P99": 97.10371771524119,
        "P100": 307.6361142672025
    }
}