{
    "backend": "lmdeploy",
    "clients": 100,
    "request_num": 500,
    "Total QPS": 0.9333860637614753,
    "Avg Input Length": 8250.884,
    "Avg Output Length": 118.85,
    "Total Throughput": 7820.733555474005,
    "Input Throughput": 7701.260139312536,
    "Output Throughput": 7701.260139312536,
    "request_time": {
        "P25": 100.77646207809448,
        "P50": 106.4175136089325,
        "P75": 109.96539354324341,
        "P90": 113.18964385986328,
        "P95": 115.7536551952362,
        "P99": 126.2900025844574,
        "P100": 132.9478816986084
    },
    "first_token_time_dict": {
        "P25": 73.61963367462158,
        "P50": 78.88545560836792,
        "P75": 82.31499361991882,
        "P90": 85.5904483795166,
        "P95": 88.41160202026367,
        "P99": 101.03980493545532,
        "P100": 113.94475412368774
    },
    "decode_token_time_dict": {
        "P25": 220.82140969067086,
        "P50": 228.8348792029209,
        "P75": 235.7341374381114,
        "P90": 251.45045423929668,
        "P95": 337.84712481702496,
        "P99": 723.9355356386392,
        "P100": 1074.6452808380127
    }
}