{
    "backend": "lmdeploy",
    "clients": 50,
    "request_num": 499,
    "Total QPS": 5.61770285876666,
    "Avg Input Length": 1031.778,
    "Avg Output Length": 121.74749498997996,
    "Total Throughput": 6528.3448758864515,
    "Input Throughput": 5807.837896004556,
    "Output Throughput": 5807.837896004556,
    "request_time": {
        "P25": 8.625595092773438,
        "P50": 8.843613147735596,
        "P75": 9.10135793685913,
        "P90": 9.612532377243042,
        "P95": 10.00384783744812,
        "P99": 11.248664379119873,
        "P100": 12.081510066986084
    },
    "first_token_time_dict": {
        "P25": 1.2719547748565674,
        "P50": 1.5040948390960693,
        "P75": 1.6359984874725342,
        "P90": 2.453401565551758,
        "P95": 3.0300772190093994,
        "P99": 4.5050036907196045,
        "P100": 4.912932395935059
    },
    "decode_token_time_dict": {
        "P25": 56.59651944017786,
        "P50": 58.56127398354666,
        "P75": 60.654794692993164,
        "P90": 65.46370697021484,
        "P95": 71.14408335347814,
        "P99": 177.39152908325195,
        "P100": 1209.7114721934001
    }
}