{
    "backend": "lmdeploy",
    "clients": 10,
    "request_num": 499,
    "Total QPS": 0.4358754783125112,
    "Avg Input Length": 16469.37,
    "Avg Output Length": 104.12625250501002,
    "Total Throughput": 7248.8843561921085,
    "Input Throughput": 7192.980487230183,
    "Output Throughput": 7192.980487230183,
    "request_time": {
        "P25": 20.994178533554077,
        "P50": 22.95198917388916,
        "P75": 24.803036212921143,
        "P90": 26.363696336746216,
        "P95": 27.409533500671387,
        "P99": 29.37953805923462,
        "P100": 32.15349054336548
    },
    "first_token_time_dict": {
        "P25": 1.7538375854492188,
        "P50": 2.359180450439453,
        "P75": 3.548938035964966,
        "P90": 6.10307502746582,
        "P95": 7.7175822257995605,
        "P99": 11.809467792510986,
        "P100": 19.65828800201416
    },
    "decode_token_time_dict": {
        "P25": 165.95561504364014,
        "P50": 193.99197535081345,
        "P75": 217.47294664382935,
        "P90": 236.86608447823474,
        "P95": 256.7242383956909,
        "P99": 458.4612629630349,
        "P100": 1846.731424331665
    }
}