{
    "backend": "lmdeploy",
    "clients": 10,
    "request_num": 500,
    "Total QPS": 1.3164258710433108,
    "Avg Input Length": 4125.696,
    "Avg Output Length": 124.638,
    "Total Throughput": 5599.675461953447,
    "Input Throughput": 5431.172950459903,
    "Output Throughput": 5431.172950459903,
    "request_time": {
        "P25": 7.181579828262329,
        "P50": 7.610773324966431,
        "P75": 7.968923330307007,
        "P90": 8.279457092285156,
        "P95": 8.51761245727539,
        "P99": 9.210837602615356,
        "P100": 9.739747285842896
    },
    "first_token_time_dict": {
        "P25": 0.6900169849395752,
        "P50": 0.877835750579834,
        "P75": 1.1047451496124268,
        "P90": 1.4076406955718994,
        "P95": 1.7298235893249512,
        "P99": 2.9633285999298096,
        "P100": 4.043943405151367
    },
    "decode_token_time_dict": {
        "P25": 49.71003343188573,
        "P50": 53.41327758062454,
        "P75": 55.97804832458496,
        "P90": 58.9456299940745,
        "P95": 61.69929769304064,
        "P99": 83.97420969876376,
        "P100": 535.1469914118449
    }
}