{
    "backend": "lmdeploy",
    "clients": 50,
    "request_num": 500,
    "Total QPS": 2.000367819708426,
    "Avg Input Length": 4125.696,
    "Avg Output Length": 124.27,
    "Total Throughput": 8508.956593222452,
    "Input Throughput": 8252.909512299773,
    "Output Throughput": 8252.909512299773,
    "request_time": {
        "P25": 24.172494649887085,
        "P50": 25.279163122177124,
        "P75": 26.28925371170044,
        "P90": 27.485476970672607,
        "P95": 30.60164737701416,
        "P99": 39.18282604217529,
        "P100": 41.86879777908325
    },
    "first_token_time_dict": {
        "P25": 1.4092292785644531,
        "P50": 1.7869415283203125,
        "P75": 2.6113839149475098,
        "P90": 4.510863542556763,
        "P95": 9.28949522972107,
        "P99": 18.61732053756714,
        "P100": 20.48106336593628
    },
    "decode_token_time_dict": {
        "P25": 171.54710123858112,
        "P50": 183.14537664098063,
        "P75": 189.16477286626423,
        "P90": 194.81354857247973,
        "P95": 200.25894737243652,
        "P99": 336.5016475556389,
        "P100": 979.2927333286831
    }
}