{
    "backend": "lmdeploy",
    "clients": 15,
    "request_num": 497,
    "Total QPS": 2.9883105409370696,
    "Avg Input Length": 1031.778,
    "Avg Output Length": 120.20523138832998,
    "Total Throughput": 3486.697004574359,
    "Input Throughput": 3101.884379584475,
    "Output Throughput": 3101.884379584475,
    "request_time": {
        "P25": 4.760331392288208,
        "P50": 4.908413648605347,
        "P75": 5.020580530166626,
        "P90": 5.123084545135498,
        "P95": 5.183725595474243,
        "P99": 5.27400541305542,
        "P100": 5.66576075553894
    },
    "first_token_time_dict": {
        "P25": 0.7179257869720459,
        "P50": 0.9290707111358643,
        "P75": 1.2539067268371582,
        "P90": 1.3858375549316406,
        "P95": 1.5560104846954346,
        "P99": 1.6433911323547363,
        "P100": 1.841336727142334
    },
    "decode_token_time_dict": {
        "P25": 28.912136873860998,
        "P50": 31.904922695610466,
        "P75": 33.55010287968192,
        "P90": 37.493514263723775,
        "P95": 42.30871099106809,
        "P99": 137.23628861563546,
        "P100": 285.6072584788005
    }
}