{
    "backend": "lmdeploy",
    "clients": 15,
    "request_num": 500,
    "Total QPS": 0.4490533908090805,
    "Avg Input Length": 16469.37,
    "Avg Output Length": 113.586,
    "Total Throughput": 7453.105277012909,
    "Input Throughput": 7395.626442989346,
    "Output Throughput": 7395.626442989346,
    "request_time": {
        "P25": 31.20894455909729,
        "P50": 33.62632441520691,
        "P75": 35.72871136665344,
        "P90": 38.39258599281311,
        "P95": 40.13609528541565,
        "P99": 43.54021430015564,
        "P100": 47.766709327697754
    },
    "first_token_time_dict": {
        "P25": 4.11164402961731,
        "P50": 6.231158971786499,
        "P75": 8.79988980293274,
        "P90": 11.38830280303955,
        "P95": 12.720924139022827,
        "P99": 18.90520691871643,
        "P100": 26.200995445251465
    },
    "decode_token_time_dict": {
        "P25": 220.84406869752067,
        "P50": 239.32421314823733,
        "P75": 252.29247479603205,
        "P90": 264.3501925886723,
        "P95": 275.2394439937832,
        "P99": 329.2758313915398,
        "P100": 564.318522810936
    }
}