{
    "backend": "lmdeploy",
    "clients": 15,
    "request_num": 499,
    "Total QPS": 0.8860466222907204,
    "Avg Input Length": 8250.884,
    "Avg Output Length": 116.88777555110221,
    "Total Throughput": 7438.959786338438,
    "Input Throughput": 7325.318536184918,
    "Output Throughput": 7325.318536184918,
    "request_time": {
        "P25": 15.752087593078613,
        "P50": 16.95796537399292,
        "P75": 18.048157215118408,
        "P90": 18.99033522605896,
        "P95": 19.732978582382202,
        "P99": 21.385132551193237,
        "P100": 22.38247036933899
    },
    "first_token_time_dict": {
        "P25": 1.1629202365875244,
        "P50": 1.9599993228912354,
        "P75": 3.122258186340332,
        "P90": 4.593963384628296,
        "P95": 5.915394067764282,
        "P99": 9.205866813659668,
        "P100": 11.716066122055054
    },
    "decode_token_time_dict": {
        "P25": 111.93231808937203,
        "P50": 124.23002335333055,
        "P75": 133.9511275291443,
        "P90": 142.62255101368345,
        "P95": 147.03376062454714,
        "P99": 331.027488959463,
        "P100": 670.3750491142273
    }
}