{
    "backend": "triton",
    "clients": 100,
    "request_num": 500,
    "Total QPS": 1.0163864643818998,
    "Avg Input Length": 4125.696,
    "Avg Output Length": 128.0,
    "Total Throughput": 4323.39903799543,
    "Input Throughput": 4193.301570554547,
    "Output Throughput": 4193.301570554547,
    "request_time": {
        "P25": 96.55855345726013,
        "P50": 99.93131494522095,
        "P75": 100.1152606010437,
        "P90": 100.59904074668884,
        "P95": 100.66438746452332,
        "P99": 100.74150609970093,
        "P100": 145.21514129638672
    },
    "first_token_time_dict": {
        "P25": 45.08761978149414,
        "P50": 46.064955711364746,
        "P75": 88.87029552459717,
        "P90": 89.4513738155365,
        "P95": 91.27786374092102,
        "P99": 91.31984210014343,
        "P100": 91.35278916358948
    },
    "decode_token_time_dict": {
        "P25": 76.86786388787698,
        "P50": 381.5914176580474,
        "P75": 427.4383041802354,
        "P90": 435.98979476868635,
        "P95": 436.1594999869039,
        "P99": 436.59598057664283,
        "P100": 782.6021637503557
    }
}