{
    "backend": "triton",
    "clients": 50,
    "request_num": 500,
    "Total QPS": 3.214492196883006,
    "Avg Input Length": 1031.778,
    "Avg Output Length": 128.0,
    "Total Throughput": 3728.0973311165785,
    "Input Throughput": 3316.642329915554,
    "Output Throughput": 3316.642329915554,
    "request_time": {
        "P25": 15.359895467758179,
        "P50": 15.41717004776001,
        "P75": 15.952688694000244,
        "P90": 16.18659734725952,
        "P95": 16.34404468536377,
        "P99": 16.368143320083618,
        "P100": 16.403754711151123
    },
    "first_token_time_dict": {
        "P25": 10.724822759628296,
        "P50": 10.783432245254517,
        "P75": 11.31335711479187,
        "P90": 11.48624038696289,
        "P95": 11.683795928955078,
        "P99": 11.705519676208496,
        "P100": 11.712351560592651
    },
    "decode_token_time_dict": {
        "P25": 36.38911247253418,
        "P50": 36.47456018943486,
        "P75": 36.611335484061655,
        "P90": 36.70452147956908,
        "P95": 36.772337485486126,
        "P99": 119.72577740826945,
        "P100": 125.99808024609183
    }
}