{
    "backend": "triton",
    "clients": 50,
    "request_num": 500,
    "Total QPS": 0.496721293465098,
    "Avg Input Length": 8250.884,
    "Avg Output Length": 128.0,
    "Total Throughput": 4161.970098274014,
    "Input Throughput": 4098.389772710482,
    "Output Throughput": 4098.389772710482,
    "request_time": {
        "P25": 98.79041719436646,
        "P50": 99.82594656944275,
        "P75": 104.44903779029846,
        "P90": 106.95904970169067,
        "P95": 108.50656914710999,
        "P99": 108.5712718963623,
        "P100": 110.48174023628235
    },
    "first_token_time_dict": {
        "P25": 47.91764950752258,
        "P50": 48.61884593963623,
        "P75": 92.81853866577148,
        "P90": 94.6275782585144,
        "P95": 95.09416770935059,
        "P99": 95.2309341430664,
        "P100": 101.45784664154053
    },
    "decode_token_time_dict": {
        "P25": 54.90947520639014,
        "P50": 389.1092811043807,
        "P75": 420.73715765645187,
        "P90": 455.70100949505184,
        "P95": 471.1724885805385,
        "P99": 776.106410139189,
        "P100": 832.3942263295331
    }
}