{
    "backend": "triton",
    "clients": 100,
    "request_num": 500,
    "Total QPS": 0.4976286799321337,
    "Avg Input Length": 8250.884,
    "Avg Output Length": 128.0,
    "Total Throughput": 4169.572984224476,
    "Input Throughput": 4105.876513193163,
    "Output Throughput": 4105.876513193163,
    "request_time": {
        "P25": 168.44063091278076,
        "P50": 198.8001868724823,
        "P75": 212.7964973449707,
        "P90": 244.00114488601685,
        "P95": 245.13230085372925,
        "P99": 289.67521715164185,
        "P100": 289.7139642238617
    },
    "first_token_time_dict": {
        "P25": 93.26969623565674,
        "P50": 120.64555382728577,
        "P75": 122.90355563163757,
        "P90": 168.01153540611267,
        "P95": 168.47457909584045,
        "P99": 214.97099375724792,
        "P100": 215.0001094341278
    },
    "decode_token_time_dict": {
        "P25": 590.0174538920245,
        "P50": 604.0952468481589,
        "P75": 618.202539879506,
        "P90": 777.3060854964368,
        "P95": 785.0223507468156,
        "P99": 794.2869888515924,
        "P100": 965.1534501023181
    }
}