{
    "backend": "triton",
    "clients": 15,
    "request_num": 500,
    "Total QPS": 0.8665151506365665,
    "Avg Input Length": 4125.696,
    "Avg Output Length": 128.0,
    "Total Throughput": 3685.89203020216,
    "Input Throughput": 3574.9780909206797,
    "Output Throughput": 3574.9780909206797,
    "request_time": {
        "P25": 16.35302710533142,
        "P50": 17.234724521636963,
        "P75": 18.255993366241455,
        "P90": 19.541441917419434,
        "P95": 19.62836980819702,
        "P99": 19.806904077529907,
        "P100": 19.81052017211914
    },
    "first_token_time_dict": {
        "P25": 12.24064826965332,
        "P50": 13.26190447807312,
        "P75": 14.436798810958862,
        "P90": 15.713439702987671,
        "P95": 15.792964220046997,
        "P99": 15.968919277191162,
        "P100": 15.972176790237427
    },
    "decode_token_time_dict": {
        "P25": 29.443648856455884,
        "P50": 29.70481106615442,
        "P75": 30.045573166974886,
        "P90": 30.295409555510272,
        "P95": 122.69381087596022,
        "P99": 142.4458083205336,
        "P100": 149.38884644996463
    }
}