{
    "backend": "triton",
    "clients": 5,
    "request_num": 500,
    "Total QPS": 0.6571496320216252,
    "Avg Input Length": 4125.696,
    "Avg Output Length": 128.0,
    "Total Throughput": 2795.3147611318595,
    "Input Throughput": 2711.1996082330916,
    "Output Throughput": 2711.1996082330916,
    "request_time": {
        "P25": 7.0637407302856445,
        "P50": 7.605071067810059,
        "P75": 8.196027517318726,
        "P90": 8.628552436828613,
        "P95": 9.018426895141602,
        "P99": 9.344691038131714,
        "P100": 9.48091983795166
    },
    "first_token_time_dict": {
        "P25": 3.143282890319824,
        "P50": 4.206113576889038,
        "P75": 4.860434532165527,
        "P90": 5.388383626937866,
        "P95": 5.606752395629883,
        "P99": 6.117499589920044,
        "P100": 6.2596423625946045
    },
    "decode_token_time_dict": {
        "P25": 24.715393546998033,
        "P50": 24.993017902524453,
        "P75": 25.259751973189708,
        "P90": 53.1357010518472,
        "P95": 57.66687806197039,
        "P99": 62.71046728599729,
        "P100": 66.12856369318925
    }
}