{
    "backend": "triton",
    "clients": 10,
    "request_num": 500,
    "Total QPS": 1.8296650749428887,
    "Avg Input Length": 1031.778,
    "Avg Output Length": 128.0,
    "Total Throughput": 2122.0053012871135,
    "Input Throughput": 1887.808171694424,
    "Output Throughput": 1887.808171694424,
    "request_time": {
        "P25": 5.238375186920166,
        "P50": 5.404351711273193,
        "P75": 5.625298261642456,
        "P90": 5.823424339294434,
        "P95": 5.992598056793213,
        "P99": 7.580934524536133,
        "P100": 7.586384534835815
    },
    "first_token_time_dict": {
        "P25": 1.80045747756958,
        "P50": 2.0378122329711914,
        "P75": 2.2808165550231934,
        "P90": 2.447831869125366,
        "P95": 2.5759239196777344,
        "P99": 2.632546901702881,
        "P100": 2.637943983078003
    },
    "decode_token_time_dict": {
        "P25": 26.125892879456046,
        "P50": 26.16691964817798,
        "P75": 26.277221093966265,
        "P90": 38.50934449143297,
        "P95": 41.20473223408376,
        "P99": 43.972694967675395,
        "P100": 57.91943467508151
    }
}