{
    "backend": "triton",
    "clients": 15,
    "request_num": 500,
    "Total QPS": 0.22702597023217966,
    "Avg Input Length": 16469.37,
    "Avg Output Length": 128.0,
    "Total Throughput": 3768.034027552472,
    "Input Throughput": 3738.9747033627527,
    "Output Throughput": 3738.9747033627527,
    "request_time": {
        "P25": 61.70102047920227,
        "P50": 66.68970274925232,
        "P75": 71.28230905532837,
        "P90": 76.49137616157532,
        "P95": 77.53536629676819,
        "P99": 79.12850952148438,
        "P100": 80.87405157089233
    },
    "first_token_time_dict": {
        "P25": 49.12229347229004,
        "P50": 51.534318685531616,
        "P75": 53.5874969959259,
        "P90": 58.89055824279785,
        "P95": 65.72673964500427,
        "P99": 71.4981689453125,
        "P100": 73.41033840179443
    },
    "decode_token_time_dict": {
        "P25": 49.07498209495244,
        "P50": 104.55284156198577,
        "P75": 160.1036496049776,
        "P90": 208.36571445615274,
        "P95": 464.9667026489738,
        "P99": 556.3419240666186,
        "P100": 607.1995449817086
    }
}