{
    "backend": "triton",
    "clients": 25,
    "request_num": 500,
    "Total QPS": 0.4813847400490176,
    "Avg Input Length": 8250.884,
    "Avg Output Length": 128.0,
    "Total Throughput": 4033.4668962408728,
    "Input Throughput": 3971.8496495145987,
    "Output Throughput": 3971.8496495145987,
    "request_time": {
        "P25": 46.71761870384216,
        "P50": 53.05930757522583,
        "P75": 55.220327854156494,
        "P90": 58.05515694618225,
        "P95": 58.29814553260803,
        "P99": 61.45765733718872,
        "P100": 61.47345018386841
    },
    "first_token_time_dict": {
        "P25": 41.777334690093994,
        "P50": 47.05720853805542,
        "P75": 48.057945728302,
        "P90": 49.177281856536865,
        "P95": 49.779754400253296,
        "P99": 52.04672193527222,
        "P100": 56.150450229644775
    },
    "decode_token_time_dict": {
        "P25": 38.622897440992936,
        "P50": 39.75755586398868,
        "P75": 59.47154337965598,
        "P90": 71.45542610348679,
        "P95": 108.78860856604389,
        "P99": 421.3797820834663,
        "P100": 469.27326119790865
    }
}