{
    "backend": "triton",
    "clients": 25,
    "request_num": 500,
    "Total QPS": 0.23125353568761076,
    "Avg Input Length": 16469.37,
    "Avg Output Length": 128.0,
    "Total Throughput": 3838.20049561548,
    "Input Throughput": 3808.600043047466,
    "Output Throughput": 3808.600043047466,
    "request_time": {
        "P25": 97.23502254486084,
        "P50": 109.9745819568634,
        "P75": 116.92304873466492,
        "P90": 122.82303667068481,
        "P95": 127.46521043777466,
        "P99": 131.9689166545868,
        "P100": 133.05630683898926
    },
    "first_token_time_dict": {
        "P25": 51.74624443054199,
        "P50": 55.991015911102295,
        "P75": 96.10414338111877,
        "P90": 103.3406548500061,
        "P95": 104.78065156936646,
        "P99": 114.7884407043457,
        "P100": 120.93235778808594
    },
    "decode_token_time_dict": {
        "P25": 80.47125283188707,
        "P50": 324.32154407651404,
        "P75": 474.0487966011828,
        "P90": 576.2426421398253,
        "P95": 682.9126913716474,
        "P99": 887.8760863476851,
        "P100": 989.3653392791748
    }
}