{
    "backend": "triton",
    "clients": 100,
    "request_num": 500,
    "Total QPS": 0.2326604732594654,
    "Avg Input Length": 16469.37,
    "Avg Output Length": 128.0,
    "Total Throughput": 3861.551959062453,
    "Input Throughput": 3831.7714184852416,
    "Output Throughput": 3831.7714184852416,
    "request_time": {
        "P25": 395.222323179245,
        "P50": 432.2892715930939,
        "P75": 443.22572684288025,
        "P90": 477.65028715133667,
        "P95": 488.02637910842896,
        "P99": 522.7224373817444,
        "P100": 531.6950395107269
    },
    "first_token_time_dict": {
        "P25": 310.59905099868774,
        "P50": 338.4629952907562,
        "P75": 352.1090986728668,
        "P90": 364.3881733417511,
        "P95": 392.73470091819763,
        "P99": 399.37362265586853,
        "P100": 445.9855258464813
    },
    "decode_token_time_dict": {
        "P25": 652.9492487118939,
        "P50": 695.3353281096211,
        "P75": 812.5470942399633,
        "P90": 879.1858399008203,
        "P95": 933.2898019805667,
        "P99": 978.7852294801727,
        "P100": 1012.8529484816424
    }
}