{
    "backend": "triton",
    "clients": 5,
    "request_num": 500,
    "Total QPS": 0.39323759651049095,
    "Avg Input Length": 8250.884,
    "Avg Output Length": 128.0,
    "Total Throughput": 3294.8922056002084,
    "Input Throughput": 3244.5577932468655,
    "Output Throughput": 3244.5577932468655,
    "request_time": {
        "P25": 11.349444150924683,
        "P50": 12.720781803131104,
        "P75": 13.90725588798523,
        "P90": 14.86268424987793,
        "P95": 15.735574007034302,
        "P99": 16.379005193710327,
        "P100": 16.894158124923706
    },
    "first_token_time_dict": {
        "P25": 6.693837642669678,
        "P50": 8.88544487953186,
        "P75": 10.268973112106323,
        "P90": 11.403621673583984,
        "P95": 11.748448848724365,
        "P99": 12.956634044647217,
        "P100": 13.49143934249878
    },
    "decode_token_time_dict": {
        "P25": 25.83763355345238,
        "P50": 26.310605326975423,
        "P75": 26.746719840943346,
        "P90": 87.14126977394885,
        "P95": 95.924431883444,
        "P99": 108.41387651098056,
        "P100": 122.64603517186923
    }
}