{
    "backend": "triton",
    "clients": 5,
    "request_num": 500,
    "Total QPS": 0.2081081937513676,
    "Avg Input Length": 16469.37,
    "Avg Output Length": 128.0,
    "Total Throughput": 3454.048691723136,
    "Input Throughput": 3427.410842922961,
    "Output Throughput": 3427.410842922961,
    "request_time": {
        "P25": 21.059972524642944,
        "P50": 24.225196599960327,
        "P75": 26.747228860855103,
        "P90": 28.824758291244507,
        "P95": 29.766202211380005,
        "P99": 31.724804162979126,
        "P100": 32.39098811149597
    },
    "first_token_time_dict": {
        "P25": 14.395184516906738,
        "P50": 19.21619176864624,
        "P75": 22.56093740463257,
        "P90": 25.042974948883057,
        "P95": 25.892794847488403,
        "P99": 27.94043231010437,
        "P100": 28.586009740829468
    },
    "decode_token_time_dict": {
        "P25": 28.034641986756814,
        "P50": 28.73865825923409,
        "P75": 29.617444736751047,
        "P90": 167.28669076453983,
        "P95": 179.9982551514633,
        "P99": 208.33373820687842,
        "P100": 237.3263047436091
    }
}