{
    "backend": "triton",
    "clients": 50,
    "request_num": 500,
    "Total QPS": 0.2329740294073929,
    "Avg Input Length": 16469.37,
    "Avg Output Length": 128.0,
    "Total Throughput": 3866.756166465381,
    "Input Throughput": 3836.9354907012344,
    "Output Throughput": 3836.9354907012344,
    "request_time": {
        "P25": 208.83847308158875,
        "P50": 215.80353832244873,
        "P75": 225.53104972839355,
        "P90": 258.86869168281555,
        "P95": 263.7852694988251,
        "P99": 268.32507967948914,
        "P100": 308.96885323524475
    },
    "first_token_time_dict": {
        "P25": 121.50664210319519,
        "P50": 128.54297852516174,
        "P75": 132.19137263298035,
        "P90": 173.65827989578247,
        "P95": 178.24960589408875,
        "P99": 184.5817379951477,
        "P100": 231.10555505752563
    },
    "decode_token_time_dict": {
        "P25": 647.5502937797486,
        "P50": 689.0913708003487,
        "P75": 730.0854085937259,
        "P90": 772.8484071145846,
        "P95": 823.6522637014314,
        "P99": 862.2043789841058,
        "P100": 1011.3993761107678
    }
}