{
    "backend": "triton",
    "clients": 100,
    "request_num": 500,
    "Total QPS": 3.5268799770547763,
    "Avg Input Length": 1031.778,
    "Avg Output Length": 128.0,
    "Total Throughput": 4090.3978060286345,
    "Input Throughput": 3638.957168965623,
    "Output Throughput": 3638.957168965623,
    "request_time": {
        "P25": 27.83443570137024,
        "P50": 28.49678349494934,
        "P75": 28.818037271499634,
        "P90": 28.933169841766357,
        "P95": 29.048325300216675,
        "P99": 29.10015368461609,
        "P100": 29.129233360290527
    },
    "first_token_time_dict": {
        "P25": 7.503562927246094,
        "P50": 21.320390224456787,
        "P75": 21.985377550125122,
        "P90": 22.126579523086548,
        "P95": 22.244328260421753,
        "P99": 22.2962646484375,
        "P100": 22.308809995651245
    },
    "decode_token_time_dict": {
        "P25": 51.83966516509769,
        "P50": 53.42757044814703,
        "P75": 156.67055723235362,
        "P90": 169.21582747632124,
        "P95": 169.36325275991845,
        "P99": 169.63282532579316,
        "P100": 224.97501523475947
    }
}