{
    "backend": "triton",
    "clients": 5,
    "request_num": 500,
    "Total QPS": 1.1635906926500263,
    "Avg Input Length": 1031.778,
    "Avg Output Length": 128.0,
    "Total Throughput": 1349.506886340262,
    "Input Throughput": 1200.5672776810588,
    "Output Throughput": 1200.5672776810588,
    "request_time": {
        "P25": 4.106836557388306,
        "P50": 4.268434762954712,
        "P75": 4.366114139556885,
        "P90": 4.521342039108276,
        "P95": 4.547037839889526,
        "P99": 6.006496429443359,
        "P100": 6.581643581390381
    },
    "first_token_time_dict": {
        "P25": 0.7743551731109619,
        "P50": 1.0047814846038818,
        "P75": 1.1387598514556885,
        "P90": 1.2416887283325195,
        "P95": 1.3294026851654053,
        "P99": 1.3604402542114258,
        "P100": 1.4614288806915283
    },
    "decode_token_time_dict": {
        "P25": 25.03497957244633,
        "P50": 25.086952945378822,
        "P75": 25.250252776258574,
        "P90": 32.02419393644558,
        "P95": 32.95379360829751,
        "P99": 43.865410361702985,
        "P100": 50.243366421676996
    }
}