{
    "backend": "triton",
    "clients": 10,
    "request_num": 500,
    "Total QPS": 0.22258229800308943,
    "Avg Input Length": 16469.37,
    "Avg Output Length": 128.0,
    "Total Throughput": 3694.280755407536,
    "Input Throughput": 3665.7902212631407,
    "Output Throughput": 3665.7902212631407,
    "request_time": {
        "P25": 41.2626736164093,
        "P50": 44.82655692100525,
        "P75": 48.85034418106079,
        "P90": 52.11817145347595,
        "P95": 54.753931283950806,
        "P99": 57.90877389907837,
        "P100": 58.629406213760376
    },
    "first_token_time_dict": {
        "P25": 34.51297569274902,
        "P50": 40.15445113182068,
        "P75": 44.3636257648468,
        "P90": 47.47526574134827,
        "P95": 50.166048526763916,
        "P99": 53.2020218372345,
        "P100": 53.248488903045654
    },
    "decode_token_time_dict": {
        "P25": 33.3281164094219,
        "P50": 34.20057071475532,
        "P75": 35.110481142059086,
        "P90": 248.07598083976686,
        "P95": 330.4779323067252,
        "P99": 387.47886409909705,
        "P100": 431.87789090975065
    }
}