{
    "backend": "triton",
    "clients": 25,
    "request_num": 500,
    "Total QPS": 2.6416833482799325,
    "Avg Input Length": 1031.778,
    "Avg Output Length": 128.0,
    "Total Throughput": 3063.7662303014035,
    "Input Throughput": 2725.630761721572,
    "Output Throughput": 2725.630761721572,
    "request_time": {
        "P25": 8.916648387908936,
        "P50": 9.572007179260254,
        "P75": 9.889626264572144,
        "P90": 10.111433982849121,
        "P95": 10.172847747802734,
        "P99": 10.525338649749756,
        "P100": 10.547158002853394
    },
    "first_token_time_dict": {
        "P25": 4.916918039321899,
        "P50": 5.590974569320679,
        "P75": 5.889915704727173,
        "P90": 6.092186450958252,
        "P95": 6.172857046127319,
        "P99": 6.4922285079956055,
        "P100": 6.497560024261475
    },
    "decode_token_time_dict": {
        "P25": 31.224669433954194,
        "P50": 31.324632524505375,
        "P75": 31.47199585681825,
        "P90": 31.581300450122267,
        "P95": 31.771978994054116,
        "P99": 75.5004920358733,
        "P100": 80.76642817399633
    }
}