{
    "backend": "triton",
    "clients": 50,
    "request_num": 500,
    "Total QPS": 0.991925814344208,
    "Avg Input Length": 4125.696,
    "Avg Output Length": 128.0,
    "Total Throughput": 4219.350868772701,
    "Input Throughput": 4092.384364536642,
    "Output Throughput": 4092.384364536642,
    "request_time": {
        "P25": 49.609760999679565,
        "P50": 49.970261096954346,
        "P75": 52.45250582695007,
        "P90": 53.22028636932373,
        "P95": 53.495214223861694,
        "P99": 53.54871082305908,
        "P100": 53.58084774017334
    },
    "first_token_time_dict": {
        "P25": 43.313230991363525,
        "P50": 44.47621250152588,
        "P75": 45.72003149986267,
        "P90": 46.636884689331055,
        "P95": 46.90227270126343,
        "P99": 46.93824648857117,
        "P100": 46.97724795341492
    },
    "decode_token_time_dict": {
        "P25": 47.005876781433585,
        "P50": 49.3086416890302,
        "P75": 52.0007291178065,
        "P90": 54.22661623616857,
        "P95": 54.48104265167957,
        "P99": 387.1405500126636,
        "P100": 411.33166298152895
    }
}