{
    "backend": "triton",
    "clients": 15,
    "request_num": 500,
    "Total QPS": 0.46286489434353933,
    "Avg Input Length": 8250.884,
    "Avg Output Length": 128.0,
    "Total Throughput": 3878.291257376772,
    "Input Throughput": 3819.044550900799,
    "Output Throughput": 3819.044550900799,
    "request_time": {
        "P25": 30.27081847190857,
        "P50": 32.391642332077026,
        "P75": 34.53210639953613,
        "P90": 37.00052881240845,
        "P95": 37.90359902381897,
        "P99": 37.940571784973145,
        "P100": 37.95478367805481
    },
    "first_token_time_dict": {
        "P25": 25.47783851623535,
        "P50": 27.700483322143555,
        "P75": 30.246905088424683,
        "P90": 32.64988112449646,
        "P95": 33.57091736793518,
        "P99": 33.59451484680176,
        "P100": 33.60164761543274
    },
    "decode_token_time_dict": {
        "P25": 32.680027128204586,
        "P50": 33.040439050028645,
        "P75": 34.059145319180224,
        "P90": 34.316980932641215,
        "P95": 225.12411883496864,
        "P99": 269.07023670166495,
        "P100": 280.7455907656452
    }
}