{
    "backend": "triton",
    "clients": 15,
    "request_num": 500,
    "Total QPS": 2.1880813345683525,
    "Avg Input Length": 1031.778,
    "Avg Output Length": 128.0,
    "Total Throughput": 2537.6885940430147,
    "Input Throughput": 2257.6141832182657,
    "Output Throughput": 2257.6141832182657,
    "request_time": {
        "P25": 6.5688300132751465,
        "P50": 6.777682781219482,
        "P75": 7.022006988525391,
        "P90": 7.350020885467529,
        "P95": 7.3881916999816895,
        "P99": 7.655594348907471,
        "P100": 7.662449359893799
    },
    "first_token_time_dict": {
        "P25": 2.9737017154693604,
        "P50": 3.2254865169525146,
        "P75": 3.4849510192871094,
        "P90": 3.8077187538146973,
        "P95": 3.83172607421875,
        "P99": 4.116156101226807,
        "P100": 4.123210191726685
    },
    "decode_token_time_dict": {
        "P25": 27.613217436422513,
        "P50": 27.70576139134685,
        "P75": 27.83733090077798,
        "P90": 27.94437708817129,
        "P95": 49.92874400822196,
        "P99": 54.75857314162367,
        "P100": 56.39828096224567
    }
}