{
    "backend": "triton",
    "clients": 10,
    "request_num": 500,
    "Total QPS": 0.4438832598532425,
    "Avg Input Length": 8250.884,
    "Avg Output Length": 128.0,
    "Total Throughput": 3719.2463438521763,
    "Input Throughput": 3662.429286590961,
    "Output Throughput": 3662.429286590961,
    "request_time": {
        "P25": 20.73505663871765,
        "P50": 22.430033683776855,
        "P75": 24.084672212600708,
        "P90": 25.83363103866577,
        "P95": 27.002986907958984,
        "P99": 28.179725885391235,
        "P100": 28.19107985496521
    },
    "first_token_time_dict": {
        "P25": 16.122530698776245,
        "P50": 18.513537883758545,
        "P75": 20.241163730621338,
        "P90": 21.952548027038574,
        "P95": 23.137845754623413,
        "P99": 24.268430948257446,
        "P100": 24.281360387802124
    },
    "decode_token_time_dict": {
        "P25": 29.288284421905757,
        "P50": 29.715812112402727,
        "P75": 30.190409637811616,
        "P90": 30.904351256963775,
        "P95": 165.60097754470945,
        "P99": 190.83297158789446,
        "P100": 205.87590735728347
    }
}