{
    "backend": "triton",
    "clients": 10,
    "request_num": 500,
    "Total QPS": 0.8033178152862893,
    "Avg Input Length": 4125.696,
    "Avg Output Length": 128.0,
    "Total Throughput": 3417.069777612028,
    "Input Throughput": 3314.245097255383,
    "Output Throughput": 3314.245097255383,
    "request_time": {
        "P25": 11.557074546813965,
        "P50": 12.319679737091064,
        "P75": 13.222683429718018,
        "P90": 13.983384370803833,
        "P95": 14.400047540664673,
        "P99": 15.081179857254028,
        "P100": 15.092511892318726
    },
    "first_token_time_dict": {
        "P25": 7.791375637054443,
        "P50": 8.863610029220581,
        "P75": 9.720680952072144,
        "P90": 10.476013422012329,
        "P95": 10.890994310379028,
        "P99": 11.549645185470581,
        "P100": 11.556654930114746
    },
    "decode_token_time_dict": {
        "P25": 26.865095604123095,
        "P50": 27.23743408683717,
        "P75": 27.51344770897092,
        "P90": 27.874711930282473,
        "P95": 92.93647638456089,
        "P99": 103.3236961665116,
        "P100": 111.1729314008097
    }
}