{
    "backend": "triton",
    "clients": 25,
    "request_num": 500,
    "Total QPS": 0.9321600399174893,
    "Avg Input Length": 4125.696,
    "Avg Output Length": 128.0,
    "Total Throughput": 3965.125433156865,
    "Input Throughput": 3845.808948047426,
    "Output Throughput": 3845.808948047426,
    "request_time": {
        "P25": 24.46259093284607,
        "P50": 27.151615858078003,
        "P75": 28.450162649154663,
        "P90": 29.278964281082153,
        "P95": 29.762155771255493,
        "P99": 31.505831718444824,
        "P100": 31.535481452941895
    },
    "first_token_time_dict": {
        "P25": 20.12908959388733,
        "P50": 22.78013777732849,
        "P75": 24.03217363357544,
        "P90": 24.81220841407776,
        "P95": 25.270625829696655,
        "P99": 26.980706691741943,
        "P100": 26.990737915039062
    },
    "decode_token_time_dict": {
        "P25": 33.74491338654766,
        "P50": 34.38557977751484,
        "P75": 34.7779435435618,
        "P90": 35.223760004118674,
        "P95": 35.64429658604419,
        "P99": 216.47222023310624,
        "P100": 240.5776921219713
    }
}