{
    "backend": "openai",
    "clients": 15,
    "request_num": 500,
    "Total QPS": 1.4233954316970292,
    "Avg Input Length": 4125.696,
    "Avg Output Length": 125.946,
    "Total Throughput": 6054.691454227926,
    "Input Throughput": 5872.496838970706,
    "Output Throughput": 5872.496838970706,
    "request_time": {
        "P25": 10.06515908241272,
        "P50": 10.427571773529053,
        "P75": 10.887186050415039,
        "P90": 11.581524848937988,
        "P95": 11.737636804580688,
        "P99": 11.7821786403656,
        "P100": 11.788418769836426
    },
    "first_token_time_dict": {
        "P25": 2.232001781463623,
        "P50": 3.924471616744995,
        "P75": 5.601343631744385,
        "P90": 6.526363372802734,
        "P95": 6.916277170181274,
        "P99": 7.7387590408325195,
        "P100": 7.829958438873291
    },
    "decode_token_time_dict": {
        "P25": 37.994621306892455,
        "P50": 51.341103756521626,
        "P75": 65.14417092631182,
        "P90": 74.06908883823185,
        "P95": 80.15676746218223,
        "P99": 88.78889234047237,
        "P100": 1741.8851852416992
    }
}