{
    "backend": "openai",
    "clients": 5,
    "request_num": 499,
    "Total QPS": 1.5577931910392058,
    "Avg Input Length": 1031.778,
    "Avg Output Length": 122.09619238476954,
    "Total Throughput": 1810.3149013197074,
    "Input Throughput": 1610.5177786212923,
    "Output Throughput": 1610.5177786212923,
    "request_time": {
        "P25": 3.137957811355591,
        "P50": 3.201991081237793,
        "P75": 3.2519490718841553,
        "P90": 3.294037103652954,
        "P95": 3.312333583831787,
        "P99": 3.344133138656616,
        "P100": 3.3463194370269775
    },
    "first_token_time_dict": {
        "P25": 0.34993886947631836,
        "P50": 0.43347668647766113,
        "P75": 0.49568629264831543,
        "P90": 0.5318624973297119,
        "P95": 0.5559053421020508,
        "P99": 0.591402530670166,
        "P100": 0.600562334060669
    },
    "decode_token_time_dict": {
        "P25": 21.602390319343627,
        "P50": 21.6470909869577,
        "P75": 23.476213216781616,
        "P90": 24.830581635002076,
        "P95": 26.558912717379055,
        "P99": 45.277837912241615,
        "P100": 165.69158766004773
    }
}