{
    "backend": "openai",
    "clients": 50,
    "request_num": 500,
    "Total QPS": 5.31560862228587,
    "Avg Input Length": 1031.778,
    "Avg Output Length": 125.074,
    "Total Throughput": 6164.925936737462,
    "Input Throughput": 5484.52803308487,
    "Output Throughput": 5484.52803308487,
    "request_time": {
        "P25": 9.225751399993896,
        "P50": 9.342896461486816,
        "P75": 9.635288715362549,
        "P90": 9.73935079574585,
        "P95": 9.83842134475708,
        "P99": 9.856897354125977,
        "P100": 9.887278079986572
    },
    "first_token_time_dict": {
        "P25": 1.8381836414337158,
        "P50": 2.7420995235443115,
        "P75": 4.446144342422485,
        "P90": 5.230755567550659,
        "P95": 5.319646596908569,
        "P99": 5.594191789627075,
        "P100": 5.713338375091553
    },
    "decode_token_time_dict": {
        "P25": 38.66107069601224,
        "P50": 49.4785083560493,
        "P75": 61.466605644526446,
        "P90": 68.10947666018028,
        "P95": 69.77576345909299,
        "P99": 98.4484390778975,
        "P100": 497.65706062316895
    }
}