{
    "backend": "openai",
    "clients": 5,
    "request_num": 500,
    "Total QPS": 1.2630132382029806,
    "Avg Input Length": 1031.778,
    "Avg Output Length": 124.58,
    "Total Throughput": 1464.8149673765765,
    "Input Throughput": 1303.149272886595,
    "Output Throughput": 1303.149272886595,
    "request_time": {
        "P25": 3.890587091445923,
        "P50": 3.958649158477783,
        "P75": 4.020750999450684,
        "P90": 4.059702396392822,
        "P95": 4.096967697143555,
        "P99": 4.131626129150391,
        "P100": 4.164205312728882
    },
    "first_token_time_dict": {
        "P25": 0.41025471687316895,
        "P50": 0.5153656005859375,
        "P75": 0.596752405166626,
        "P90": 0.6499862670898438,
        "P95": 0.6792595386505127,
        "P99": 0.7240703105926514,
        "P100": 0.7517538070678711
    },
    "decode_token_time_dict": {
        "P25": 26.812264299768163,
        "P50": 26.91665784580501,
        "P75": 28.76915518693098,
        "P90": 30.68590915109229,
        "P95": 31.23186050205056,
        "P99": 47.427530020055634,
        "P100": 334.6996545791626
    }
}