{
    "backend": "openai",
    "clients": 50,
    "request_num": 500,
    "Total QPS": 2.182971630880744,
    "Avg Input Length": 4125.696,
    "Avg Output Length": 125.604,
    "Total Throughput": 9285.697694390896,
    "Input Throughput": 9006.27732563816,
    "Output Throughput": 9006.27732563816,
    "request_time": {
        "P25": 22.375885009765625,
        "P50": 22.681942224502563,
        "P75": 23.786983728408813,
        "P90": 24.15116596221924,
        "P95": 24.20985984802246,
        "P99": 24.22908616065979,
        "P100": 24.24400544166565
    },
    "first_token_time_dict": {
        "P25": 4.665928602218628,
        "P50": 8.771619319915771,
        "P75": 13.36923336982727,
        "P90": 16.1709246635437,
        "P95": 16.961145877838135,
        "P99": 18.346821308135986,
        "P100": 18.662304162979126
    },
    "decode_token_time_dict": {
        "P25": 74.38697026470514,
        "P50": 113.33422022541677,
        "P75": 145.462145016888,
        "P90": 164.84414498637042,
        "P95": 174.23578322403074,
        "P99": 213.95126824240083,
        "P100": 1176.9734382629395
    }
}