{
    "backend": "openai",
    "clients": 25,
    "request_num": 500,
    "Total QPS": 1.943970647143712,
    "Avg Input Length": 4125.696,
    "Avg Output Length": 124.992,
    "Total Throughput": 8269.06016587262,
    "Input Throughput": 8020.231923038224,
    "Output Throughput": 8020.231923038224,
    "request_time": {
        "P25": 11.888089418411255,
        "P50": 12.99549651145935,
        "P75": 13.624025106430054,
        "P90": 14.030431509017944,
        "P95": 14.317958354949951,
        "P99": 14.915963172912598,
        "P100": 14.929184675216675
    },
    "first_token_time_dict": {
        "P25": 2.541250705718994,
        "P50": 4.634922742843628,
        "P75": 6.9273974895477295,
        "P90": 8.327939748764038,
        "P95": 8.986124515533447,
        "P99": 9.901324033737183,
        "P100": 10.541893482208252
    },
    "decode_token_time_dict": {
        "P25": 45.039407850250484,
        "P50": 63.782462923545545,
        "P75": 80.7803484398549,
        "P90": 93.2674633236382,
        "P95": 100.9333997260867,
        "P99": 253.24080270879406,
        "P100": 1003.9544105529785
    }
}