{
    "backend": "openai",
    "clients": 10,
    "request_num": 500,
    "Total QPS": 1.4885261914193726,
    "Avg Input Length": 4125.696,
    "Avg Output Length": 125.27,
    "Total Throughput": 6331.737906335819,
    "Input Throughput": 6141.206553834139,
    "Output Throughput": 6141.206553834139,
    "request_time": {
        "P25": 6.305440664291382,
        "P50": 6.649113178253174,
        "P75": 7.065129041671753,
        "P90": 7.3717005252838135,
        "P95": 7.532225608825684,
        "P99": 8.096652030944824,
        "P100": 8.100757360458374
    },
    "first_token_time_dict": {
        "P25": 1.258077621459961,
        "P50": 2.3976430892944336,
        "P75": 3.1619417667388916,
        "P90": 3.6170809268951416,
        "P95": 3.8527426719665527,
        "P99": 4.228215217590332,
        "P100": 4.687031030654907
    },
    "decode_token_time_dict": {
        "P25": 27.716837530061017,
        "P50": 34.89325177951122,
        "P75": 42.33583502882109,
        "P90": 48.70663853142205,
        "P95": 52.844939269418795,
        "P99": 70.33239572476117,
        "P100": 80.28205235799153
    }
}