{
    "backend": "openai",
    "clients": 25,
    "request_num": 500,
    "Total QPS": 1.6374189890236028,
    "Avg Input Length": 4125.696,
    "Avg Output Length": 125.644,
    "Total Throughput": 6965.082603933743,
    "Input Throughput": 6755.492973338722,
    "Output Throughput": 6755.492973338722,
    "request_time": {
        "P25": 14.114571809768677,
        "P50": 15.431445837020874,
        "P75": 16.228010416030884,
        "P90": 16.551727294921875,
        "P95": 16.837265253067017,
        "P99": 17.61311101913452,
        "P100": 17.62173056602478
    },
    "first_token_time_dict": {
        "P25": 3.354989767074585,
        "P50": 6.056497573852539,
        "P75": 8.751944541931152,
        "P90": 10.41265344619751,
        "P95": 11.197857141494751,
        "P99": 12.11754322052002,
        "P100": 13.10416865348816
    },
    "decode_token_time_dict": {
        "P25": 49.87717425729346,
        "P50": 71.81938614432268,
        "P75": 93.533203125,
        "P90": 110.3109975499431,
        "P95": 117.84306098157028,
        "P99": 134.870327752212,
        "P100": 653.1961758931478
    }
}