{
    "backend": "openai",
    "clients": 10,
    "request_num": 500,
    "Total QPS": 1.2290195533012247,
    "Avg Input Length": 4125.696,
    "Avg Output Length": 126.338,
    "Total Throughput": 5227.875557799206,
    "Input Throughput": 5070.56105497665,
    "Output Throughput": 5070.56105497665,
    "request_time": {
        "P25": 7.729883909225464,
        "P50": 8.138707399368286,
        "P75": 8.511892795562744,
        "P90": 8.861637115478516,
        "P95": 9.064507484436035,
        "P99": 9.684071063995361,
        "P100": 9.688089847564697
    },
    "first_token_time_dict": {
        "P25": 1.7889506816864014,
        "P50": 2.9790871143341064,
        "P75": 3.882941961288452,
        "P90": 4.4834303855896,
        "P95": 4.796813488006592,
        "P99": 5.304385662078857,
        "P100": 5.825162172317505
    },
    "decode_token_time_dict": {
        "P25": 32.899460454625405,
        "P50": 41.3763616967389,
        "P75": 49.48529859227458,
        "P90": 57.62866538340651,
        "P95": 61.84330025339514,
        "P99": 67.69523094958207,
        "P100": 336.6676867008209
    }
}