{
    "backend": "openai",
    "clients": 25,
    "request_num": 500,
    "Total QPS": 4.741378740255882,
    "Avg Input Length": 1031.778,
    "Avg Output Length": 124.624,
    "Total Throughput": 5498.946752616485,
    "Input Throughput": 4892.050273863732,
    "Output Throughput": 4892.050273863732,
    "request_time": {
        "P25": 5.04648494720459,
        "P50": 5.289075613021851,
        "P75": 5.465217590332031,
        "P90": 5.517222166061401,
        "P95": 5.547481536865234,
        "P99": 5.707695960998535,
        "P100": 5.711812734603882
    },
    "first_token_time_dict": {
        "P25": 0.7873842716217041,
        "P50": 1.444106101989746,
        "P75": 1.9449505805969238,
        "P90": 2.127368927001953,
        "P95": 2.1593284606933594,
        "P99": 2.3369534015655518,
        "P100": 2.469028949737549
    },
    "decode_token_time_dict": {
        "P25": 26.206170480082353,
        "P50": 30.667517128891834,
        "P75": 34.74599520365397,
        "P90": 36.98375701904297,
        "P95": 38.913720895436185,
        "P99": 46.06925705332815,
        "P100": 124.55947531594171
    }
}