{
    "backend": "openai",
    "clients": 5,
    "request_num": 500,
    "Total QPS": 1.0741602621161,
    "Avg Input Length": 4125.696,
    "Avg Output Length": 125.898,
    "Total Throughput": 4569.151210322207,
    "Input Throughput": 4431.658696771346,
    "Output Throughput": 4431.658696771346,
    "request_time": {
        "P25": 4.395096778869629,
        "P50": 4.618089437484741,
        "P75": 4.878171920776367,
        "P90": 5.1446533203125,
        "P95": 5.240230083465576,
        "P99": 5.422215938568115,
        "P100": 5.497853517532349
    },
    "first_token_time_dict": {
        "P25": 0.9163589477539062,
        "P50": 1.2102031707763672,
        "P75": 1.7309863567352295,
        "P90": 1.9224755764007568,
        "P95": 2.0409762859344482,
        "P99": 2.3087425231933594,
        "P100": 2.519876480102539
    },
    "decode_token_time_dict": {
        "P25": 22.81130017258051,
        "P50": 25.851799747136635,
        "P75": 30.397751199917533,
        "P90": 34.35698456651583,
        "P95": 37.03294025631401,
        "P99": 43.212527095681374,
        "P100": 90.00414371490479
    }
}