{
    "backend": "openai",
    "clients": 100,
    "request_num": 500,
    "Total QPS": 2.3022562901401664,
    "Avg Input Length": 4125.696,
    "Avg Output Length": 125.382,
    "Total Throughput": 9793.098372344064,
    "Input Throughput": 9498.409567206123,
    "Output Throughput": 9498.409567206123,
    "request_time": {
        "P25": 42.99286651611328,
        "P50": 43.860087394714355,
        "P75": 44.03940987586975,
        "P90": 44.271233558654785,
        "P95": 44.29715442657471,
        "P99": 44.3238639831543,
        "P100": 44.36172962188721
    },
    "first_token_time_dict": {
        "P25": 8.288475513458252,
        "P50": 17.54073691368103,
        "P75": 26.145880222320557,
        "P90": 31.857581615447998,
        "P95": 33.39865779876709,
        "P99": 35.46560311317444,
        "P100": 36.47567272186279
    },
    "decode_token_time_dict": {
        "P25": 137.39035448690097,
        "P50": 205.6450361297244,
        "P75": 278.6960320209894,
        "P90": 317.71046076065454,
        "P95": 333.10299220047597,
        "P99": 363.99749659617015,
        "P100": 755.0627721680535
    }
}