{
    "backend": "openai",
    "clients": 10,
    "request_num": 500,
    "Total QPS": 2.175170948940087,
    "Avg Input Length": 1031.778,
    "Avg Output Length": 124.192,
    "Total Throughput": 2522.7154128198363,
    "Input Throughput": 2244.293531355505,
    "Output Throughput": 2244.293531355505,
    "request_time": {
        "P25": 4.445266485214233,
        "P50": 4.582651138305664,
        "P75": 4.703425168991089,
        "P90": 4.803405523300171,
        "P95": 4.868358612060547,
        "P99": 4.8963422775268555,
        "P100": 4.899336576461792
    },
    "first_token_time_dict": {
        "P25": 0.9064064025878906,
        "P50": 0.9689173698425293,
        "P75": 0.9929814338684082,
        "P90": 1.1155881881713867,
        "P95": 1.184520959854126,
        "P99": 1.3273491859436035,
        "P100": 3.9665303230285645
    },
    "decode_token_time_dict": {
        "P25": 27.878370810681442,
        "P50": 28.6496267544003,
        "P75": 29.90098450127549,
        "P90": 34.03502374183474,
        "P95": 35.988653738667644,
        "P99": 46.91426716153583,
        "P100": 67.1585202217102
    }
}