{
    "backend": "openai",
    "clients": 100,
    "request_num": 499,
    "Total QPS": 7.734409367000298,
    "Avg Input Length": 1031.778,
    "Avg Output Length": 123.01002004008016,
    "Total Throughput": 8988.174175191254,
    "Input Throughput": 7996.18579946376,
    "Output Throughput": 7996.18579946376,
    "request_time": {
        "P25": 12.663683414459229,
        "P50": 12.90634536743164,
        "P75": 13.010810136795044,
        "P90": 13.080671072006226,
        "P95": 13.101551532745361,
        "P99": 13.142409086227417,
        "P100": 13.165369987487793
    },
    "first_token_time_dict": {
        "P25": 2.330252170562744,
        "P50": 4.2078697681427,
        "P75": 6.719316482543945,
        "P90": 7.498334169387817,
        "P95": 8.06119990348816,
        "P99": 8.310580730438232,
        "P100": 8.432182788848877
    },
    "decode_token_time_dict": {
        "P25": 50.912175591536396,
        "P50": 68.5810498365267,
        "P75": 84.65960597203782,
        "P90": 94.77599587027483,
        "P95": 99.94347452178715,
        "P99": 241.30281280068792,
        "P100": 748.2061915927462
    }
}