{
    "backend": "openai",
    "clients": 15,
    "request_num": 500,
    "Total QPS": 1.7132202961710863,
    "Avg Input Length": 4125.696,
    "Avg Output Length": 125.132,
    "Total Throughput": 7287.5183209417655,
    "Input Throughput": 7068.226123031866,
    "Output Throughput": 7068.226123031866,
    "request_time": {
        "P25": 8.305457830429077,
        "P50": 8.624865055084229,
        "P75": 9.1692533493042,
        "P90": 9.648050308227539,
        "P95": 9.786500215530396,
        "P99": 9.832000017166138,
        "P100": 9.837089538574219
    },
    "first_token_time_dict": {
        "P25": 1.738342046737671,
        "P50": 3.1444804668426514,
        "P75": 4.48674201965332,
        "P90": 5.2696614265441895,
        "P95": 5.486029624938965,
        "P99": 6.101422548294067,
        "P100": 6.30037522315979
    },
    "decode_token_time_dict": {
        "P25": 32.87235770638534,
        "P50": 44.11747887378603,
        "P75": 54.049527551245504,
        "P90": 63.450032331812096,
        "P95": 68.54172706604004,
        "P99": 84.686279296875,
        "P100": 297.06751306851703
    }
}