{
    "backend": "openai",
    "clients": 50,
    "request_num": 499,
    "Total QPS": 6.432321553981953,
    "Avg Input Length": 1031.778,
    "Avg Output Length": 123.97995991983969,
    "Total Throughput": 7475.015057348779,
    "Input Throughput": 6650.027924172737,
    "Output Throughput": 6650.027924172737,
    "request_time": {
        "P25": 7.599784851074219,
        "P50": 7.681034088134766,
        "P75": 7.93563437461853,
        "P90": 8.004667043685913,
        "P95": 8.09558916091919,
        "P99": 8.107223510742188,
        "P100": 8.141088485717773
    },
    "first_token_time_dict": {
        "P25": 1.4265334606170654,
        "P50": 2.14731502532959,
        "P75": 3.4467945098876953,
        "P90": 4.074892997741699,
        "P95": 4.115742206573486,
        "P99": 4.357479095458984,
        "P100": 4.47924542427063
    },
    "decode_token_time_dict": {
        "P25": 33.813301972516875,
        "P50": 42.82454242856484,
        "P75": 51.134535646814065,
        "P90": 56.20723392652429,
        "P95": 57.41334149217981,
        "P99": 102.18669176101685,
        "P100": 514.3337033011696
    }
}