{
    "backend": "openai",
    "clients": 15,
    "request_num": 499,
    "Total QPS": 3.5181372296779663,
    "Avg Input Length": 1031.778,
    "Avg Output Length": 122.42484969939879,
    "Total Throughput": 4088.4350300214955,
    "Input Throughput": 3637.2110165958643,
    "Output Throughput": 3637.2110165958643,
    "request_time": {
        "P25": 4.072597503662109,
        "P50": 4.176633358001709,
        "P75": 4.27292537689209,
        "P90": 4.390409231185913,
        "P95": 4.483443737030029,
        "P99": 4.5031445026397705,
        "P100": 4.50685715675354
    },
    "first_token_time_dict": {
        "P25": 0.7642748355865479,
        "P50": 0.80607008934021,
        "P75": 1.2417151927947998,
        "P90": 1.3861956596374512,
        "P95": 1.4401130676269531,
        "P99": 1.4822771549224854,
        "P100": 1.5421397686004639
    },
    "decode_token_time_dict": {
        "P25": 23.21371694249431,
        "P50": 25.783542572982668,
        "P75": 27.510207469069112,
        "P90": 30.811893658375176,
        "P95": 33.67560304056003,
        "P99": 58.772577558244976,
        "P100": 510.6917222340902
    }
}