{
    "backend": "openai",
    "clients": 25,
    "request_num": 499,
    "Total QPS": 3.857178057664632,
    "Avg Input Length": 1031.778,
    "Avg Output Length": 124.36072144288578,
    "Total Throughput": 4482.435123609391,
    "Input Throughput": 3987.726915812724,
    "Output Throughput": 3987.726915812724,
    "request_time": {
        "P25": 6.1796650886535645,
        "P50": 6.478114366531372,
        "P75": 6.6655356884002686,
        "P90": 6.7953386306762695,
        "P95": 6.882018089294434,
        "P99": 6.960686922073364,
        "P100": 6.971516132354736
    },
    "first_token_time_dict": {
        "P25": 0.9682133197784424,
        "P50": 1.7155883312225342,
        "P75": 2.3691365718841553,
        "P90": 2.7157840728759766,
        "P95": 2.8062825202941895,
        "P99": 2.9842653274536133,
        "P100": 3.160078525543213
    },
    "decode_token_time_dict": {
        "P25": 31.971112949641675,
        "P50": 37.758521207674285,
        "P75": 44.23202492120698,
        "P90": 46.97974835793803,
        "P95": 50.28566045145835,
        "P99": 72.49859197815853,
        "P100": 169.41834688186646
    }
}