{
    "backend": "openai",
    "clients": 5,
    "request_num": 500,
    "Total QPS": 0.8720289013192545,
    "Avg Input Length": 4125.696,
    "Avg Output Length": 125.892,
    "Total Throughput": 3709.3458494261076,
    "Input Throughput": 3597.726150057243,
    "Output Throughput": 3597.726150057243,
    "request_time": {
        "P25": 5.380105972290039,
        "P50": 5.7398600578308105,
        "P75": 6.0285866260528564,
        "P90": 6.308794736862183,
        "P95": 6.432858943939209,
        "P99": 6.6948559284210205,
        "P100": 6.765042781829834
    },
    "first_token_time_dict": {
        "P25": 1.15352463722229,
        "P50": 1.5233306884765625,
        "P75": 2.1491780281066895,
        "P90": 2.4121692180633545,
        "P95": 2.5768883228302,
        "P99": 2.9329590797424316,
        "P100": 3.1363189220428467
    },
    "decode_token_time_dict": {
        "P25": 28.017496499489614,
        "P50": 31.61406329297644,
        "P75": 37.35296932731088,
        "P90": 41.882890415942576,
        "P95": 44.889483864851826,
        "P99": 53.57823873821058,
        "P100": 172.6892590522766
    }
}