{
    "backend": "openai",
    "clients": 100,
    "request_num": 500,
    "Total QPS": 1.8230429500468444,
    "Avg Input Length": 4125.696,
    "Avg Output Length": 125.788,
    "Total Throughput": 7754.670504442462,
    "Input Throughput": 7521.321006836466,
    "Output Throughput": 7521.321006836466,
    "request_time": {
        "P25": 49.7114679813385,
        "P50": 49.886337995529175,
        "P75": 50.117178201675415,
        "P90": 74.67283630371094,
        "P95": 74.80740165710449,
        "P99": 75.11799550056458,
        "P100": 75.1514790058136
    },
    "first_token_time_dict": {
        "P25": 32.19161415100098,
        "P50": 38.03422498703003,
        "P75": 43.70579528808594,
        "P90": 51.91479015350342,
        "P95": 53.29469275474548,
        "P99": 54.53366303443909,
        "P100": 56.13487792015076
    },
    "decode_token_time_dict": {
        "P25": 75.59305851853739,
        "P50": 118.38027811425877,
        "P75": 154.39201339961974,
        "P90": 178.92115819649618,
        "P95": 186.19017338189553,
        "P99": 264.88945429975337,
        "P100": 552.9473026593527
    }
}