{
    "backend": "openai",
    "clients": 15,
    "request_num": 500,
    "Total QPS": 2.8673866058240667,
    "Avg Input Length": 1031.778,
    "Avg Output Length": 124.46,
    "Total Throughput": 3325.531902929424,
    "Input Throughput": 2958.5064173839437,
    "Output Throughput": 2958.5064173839437,
    "request_time": {
        "P25": 5.047269582748413,
        "P50": 5.150954961776733,
        "P75": 5.235945224761963,
        "P90": 5.419295310974121,
        "P95": 5.48934006690979,
        "P99": 5.5864222049713135,
        "P100": 5.589766979217529
    },
    "first_token_time_dict": {
        "P25": 0.9739565849304199,
        "P50": 1.0346734523773193,
        "P75": 1.5711443424224854,
        "P90": 1.773200511932373,
        "P95": 1.8209702968597412,
        "P99": 1.8860819339752197,
        "P100": 1.9677112102508545
    },
    "decode_token_time_dict": {
        "P25": 28.09091628067137,
        "P50": 31.68069471524456,
        "P75": 33.34717863188015,
        "P90": 36.1070820665735,
        "P95": 40.29670333862305,
        "P99": 51.26150697469711,
        "P100": 197.02884730170754
    }
}