{
    "backend": "openai",
    "clients": 100,
    "request_num": 500,
    "Total QPS": 6.48966433398659,
    "Avg Input Length": 1031.778,
    "Avg Output Length": 124.492,
    "Total Throughput": 7526.5699219422995,
    "Input Throughput": 6695.892887192016,
    "Output Throughput": 6695.892887192016,
    "request_time": {
        "P25": 15.228835344314575,
        "P50": 15.414700746536255,
        "P75": 15.567652225494385,
        "P90": 15.645861387252808,
        "P95": 15.668358564376831,
        "P99": 15.702382326126099,
        "P100": 15.717434883117676
    },
    "first_token_time_dict": {
        "P25": 2.8000004291534424,
        "P50": 5.528990983963013,
        "P75": 8.689046859741211,
        "P90": 9.73139500617981,
        "P95": 10.434309720993042,
        "P99": 10.734874963760376,
        "P100": 10.86164903640747
    },
    "decode_token_time_dict": {
        "P25": 54.16369813633716,
        "P50": 77.8166853536771,
        "P75": 99.36612797534372,
        "P90": 113.02298635948361,
        "P95": 117.63912210097679,
        "P99": 201.66612148284912,
        "P100": 1909.8933219909668
    }
}