{
    "backend": "openai",
    "clients": 10,
    "request_num": 499,
    "Total QPS": 2.6760234475382174,
    "Avg Input Length": 1031.778,
    "Avg Output Length": 123.97995991983969,
    "Total Throughput": 3109.8127474338467,
    "Input Throughput": 2766.59531127664,
    "Output Throughput": 2766.59531127664,
    "request_time": {
        "P25": 3.6252329349517822,
        "P50": 3.703617572784424,
        "P75": 3.841578245162964,
        "P90": 3.931213617324829,
        "P95": 3.971362590789795,
        "P99": 4.009127616882324,
        "P100": 4.01216459274292
    },
    "first_token_time_dict": {
        "P25": 0.7121174335479736,
        "P50": 0.7624154090881348,
        "P75": 0.8035883903503418,
        "P90": 0.8705871105194092,
        "P95": 0.9471871852874756,
        "P99": 1.057878017425537,
        "P100": 1.0922577381134033
    },
    "decode_token_time_dict": {
        "P25": 22.704661838592045,
        "P50": 23.398292346263496,
        "P75": 24.51858719189962,
        "P90": 27.78651395181971,
        "P95": 29.352708125677633,
        "P99": 38.51464676530394,
        "P100": 73.89040482349884
    }
}