{
    "backend": "openai",
    "clients": 50,
    "request_num": 500,
    "Total QPS": 1.821966338304161,
    "Avg Input Length": 4125.696,
    "Avg Output Length": 126.116,
    "Total Throughput": 7750.090925379057,
    "Input Throughput": 7516.879234076125,
    "Output Throughput": 7516.879234076125,
    "request_time": {
        "P25": 24.803065538406372,
        "P50": 24.932690143585205,
        "P75": 25.08796453475952,
        "P90": 25.138208389282227,
        "P95": 49.87527418136597,
        "P99": 49.98888111114502,
        "P100": 50.114930152893066
    },
    "first_token_time_dict": {
        "P25": 7.203075647354126,
        "P50": 12.520828247070312,
        "P75": 17.15610671043396,
        "P90": 19.964428663253784,
        "P95": 26.62988018989563,
        "P99": 27.783905029296875,
        "P100": 29.24623942375183
    },
    "decode_token_time_dict": {
        "P25": 75.25000422019657,
        "P50": 112.9080742362916,
        "P75": 154.87232733899214,
        "P90": 176.5717652839,
        "P95": 183.67438992177406,
        "P99": 191.13931317967692,
        "P100": 665.2611096700033
    }
}