{
    "backend": "triton",
    "clients": 25,
    "request_num": 500,
    "Total QPS": 5.084379983284342,
    "Avg Input Length": 1031.778,
    "Avg Output Length": 128.0,
    "Total Throughput": 5896.752048253548,
    "Input Throughput": 5245.951410393152,
    "Output Throughput": 5245.951410393152,
    "request_time": {
        "P25": 4.768247604370117,
        "P50": 4.932259798049927,
        "P75": 5.080890417098999,
        "P90": 5.131293535232544,
        "P95": 5.159040689468384,
        "P99": 5.253817558288574,
        "P100": 5.261308431625366
    },
    "first_token_time_dict": {
        "P25": 1.6247823238372803,
        "P50": 1.8074984550476074,
        "P75": 1.9406845569610596,
        "P90": 1.9945690631866455,
        "P95": 2.0068154335021973,
        "P99": 2.100903272628784,
        "P100": 2.1098504066467285
    },
    "decode_token_time_dict": {
        "P25": 24.526975286288522,
        "P50": 24.6031753660187,
        "P75": 24.733160424420216,
        "P90": 24.795417710552066,
        "P95": 24.837276128333382,
        "P99": 38.89430789496955,
        "P100": 40.52051972216508
    }
}