{
    "backend": "triton",
    "clients": 50,
    "request_num": 500,
    "Total QPS": 7.12057541705026,
    "Avg Input Length": 1031.778,
    "Avg Output Length": 128.0,
    "Total Throughput": 8258.286716035716,
    "Input Throughput": 7346.853062653283,
    "Output Throughput": 7346.853062653283,
    "request_time": {
        "P25": 6.910606145858765,
        "P50": 6.9679114818573,
        "P75": 7.175565004348755,
        "P90": 7.237369060516357,
        "P95": 7.294004917144775,
        "P99": 7.314371824264526,
        "P100": 7.323026418685913
    },
    "first_token_time_dict": {
        "P25": 3.412212610244751,
        "P50": 3.4804437160491943,
        "P75": 3.6623053550720215,
        "P90": 3.6981325149536133,
        "P95": 3.7612521648406982,
        "P99": 3.7822794914245605,
        "P100": 3.789161205291748
    },
    "decode_token_time_dict": {
        "P25": 27.49166526193694,
        "P50": 27.604266414492148,
        "P75": 27.7011094130869,
        "P90": 27.782059091282644,
        "P95": 27.848780624509796,
        "P99": 53.994619940209574,
        "P100": 56.36743485458254
    }
}