{
    "backend": "triton",
    "clients": 5,
    "request_num": 500,
    "Total QPS": 1.5646681571016623,
    "Avg Input Length": 1031.778,
    "Avg Output Length": 128.0,
    "Total Throughput": 1814.6677059070516,
    "Input Throughput": 1614.390181798039,
    "Output Throughput": 1614.390181798039,
    "request_time": {
        "P25": 3.1286211013793945,
        "P50": 3.1873092651367188,
        "P75": 3.2162058353424072,
        "P90": 3.2611844539642334,
        "P95": 3.2917051315307617,
        "P99": 3.3558006286621094,
        "P100": 4.781565189361572
    },
    "first_token_time_dict": {
        "P25": 0.30454301834106445,
        "P50": 0.3813438415527344,
        "P75": 0.4226498603820801,
        "P90": 0.4649169445037842,
        "P95": 0.48664021492004395,
        "P99": 0.534358024597168,
        "P100": 0.5684483051300049
    },
    "decode_token_time_dict": {
        "P25": 21.83704488859402,
        "P50": 21.91043087816614,
        "P75": 22.05460090336837,
        "P90": 24.218129360769677,
        "P95": 24.510852933868648,
        "P99": 25.180916147907887,
        "P100": 36.57642875130721
    }
}