{
    "backend": "triton",
    "clients": 100,
    "request_num": 500,
    "Total QPS": 8.935236535125005,
    "Avg Input Length": 1031.778,
    "Avg Output Length": 128.0,
    "Total Throughput": 10362.890758234207,
    "Input Throughput": 9219.180481738207,
    "Output Throughput": 9219.180481738207,
    "request_time": {
        "P25": 11.073768615722656,
        "P50": 11.217895746231079,
        "P75": 11.290531635284424,
        "P90": 11.31783652305603,
        "P95": 11.32867693901062,
        "P99": 11.346596002578735,
        "P100": 11.37931489944458
    },
    "first_token_time_dict": {
        "P25": 3.930717945098877,
        "P50": 4.065583944320679,
        "P75": 6.93859338760376,
        "P90": 7.040862798690796,
        "P95": 7.049572467803955,
        "P99": 7.062631130218506,
        "P100": 7.066738128662109
    },
    "decode_token_time_dict": {
        "P25": 33.56737977876438,
        "P50": 53.95719948716051,
        "P75": 57.67140613766167,
        "P90": 59.66361488882951,
        "P95": 59.74517281599871,
        "P99": 59.89877633222445,
        "P100": 88.1763405687227
    }
}