{
    "backend": "triton",
    "clients": 15,
    "request_num": 500,
    "Total QPS": 3.5965971878977454,
    "Avg Input Length": 1031.778,
    "Avg Output Length": 128.0,
    "Total Throughput": 4171.254293385671,
    "Input Throughput": 3710.88985333476,
    "Output Throughput": 3710.88985333476,
    "request_time": {
        "P25": 4.040711164474487,
        "P50": 4.119567632675171,
        "P75": 4.196716547012329,
        "P90": 4.2738037109375,
        "P95": 4.292230129241943,
        "P99": 4.300297975540161,
        "P100": 4.3033552169799805
    },
    "first_token_time_dict": {
        "P25": 1.0347976684570312,
        "P50": 1.1501920223236084,
        "P75": 1.2240474224090576,
        "P90": 1.3052856922149658,
        "P95": 1.3191311359405518,
        "P99": 1.335186243057251,
        "P100": 1.340557336807251
    },
    "decode_token_time_dict": {
        "P25": 23.21638647965559,
        "P50": 23.27817631518747,
        "P75": 23.35934939346914,
        "P90": 23.548462259487845,
        "P95": 31.01215587826226,
        "P99": 32.30173193563626,
        "P100": 33.03311565729577
    }
}