{
    "backend": "triton",
    "clients": 10,
    "request_num": 500,
    "Total QPS": 2.7570888253489447,
    "Avg Input Length": 1031.778,
    "Avg Output Length": 128.0,
    "Total Throughput": 3197.610963685548,
    "Input Throughput": 2844.703594040883,
    "Output Throughput": 2844.703594040883,
    "request_time": {
        "P25": 3.557497501373291,
        "P50": 3.616118907928467,
        "P75": 3.6912176609039307,
        "P90": 3.7590222358703613,
        "P95": 3.829730272293091,
        "P99": 3.8746750354766846,
        "P100": 3.878629207611084
    },
    "first_token_time_dict": {
        "P25": 0.6559646129608154,
        "P50": 0.7415857315063477,
        "P75": 0.8167374134063721,
        "P90": 0.8698892593383789,
        "P95": 0.9334487915039062,
        "P99": 0.980658769607544,
        "P100": 0.9843564033508301
    },
    "decode_token_time_dict": {
        "P25": 22.527212233055295,
        "P50": 22.577895892886666,
        "P75": 22.655162285632034,
        "P90": 22.82198207584892,
        "P95": 27.622528902189,
        "P99": 28.70128286166454,
        "P100": 29.416636219174844
    }
}