{
    "backend": "triton",
    "clients": 15,
    "request_num": 500,
    "Total QPS": 0.47880167967336623,
    "Avg Input Length": 8250.884,
    "Avg Output Length": 127.98,
    "Total Throughput": 4011.8237329882936,
    "Input Throughput": 3950.537117990103,
    "Output Throughput": 3950.537117990103,
    "request_time": {
        "P25": 29.289270162582397,
        "P50": 31.337697505950928,
        "P75": 33.43316626548767,
        "P90": 35.91765737533569,
        "P95": 36.747259855270386,
        "P99": 36.79134726524353,
        "P100": 36.816054582595825
    },
    "first_token_time_dict": {
        "P25": 24.995452642440796,
        "P50": 27.089656352996826,
        "P75": 29.627036333084106,
        "P90": 32.01923179626465,
        "P95": 32.91616463661194,
        "P99": 32.97095584869385,
        "P100": 32.981921672821045
    },
    "decode_token_time_dict": {
        "P25": 28.89384998111274,
        "P50": 29.359278716440276,
        "P75": 29.95683076813465,
        "P90": 30.353981678880107,
        "P95": 217.6170161389929,
        "P99": 260.5996188216322,
        "P100": 272.70735342671554
    }
}