{
    "backend": "triton",
    "clients": 50,
    "request_num": 500,
    "Total QPS": 0.5065420507085578,
    "Avg Input Length": 8250.884,
    "Avg Output Length": 127.974,
    "Total Throughput": 4244.257084009125,
    "Input Throughput": 4179.419701518429,
    "Output Throughput": 4179.419701518429,
    "request_time": {
        "P25": 96.82782578468323,
        "P50": 97.81109309196472,
        "P75": 102.54258942604065,
        "P90": 104.90528011322021,
        "P95": 106.49553322792053,
        "P99": 106.55653429031372,
        "P100": 108.33619499206543
    },
    "first_token_time_dict": {
        "P25": 46.64946627616882,
        "P50": 47.77888011932373,
        "P75": 91.11508917808533,
        "P90": 93.32926893234253,
        "P95": 93.53998637199402,
        "P99": 93.76152181625366,
        "P100": 99.61191082000732
    },
    "decode_token_time_dict": {
        "P25": 52.401127777700346,
        "P50": 384.38206394826335,
        "P75": 410.8153609778937,
        "P90": 445.6503222307821,
        "P95": 463.42227402634506,
        "P99": 761.174669415932,
        "P100": 817.2666876334844
    }
}