{
    "backend": "triton",
    "clients": 100,
    "request_num": 500,
    "Total QPS": 0.238389805198288,
    "Avg Input Length": 16469.37,
    "Avg Output Length": 128.0,
    "Total Throughput": 3956.6438011039095,
    "Input Throughput": 3926.1299060385286,
    "Output Throughput": 3926.1299060385286,
    "request_time": {
        "P25": 392.33951330184937,
        "P50": 416.61034965515137,
        "P75": 438.3981137275696,
        "P90": 463.90553188323975,
        "P95": 467.4946644306183,
        "P99": 506.5698778629303,
        "P100": 552.0192196369171
    },
    "first_token_time_dict": {
        "P25": 284.5407223701477,
        "P50": 304.71846055984497,
        "P75": 313.38356161117554,
        "P90": 354.51310753822327,
        "P95": 357.4544982910156,
        "P99": 400.0539770126343,
        "P100": 448.23734164237976
    },
    "decode_token_time_dict": {
        "P25": 827.6227215143639,
        "P50": 860.2539141347089,
        "P75": 887.4244408344659,
        "P90": 907.9963691591278,
        "P95": 1065.6473336257334,
        "P99": 1099.1275817390501,
        "P100": 1187.910365307425
    }
}