{
    "backend": "triton",
    "clients": 100,
    "request_num": 500,
    "Total QPS": 3.6161247500136193,
    "Avg Input Length": 1031.778,
    "Avg Output Length": 128.0,
    "Total Throughput": 4193.901930321295,
    "Input Throughput": 3731.037962319552,
    "Output Throughput": 3731.037962319552,
    "request_time": {
        "P25": 27.11029624938965,
        "P50": 27.98284101486206,
        "P75": 28.09034490585327,
        "P90": 28.258485555648804,
        "P95": 28.28879714012146,
        "P99": 28.332178831100464,
        "P100": 28.39791750907898
    },
    "first_token_time_dict": {
        "P25": 20.086594581604004,
        "P50": 21.450443267822266,
        "P75": 21.556107759475708,
        "P90": 21.643648862838745,
        "P95": 21.66447377204895,
        "P99": 21.690526962280273,
        "P100": 21.713116884231567
    },
    "decode_token_time_dict": {
        "P25": 50.370222001563846,
        "P50": 51.40370459068479,
        "P75": 52.13543186037559,
        "P90": 52.693650478453144,
        "P95": 198.2747888940526,
        "P99": 204.9326671390083,
        "P100": 219.15530970716102
    }
}