{
    "backend": "triton",
    "clients": 5,
    "request_num": 500,
    "Total QPS": 0.7159967036152968,
    "Avg Input Length": 4125.696,
    "Avg Output Length": 128.0,
    "Total Throughput": 3045.6323141815737,
    "Input Throughput": 2953.9847361188154,
    "Output Throughput": 2953.9847361188154,
    "request_time": {
        "P25": 6.4452643394470215,
        "P50": 6.99788498878479,
        "P75": 7.561146020889282,
        "P90": 7.977104187011719,
        "P95": 8.37174129486084,
        "P99": 8.719005346298218,
        "P100": 8.806727409362793
    },
    "first_token_time_dict": {
        "P25": 3.0045783519744873,
        "P50": 4.095187425613403,
        "P75": 4.7192888259887695,
        "P90": 5.26026177406311,
        "P95": 5.46916127204895,
        "P99": 5.989186525344849,
        "P100": 6.090873718261719
    },
    "decode_token_time_dict": {
        "P25": 20.812051502738413,
        "P50": 21.127524338369295,
        "P75": 21.34762411042461,
        "P90": 48.600375182985324,
        "P95": 53.08175274706262,
        "P99": 58.051310186311014,
        "P100": 61.63909303860402
    }
}