{
    "backend": "triton",
    "clients": 10,
    "request_num": 500,
    "Total QPS": 0.4618205153251837,
    "Avg Input Length": 8250.884,
    "Avg Output Length": 127.982,
    "Total Throughput": 3869.540526729936,
    "Input Throughput": 3810.4275007683127,
    "Output Throughput": 3810.4275007683127,
    "request_time": {
        "P25": 19.91412043571472,
        "P50": 21.566412687301636,
        "P75": 23.18180274963379,
        "P90": 24.914835691452026,
        "P95": 26.061565160751343,
        "P99": 27.19989013671875,
        "P100": 27.2147855758667
    },
    "first_token_time_dict": {
        "P25": 15.749510288238525,
        "P50": 18.1193630695343,
        "P75": 19.82157301902771,
        "P90": 21.528807401657104,
        "P95": 22.674912214279175,
        "P99": 23.75116205215454,
        "P100": 23.759939432144165
    },
    "decode_token_time_dict": {
        "P25": 25.545621481467418,
        "P50": 25.957090648140493,
        "P75": 26.489830392552175,
        "P90": 27.250034602608267,
        "P95": 159.27162508326253,
        "P99": 184.04937165928638,
        "P100": 198.84469002250611
    }
}