{
    "backend": "triton",
    "clients": 25,
    "request_num": 500,
    "Total QPS": 2.824212323335261,
    "Avg Input Length": 1031.778,
    "Avg Output Length": 128.0,
    "Total Throughput": 3275.459319933122,
    "Input Throughput": 2913.9601425462088,
    "Output Throughput": 2913.9601425462088,
    "request_time": {
        "P25": 8.20257043838501,
        "P50": 8.844442129135132,
        "P75": 9.168802499771118,
        "P90": 9.455231189727783,
        "P95": 9.787994623184204,
        "P99": 11.386502265930176,
        "P100": 11.403684616088867
    },
    "first_token_time_dict": {
        "P25": 4.824642181396484,
        "P50": 5.475943565368652,
        "P75": 5.7602012157440186,
        "P90": 5.958272218704224,
        "P95": 6.033359050750732,
        "P99": 6.345990896224976,
        "P100": 6.353854179382324
    },
    "decode_token_time_dict": {
        "P25": 26.476109121728133,
        "P50": 26.604795080470286,
        "P75": 26.75302760807548,
        "P90": 27.044641689991387,
        "P95": 42.999903986773155,
        "P99": 69.86526241452675,
        "P100": 87.11731715465156
    }
}