{
    "backend": "triton",
    "clients": 10,
    "request_num": 500,
    "Total QPS": 0.8488560731307232,
    "Avg Input Length": 4125.696,
    "Avg Output Length": 128.0,
    "Total Throughput": 3610.775682851865,
    "Input Throughput": 3502.1221054911325,
    "Output Throughput": 3502.1221054911325,
    "request_time": {
        "P25": 10.908284664154053,
        "P50": 11.684940814971924,
        "P75": 12.53149127960205,
        "P90": 13.29022216796875,
        "P95": 13.688861608505249,
        "P99": 14.36875057220459,
        "P100": 14.379380226135254
    },
    "first_token_time_dict": {
        "P25": 7.61980128288269,
        "P50": 8.660661697387695,
        "P75": 9.487862825393677,
        "P90": 10.268831968307495,
        "P95": 10.622747659683228,
        "P99": 11.30197024345398,
        "P100": 11.310921669006348
    },
    "decode_token_time_dict": {
        "P25": 23.27852737246536,
        "P50": 23.548619953666147,
        "P75": 23.72075065853089,
        "P90": 24.20569217111182,
        "P95": 88.1915787073571,
        "P99": 98.0212125252551,
        "P100": 105.95346998980665
    }
}