{
    "backend": "triton",
    "clients": 50,
    "request_num": 500,
    "Total QPS": 3.30781332902027,
    "Avg Input Length": 1031.778,
    "Avg Output Length": 128.0,
    "Total Throughput": 3836.329127104471,
    "Input Throughput": 3412.9290209898763,
    "Output Throughput": 3412.9290209898763,
    "request_time": {
        "P25": 14.91489863395691,
        "P50": 14.976209163665771,
        "P75": 15.536234140396118,
        "P90": 15.717690706253052,
        "P95": 15.904373407363892,
        "P99": 15.937442064285278,
        "P100": 15.964234113693237
    },
    "first_token_time_dict": {
        "P25": 10.519346237182617,
        "P50": 10.585851430892944,
        "P75": 11.127431154251099,
        "P90": 11.287296533584595,
        "P95": 11.479625463485718,
        "P99": 11.512017488479614,
        "P100": 11.52159571647644
    },
    "decode_token_time_dict": {
        "P25": 34.49634304196816,
        "P50": 34.578689440028874,
        "P75": 34.71421632241076,
        "P90": 34.80955371706504,
        "P95": 34.90340991283026,
        "P99": 116.48723271888072,
        "P100": 122.73797838706669
    }
}