{
    "backend": "triton",
    "clients": 100,
    "request_num": 500,
    "Total QPS": 0.5081352105521106,
    "Avg Input Length": 8250.884,
    "Avg Output Length": 127.974,
    "Total Throughput": 4257.605985531711,
    "Input Throughput": 4192.56467858104,
    "Output Throughput": 4192.56467858104,
    "request_time": {
        "P25": 186.07847619056702,
        "P50": 188.7381238937378,
        "P75": 195.92034673690796,
        "P90": 239.5021207332611,
        "P95": 242.56536841392517,
        "P99": 285.986026763916,
        "P100": 332.8838391304016
    },
    "first_token_time_dict": {
        "P25": 88.76804089546204,
        "P50": 91.58673286437988,
        "P75": 99.5980715751648,
        "P90": 143.24809312820435,
        "P95": 144.49742102622986,
        "P99": 188.70563292503357,
        "P100": 234.7456922531128
    },
    "decode_token_time_dict": {
        "P25": 764.1855994547446,
        "P50": 772.1762657165527,
        "P75": 782.561114453894,
        "P90": 788.5403971033772,
        "P95": 790.3337703915093,
        "P99": 795.6864439596342,
        "P100": 1123.8549056015615
    }
}