{
    "backend": "triton",
    "clients": 25,
    "request_num": 500,
    "Total QPS": 0.23661071786953386,
    "Avg Input Length": 16469.37,
    "Avg Output Length": 128.0,
    "Total Throughput": 3927.115630446265,
    "Input Throughput": 3896.8294585589647,
    "Output Throughput": 3896.8294585589647,
    "request_time": {
        "P25": 95.52706718444824,
        "P50": 107.32863450050354,
        "P75": 114.19496536254883,
        "P90": 120.40804505348206,
        "P95": 124.7934923171997,
        "P99": 129.5321934223175,
        "P100": 130.94174122810364
    },
    "first_token_time_dict": {
        "P25": 50.19458866119385,
        "P50": 55.01616835594177,
        "P75": 93.19508242607117,
        "P90": 99.59723711013794,
        "P95": 104.31192564964294,
        "P99": 112.23533177375793,
        "P100": 118.15374207496643
    },
    "decode_token_time_dict": {
        "P25": 66.51431181299405,
        "P50": 324.69243702926036,
        "P75": 452.2695090827041,
        "P90": 558.8001022188682,
        "P95": 660.020798210084,
        "P99": 865.4949477338415,
        "P100": 977.7245540318527
    }
}