{
    "backend": "triton",
    "clients": 25,
    "request_num": 500,
    "Total QPS": 0.49562250990486634,
    "Avg Input Length": 8250.884,
    "Avg Output Length": 127.974,
    "Total Throughput": 4152.763518281726,
    "Input Throughput": 4089.323837013903,
    "Output Throughput": 4089.323837013903,
    "request_time": {
        "P25": 45.29745292663574,
        "P50": 51.53034472465515,
        "P75": 53.82935285568237,
        "P90": 56.01748704910278,
        "P95": 56.69784927368164,
        "P99": 59.865540504455566,
        "P100": 59.8882999420166
    },
    "first_token_time_dict": {
        "P25": 40.92349886894226,
        "P50": 46.072123289108276,
        "P75": 47.08913445472717,
        "P90": 48.73624563217163,
        "P95": 48.78323817253113,
        "P99": 50.976072549819946,
        "P100": 55.106576442718506
    },
    "decode_token_time_dict": {
        "P25": 34.27992655536321,
        "P50": 35.30249820919487,
        "P75": 56.74725817883108,
        "P90": 65.19095916447677,
        "P95": 105.69396544629195,
        "P99": 409.67023841978056,
        "P100": 457.4672894215021
    }
}