{
    "backend": "triton",
    "clients": 100,
    "request_num": 500,
    "Total QPS": 1.0355566222886607,
    "Avg Input Length": 4125.696,
    "Avg Output Length": 128.0,
    "Total Throughput": 4404.943062002787,
    "Input Throughput": 4272.391814349839,
    "Output Throughput": 4272.391814349839,
    "request_time": {
        "P25": 94.81184029579163,
        "P50": 97.98800015449524,
        "P75": 98.13455152511597,
        "P90": 98.75745820999146,
        "P95": 98.83185005187988,
        "P99": 98.8827052116394,
        "P100": 142.5807363986969
    },
    "first_token_time_dict": {
        "P25": 45.034279584884644,
        "P50": 45.322458267211914,
        "P75": 87.7920572757721,
        "P90": 88.54489254951477,
        "P95": 89.63840746879578,
        "P99": 89.6853358745575,
        "P100": 89.71259474754333
    },
    "decode_token_time_dict": {
        "P25": 72.29637348745752,
        "P50": 374.3848537835549,
        "P75": 417.49446035370113,
        "P90": 421.6243357170285,
        "P95": 421.7754104944665,
        "P99": 422.9352492985763,
        "P100": 768.6543877669206
    }
}