{
    "backend": "triton",
    "clients": 15,
    "request_num": 500,
    "Total QPS": 0.23277886502461323,
    "Avg Input Length": 16469.37,
    "Avg Output Length": 128.0,
    "Total Throughput": 3863.516950993565,
    "Input Throughput": 3833.7212562704144,
    "Output Throughput": 3833.7212562704144,
    "request_time": {
        "P25": 59.69959545135498,
        "P50": 65.07940030097961,
        "P75": 69.4388039112091,
        "P90": 74.87580513954163,
        "P95": 76.13222527503967,
        "P99": 77.49921870231628,
        "P100": 79.3958249092102
    },
    "first_token_time_dict": {
        "P25": 47.43205404281616,
        "P50": 50.625476360321045,
        "P75": 52.481484174728394,
        "P90": 58.86760377883911,
        "P95": 64.10497570037842,
        "P99": 69.86071181297302,
        "P100": 71.9841616153717
    },
    "decode_token_time_dict": {
        "P25": 51.529567072710655,
        "P50": 100.60463927862212,
        "P75": 149.02484886289582,
        "P90": 234.48206120588648,
        "P95": 459.55180370901513,
        "P99": 546.8131031577043,
        "P100": 593.1075051074891
    }
}