{
    "backend": "triton",
    "clients": 50,
    "request_num": 500,
    "Total QPS": 1.0162417642506583,
    "Avg Input Length": 4125.696,
    "Avg Output Length": 128.0,
    "Total Throughput": 4322.7835276259675,
    "Input Throughput": 4192.704581801883,
    "Output Throughput": 4192.704581801883,
    "request_time": {
        "P25": 48.410284757614136,
        "P50": 48.838374376297,
        "P75": 51.202566385269165,
        "P90": 51.941373109817505,
        "P95": 52.23596119880676,
        "P99": 52.296584129333496,
        "P100": 52.318453550338745
    },
    "first_token_time_dict": {
        "P25": 42.43236780166626,
        "P50": 43.63186025619507,
        "P75": 44.73330283164978,
        "P90": 45.675034523010254,
        "P95": 45.96301746368408,
        "P99": 46.00330352783203,
        "P100": 46.014907360076904
    },
    "decode_token_time_dict": {
        "P25": 44.65408400287779,
        "P50": 46.68737208749366,
        "P75": 49.32031856747124,
        "P90": 51.460641575610545,
        "P95": 51.704971809086835,
        "P99": 378.20323621194194,
        "P100": 401.89715820973316
    }
}