{
    "backend": "triton",
    "clients": 25,
    "request_num": 500,
    "Total QPS": 0.9680553067326486,
    "Avg Input Length": 4125.696,
    "Avg Output Length": 128.0,
    "Total Throughput": 4117.81298602744,
    "Input Throughput": 3993.9019067656614,
    "Output Throughput": 3993.9019067656614,
    "request_time": {
        "P25": 23.497735738754272,
        "P50": 26.150794982910156,
        "P75": 27.493935108184814,
        "P90": 28.188594102859497,
        "P95": 28.673579692840576,
        "P99": 30.377623796463013,
        "P100": 30.390750885009766
    },
    "first_token_time_dict": {
        "P25": 19.698439598083496,
        "P50": 22.2872576713562,
        "P75": 23.546753644943237,
        "P90": 24.289119720458984,
        "P95": 24.743834018707275,
        "P99": 26.40846538543701,
        "P100": 26.412765741348267
    },
    "decode_token_time_dict": {
        "P25": 29.697983283696214,
        "P50": 30.207378657784048,
        "P75": 30.650572513970804,
        "P90": 31.020551215945265,
        "P95": 31.31904189042219,
        "P99": 209.17544590206597,
        "P100": 232.13712249215195
    }
}