{
    "backend": "triton",
    "clients": 10,
    "request_num": 500,
    "Total QPS": 0.22912418600028658,
    "Avg Input Length": 16469.37,
    "Avg Output Length": 128.0,
    "Total Throughput": 3802.8588909955765,
    "Input Throughput": 3773.5309951875397,
    "Output Throughput": 3773.5309951875397,
    "request_time": {
        "P25": 40.024641275405884,
        "P50": 43.59533333778381,
        "P75": 47.56636714935303,
        "P90": 50.771419048309326,
        "P95": 53.19087338447571,
        "P99": 56.546650886535645,
        "P100": 57.701114654541016
    },
    "first_token_time_dict": {
        "P25": 33.761765003204346,
        "P50": 39.31410503387451,
        "P75": 43.32586312294006,
        "P90": 46.50825381278992,
        "P95": 49.05932569503784,
        "P99": 52.3578360080719,
        "P100": 52.45247793197632
    },
    "decode_token_time_dict": {
        "P25": 29.644714565727654,
        "P50": 30.50997876745509,
        "P75": 31.653323511439048,
        "P90": 236.10059482844795,
        "P95": 324.3629913630448,
        "P99": 378.76200675964355,
        "P100": 414.4687615041658
    }
}