{
    "backend": "triton",
    "clients": 10,
    "request_num": 500,
    "Total QPS": 2.0610185180668994,
    "Avg Input Length": 1031.778,
    "Avg Output Length": 128.0,
    "Total Throughput": 2390.3239348465922,
    "Input Throughput": 2126.5135645340292,
    "Output Throughput": 2126.5135645340292,
    "request_time": {
        "P25": 4.645937919616699,
        "P50": 4.795863151550293,
        "P75": 5.0267932415008545,
        "P90": 5.210816860198975,
        "P95": 5.339367389678955,
        "P99": 6.330153226852417,
        "P100": 6.330524921417236
    },
    "first_token_time_dict": {
        "P25": 1.7188606262207031,
        "P50": 1.9416093826293945,
        "P75": 2.1745142936706543,
        "P90": 2.3576247692108154,
        "P95": 2.4791812896728516,
        "P99": 2.5611512660980225,
        "P100": 2.5663797855377197
    },
    "decode_token_time_dict": {
        "P25": 22.16963692912905,
        "P50": 22.257296119149277,
        "P75": 22.404344063105544,
        "P90": 29.91083100086122,
        "P95": 36.39132770027701,
        "P99": 39.33945040064534,
        "P100": 47.42299102422759
    }
}