{
    "backend": "triton",
    "clients": 5,
    "request_num": 500,
    "Total QPS": 0.4166969433901679,
    "Avg Input Length": 8250.884,
    "Avg Output Length": 127.98,
    "Total Throughput": 3491.455351820783,
    "Input Throughput": 3438.1181430668416,
    "Output Throughput": 3438.1181430668416,
    "request_time": {
        "P25": 10.673824548721313,
        "P50": 11.972836017608643,
        "P75": 13.168021440505981,
        "P90": 14.11675500869751,
        "P95": 14.953920125961304,
        "P99": 15.585252285003662,
        "P100": 16.214104413986206
    },
    "first_token_time_dict": {
        "P25": 6.540130138397217,
        "P50": 8.663801670074463,
        "P75": 10.044841527938843,
        "P90": 11.128140449523926,
        "P95": 11.476433277130127,
        "P99": 12.663442611694336,
        "P100": 13.287371397018433
    },
    "decode_token_time_dict": {
        "P25": 21.938950996699294,
        "P50": 22.40018957243191,
        "P75": 22.808626880795938,
        "P90": 81.98455938204067,
        "P95": 90.57349107396884,
        "P99": 102.3642228344294,
        "P100": 116.81057336762196
    }
}