{
    "backend": "triton",
    "clients": 15,
    "request_num": 500,
    "Total QPS": 0.9070301245685565,
    "Avg Input Length": 4125.696,
    "Avg Output Length": 128.0,
    "Total Throughput": 3858.2304127567704,
    "Input Throughput": 3742.130556811995,
    "Output Throughput": 3742.130556811995,
    "request_time": {
        "P25": 15.624704599380493,
        "P50": 16.4639949798584,
        "P75": 17.475198984146118,
        "P90": 18.736480236053467,
        "P95": 18.81768822669983,
        "P99": 18.98777937889099,
        "P100": 18.996200561523438
    },
    "first_token_time_dict": {
        "P25": 12.021161317825317,
        "P50": 12.993863344192505,
        "P75": 14.145733833312988,
        "P90": 15.373914957046509,
        "P95": 15.465604543685913,
        "P99": 15.615199327468872,
        "P100": 15.62232756614685
    },
    "decode_token_time_dict": {
        "P25": 25.57957829452875,
        "P50": 25.95873141851951,
        "P75": 26.126623153686523,
        "P90": 26.572422718438578,
        "P95": 117.09458433736967,
        "P99": 136.512035459984,
        "P100": 143.28250547093668
    }
}