{
    "backend": "triton",
    "clients": 5,
    "request_num": 500,
    "Total QPS": 1.3416049972447306,
    "Avg Input Length": 1031.778,
    "Avg Output Length": 128.0,
    "Total Throughput": 1555.9639604944991,
    "Input Throughput": 1384.2385208471735,
    "Output Throughput": 1384.2385208471735,
    "request_time": {
        "P25": 3.577261209487915,
        "P50": 3.7095539569854736,
        "P75": 3.798219680786133,
        "P90": 3.9305057525634766,
        "P95": 3.9669792652130127,
        "P99": 5.35116171836853,
        "P100": 5.944172143936157
    },
    "first_token_time_dict": {
        "P25": 0.7322177886962891,
        "P50": 0.9425318241119385,
        "P75": 1.0718605518341064,
        "P90": 1.1721429824829102,
        "P95": 1.254472255706787,
        "P99": 1.2816333770751953,
        "P100": 1.3856027126312256
    },
    "decode_token_time_dict": {
        "P25": 21.166191326351615,
        "P50": 21.21467853155662,
        "P75": 21.310151092649445,
        "P90": 27.68369171563096,
        "P95": 28.155679777851255,
        "P99": 40.464204127394304,
        "P100": 44.979472798625316
    }
}