{
    "backend": "triton",
    "clients": 50,
    "request_num": 500,
    "Total QPS": 0.23823200349535925,
    "Avg Input Length": 16469.37,
    "Avg Output Length": 128.0,
    "Total Throughput": 3954.024707853771,
    "Input Throughput": 3923.531011406365,
    "Output Throughput": 3923.531011406365,
    "request_time": {
        "P25": 194.66231441497803,
        "P50": 202.12988901138306,
        "P75": 222.24875283241272,
        "P90": 244.23334884643555,
        "P95": 258.56174206733704,
        "P99": 307.32177662849426,
        "P100": 348.76472759246826
    },
    "first_token_time_dict": {
        "P25": 87.11031675338745,
        "P50": 97.08800172805786,
        "P75": 111.3706464767456,
        "P90": 138.6799247264862,
        "P95": 152.0003125667572,
        "P99": 197.15196418762207,
        "P100": 244.3009054660797
    },
    "decode_token_time_dict": {
        "P25": 810.8348283242053,
        "P50": 861.1809062206839,
        "P75": 893.912715236033,
        "P90": 986.0333232429084,
        "P95": 1043.9421492298757,
        "P99": 1128.1977431980642,
        "P100": 1200.5483878879097
    }
}