{
    "backend": "triton",
    "clients": 5,
    "request_num": 500,
    "Total QPS": 0.21632501750786587,
    "Avg Input Length": 16469.37,
    "Avg Output Length": 128.0,
    "Total Throughput": 3590.426355834528,
    "Input Throughput": 3562.736753593521,
    "Output Throughput": 3562.736753593521,
    "request_time": {
        "P25": 20.184062004089355,
        "P50": 23.313135385513306,
        "P75": 25.805336475372314,
        "P90": 27.783023595809937,
        "P95": 28.773677349090576,
        "P99": 30.63023591041565,
        "P100": 31.376721620559692
    },
    "first_token_time_dict": {
        "P25": 13.97094202041626,
        "P50": 18.83988070487976,
        "P75": 22.084042072296143,
        "P90": 24.45449471473694,
        "P95": 25.381837606430054,
        "P99": 27.330357551574707,
        "P100": 28.082606554031372
    },
    "decode_token_time_dict": {
        "P25": 24.122769438375638,
        "P50": 24.844438072264662,
        "P75": 25.728090541569266,
        "P90": 161.97387627729282,
        "P95": 173.2066954214742,
        "P99": 203.41899263577199,
        "P100": 229.22124825124666
    }
}