{
    "backend": "triton",
    "clients": 15,
    "request_num": 500,
    "Total QPS": 2.3959186193882718,
    "Avg Input Length": 1031.778,
    "Avg Output Length": 128.0,
    "Total Throughput": 2778.7337045568906,
    "Input Throughput": 2472.0561212751923,
    "Output Throughput": 2472.0561212751923,
    "request_time": {
        "P25": 5.966089725494385,
        "P50": 6.149903774261475,
        "P75": 6.437473773956299,
        "P90": 6.726183891296387,
        "P95": 6.775357007980347,
        "P99": 7.263277292251587,
        "P100": 7.270248651504517
    },
    "first_token_time_dict": {
        "P25": 2.889843225479126,
        "P50": 3.1267542839050293,
        "P75": 3.3818962574005127,
        "P90": 3.6334095001220703,
        "P95": 3.7142155170440674,
        "P99": 3.74945068359375,
        "P100": 3.7533323764801025
    },
    "decode_token_time_dict": {
        "P25": 23.536954339094986,
        "P50": 23.647351527777243,
        "P75": 23.808635125948687,
        "P90": 23.938066377414494,
        "P95": 45.30232534633847,
        "P99": 50.19761633685255,
        "P100": 55.739697508924586
    }
}