{
    "backend": "lmdeploy",
    "clients": 100,
    "request_num": 500,
    "Total QPS": 3.2275968344959653,
    "Avg Input Length": 8250.884,
    "Avg Output Length": 126.574,
    "Total Throughput": 27043.659475008895,
    "Input Throughput": 26630.52708019341,
    "Output Throughput": 26630.52708019341,
    "request_time": {
        "P25": 29.19025444984436,
        "P50": 30.583348035812378,
        "P75": 31.94998788833618,
        "P90": 41.73668026924133,
        "P95": 48.249571084976196,
        "P99": 54.8705997467041,
        "P100": 56.697007179260254
    },
    "first_token_time_dict": {
        "P25": 1.050013542175293,
        "P50": 1.3884830474853516,
        "P75": 2.5558626651763916,
        "P90": 13.343440771102905,
        "P95": 19.63340997695923,
        "P99": 26.32184672355652,
        "P100": 28.22176766395569
    },
    "decode_token_time_dict": {
        "P25": 222.30568575480626,
        "P50": 228.3276538848877,
        "P75": 233.14701461791992,
        "P90": 239.679251398359,
        "P95": 240.789566721235,
        "P99": 244.73118175894527,
        "P100": 340.00797156827997
    }
}