{
    "backend": "lmdeploy",
    "clients": 15,
    "request_num": 500,
    "Total QPS": 1.7518952294690773,
    "Avg Input Length": 8250.884,
    "Avg Output Length": 125.74,
    "Total Throughput": 14678.92690787478,
    "Input Throughput": 14454.684318502737,
    "Output Throughput": 14454.684318502737,
    "request_time": {
        "P25": 8.260620594024658,
        "P50": 8.518718004226685,
        "P75": 8.85509181022644,
        "P90": 9.135571718215942,
        "P95": 9.269055366516113,
        "P99": 9.703665256500244,
        "P100": 10.42667555809021
    },
    "first_token_time_dict": {
        "P25": 0.43138837814331055,
        "P50": 0.6248016357421875,
        "P75": 0.8799514770507812,
        "P90": 1.166041612625122,
        "P95": 1.3872125148773193,
        "P99": 3.004887580871582,
        "P100": 3.7925140857696533
    },
    "decode_token_time_dict": {
        "P25": 60.35809066351943,
        "P50": 62.76958656311035,
        "P75": 65.0351220561612,
        "P90": 66.7690998170434,
        "P95": 68.06859422902592,
        "P99": 70.28607490959519,
        "P100": 77.89602227832961
    }
}