{
    "backend": "lmdeploy",
    "clients": 25,
    "request_num": 500,
    "Total QPS": 4.63343595594882,
    "Avg Input Length": 1031.778,
    "Avg Output Length": 127.834,
    "Total Throughput": 5373.75708611841,
    "Input Throughput": 4780.6772837569615,
    "Output Throughput": 4780.6772837569615,
    "request_time": {
        "P25": 5.307329416275024,
        "P50": 5.390652418136597,
        "P75": 5.461069822311401,
        "P90": 5.510275363922119,
        "P95": 5.5751941204071045,
        "P99": 5.721258163452148,
        "P100": 5.7651050090789795
    },
    "first_token_time_dict": {
        "P25": 0.27269840240478516,
        "P50": 0.3611917495727539,
        "P75": 0.39972782135009766,
        "P90": 0.454235315322876,
        "P95": 0.5803284645080566,
        "P99": 0.730684757232666,
        "P100": 0.755882740020752
    },
    "decode_token_time_dict": {
        "P25": 38.97355672881359,
        "P50": 39.54159556411383,
        "P75": 40.3614119281919,
        "P90": 40.95394592585526,
        "P95": 41.318377171914406,
        "P99": 42.12264564093642,
        "P100": 61.665431449287816
    }
}