{
    "backend": "lmdeploy",
    "clients": 25,
    "request_num": 500,
    "Total QPS": 3.17820062126212,
    "Avg Input Length": 4125.696,
    "Avg Output Length": 127.45,
    "Total Throughput": 13519.099269860195,
    "Input Throughput": 13112.289590338643,
    "Output Throughput": 13112.289590338643,
    "request_time": {
        "P25": 7.719504117965698,
        "P50": 7.8807313442230225,
        "P75": 8.087015628814697,
        "P90": 8.242374181747437,
        "P95": 8.309842586517334,
        "P99": 9.161988735198975,
        "P100": 9.671481609344482
    },
    "first_token_time_dict": {
        "P25": 0.2823829650878906,
        "P50": 0.35661983489990234,
        "P75": 0.5101094245910645,
        "P90": 0.7858724594116211,
        "P95": 1.3103787899017334,
        "P99": 2.3882079124450684,
        "P100": 2.8409976959228516
    },
    "decode_token_time_dict": {
        "P25": 57.11591900802973,
        "P50": 58.86320429524098,
        "P75": 60.01393062861886,
        "P90": 61.39402877627395,
        "P95": 62.01508170679996,
        "P99": 63.285279461717984,
        "P100": 71.78268117724724
    }
}