{
    "backend": "lmdeploy",
    "clients": 100,
    "request_num": 500,
    "Total QPS": 5.69194529861088,
    "Avg Input Length": 4125.696,
    "Avg Output Length": 127.632,
    "Total Throughput": 24211.804948919904,
    "Input Throughput": 23483.23595069771,
    "Output Throughput": 23483.23595069771,
    "request_time": {
        "P25": 16.75145411491394,
        "P50": 17.362890005111694,
        "P75": 18.057778358459473,
        "P90": 22.581684350967407,
        "P95": 25.326509952545166,
        "P99": 28.50010085105896,
        "P100": 29.22071361541748
    },
    "first_token_time_dict": {
        "P25": 0.7054336071014404,
        "P50": 0.8005962371826172,
        "P75": 1.4963743686676025,
        "P90": 6.511147737503052,
        "P95": 9.346323251724243,
        "P99": 12.461804389953613,
        "P100": 13.200928211212158
    },
    "decode_token_time_dict": {
        "P25": 126.23799128795233,
        "P50": 128.40587510837346,
        "P75": 130.51694960106076,
        "P90": 134.2854368405079,
        "P95": 134.55083238796925,
        "P99": 135.45173311990405,
        "P100": 158.1689442429587
    }
}