{
    "backend": "lmdeploy",
    "clients": 25,
    "request_num": 500,
    "Total QPS": 2.234056665787927,
    "Avg Input Length": 8250.884,
    "Avg Output Length": 125.404,
    "Total Throughput": 18718.901652063807,
    "Input Throughput": 18432.94239884295,
    "Output Throughput": 18432.94239884295,
    "request_time": {
        "P25": 10.878536701202393,
        "P50": 11.246777296066284,
        "P75": 11.62805724143982,
        "P90": 11.966971397399902,
        "P95": 12.22498631477356,
        "P99": 14.29563045501709,
        "P100": 15.385632514953613
    },
    "first_token_time_dict": {
        "P25": 0.5240871906280518,
        "P50": 0.7519252300262451,
        "P75": 1.0728888511657715,
        "P90": 1.4519662857055664,
        "P95": 2.4842376708984375,
        "P99": 5.008639335632324,
        "P100": 5.920465469360352
    },
    "decode_token_time_dict": {
        "P25": 79.93992737361363,
        "P50": 83.75673823886449,
        "P75": 86.1847321849224,
        "P90": 88.58495246706985,
        "P95": 90.6377463113694,
        "P99": 92.76528996745432,
        "P100": 110.390495686304
    }
}