{
    "backend": "lmdeploy",
    "clients": 10,
    "request_num": 500,
    "Total QPS": 2.1459550061706776,
    "Avg Input Length": 1031.778,
    "Avg Output Length": 127.776,
    "Total Throughput": 2488.8314051466164,
    "Input Throughput": 2214.1491643567697,
    "Output Throughput": 2214.1491643567697,
    "request_time": {
        "P25": 4.601257085800171,
        "P50": 4.665470838546753,
        "P75": 4.721549987792969,
        "P90": 4.757183790206909,
        "P95": 4.771524429321289,
        "P99": 4.790481090545654,
        "P100": 4.798492908477783
    },
    "first_token_time_dict": {
        "P25": 0.23049044609069824,
        "P50": 0.2709355354309082,
        "P75": 0.32039499282836914,
        "P90": 0.3522460460662842,
        "P95": 0.36723899841308594,
        "P99": 0.3921830654144287,
        "P100": 0.4180185794830322
    },
    "decode_token_time_dict": {
        "P25": 34.08038897777167,
        "P50": 34.58206484636923,
        "P75": 35.1740619329017,
        "P90": 35.57913885341855,
        "P95": 36.101202326496754,
        "P99": 36.74743119187242,
        "P100": 69.54033091916877
    }
}