{
    "backend": "lmdeploy",
    "clients": 15,
    "request_num": 500,
    "Total QPS": 2.8912978300947323,
    "Avg Input Length": 1031.778,
    "Avg Output Length": 127.922,
    "Total Throughput": 3353.2636147916082,
    "Input Throughput": 2983.1774925394825,
    "Output Throughput": 2983.1774925394825,
    "request_time": {
        "P25": 5.092222213745117,
        "P50": 5.136371850967407,
        "P75": 5.172377824783325,
        "P90": 5.211097478866577,
        "P95": 5.222110271453857,
        "P99": 5.2408106327056885,
        "P100": 5.384429693222046
    },
    "first_token_time_dict": {
        "P25": 0.24842119216918945,
        "P50": 0.3245682716369629,
        "P75": 0.37459850311279297,
        "P90": 0.41813087463378906,
        "P95": 0.46012282371520996,
        "P99": 0.5094943046569824,
        "P100": 0.5886886119842529
    },
    "decode_token_time_dict": {
        "P25": 37.45985218859094,
        "P50": 37.84606588168407,
        "P75": 38.483375639427365,
        "P90": 38.85046703608956,
        "P95": 39.378230027326445,
        "P99": 40.07956925339586,
        "P100": 41.9051045956819
    }
}