{
    "backend": "lmdeploy",
    "clients": 10,
    "request_num": 500,
    "Total QPS": 1.427238518052487,
    "Avg Input Length": 8250.884,
    "Avg Output Length": 124.994,
    "Total Throughput": 11958.665983093693,
    "Input Throughput": 11775.979452782976,
    "Output Throughput": 11775.979452782976,
    "request_time": {
        "P25": 6.784042596817017,
        "P50": 7.02399206161499,
        "P75": 7.249302864074707,
        "P90": 7.472580671310425,
        "P95": 7.57867956161499,
        "P99": 7.975820064544678,
        "P100": 8.59341049194336
    },
    "first_token_time_dict": {
        "P25": 0.3350863456726074,
        "P50": 0.47830891609191895,
        "P75": 0.6506669521331787,
        "P90": 0.9149596691131592,
        "P95": 1.135347604751587,
        "P99": 1.713697910308838,
        "P100": 2.8380582332611084
    },
    "decode_token_time_dict": {
        "P25": 49.83229107326932,
        "P50": 52.393455659189534,
        "P75": 54.46679251534598,
        "P90": 56.09306891759237,
        "P95": 56.70848635376477,
        "P99": 58.75124110550177,
        "P100": 62.481688929128126
    }
}