{
    "backend": "lmdeploy",
    "clients": 25,
    "request_num": 494,
    "Total QPS": 1.3438094241380518,
    "Avg Input Length": 16469.37,
    "Avg Output Length": 121.48178137651821,
    "Total Throughput": 22574.597390593295,
    "Input Throughput": 22400.50062309363,
    "Output Throughput": 22400.50062309363,
    "request_time": {
        "P25": 17.784849882125854,
        "P50": 18.83301305770874,
        "P75": 19.510966539382935,
        "P90": 20.095062971115112,
        "P95": 20.568236827850342,
        "P99": 25.850223541259766,
        "P100": 28.295114278793335
    },
    "first_token_time_dict": {
        "P25": 0.9706642627716064,
        "P50": 1.3233964443206787,
        "P75": 1.9752581119537354,
        "P90": 2.838202714920044,
        "P95": 3.4389994144439697,
        "P99": 10.566093683242798,
        "P100": 12.932823419570923
    },
    "decode_token_time_dict": {
        "P25": 134.79752901221522,
        "P50": 143.51534442741328,
        "P75": 149.4772595874334,
        "P90": 154.3918589750926,
        "P95": 156.6650119878478,
        "P99": 159.36956769329007,
        "P100": 166.8172956586958
    }
}