{
    "backend": "lmdeploy",
    "clients": 5,
    "request_num": 500,
    "Total QPS": 1.3351014669494468,
    "Avg Input Length": 1031.778,
    "Avg Output Length": 127.916,
    "Total Throughput": 1548.4213091356955,
    "Input Throughput": 1377.5283213661664,
    "Output Throughput": 1377.5283213661664,
    "request_time": {
        "P25": 3.715245246887207,
        "P50": 3.752061128616333,
        "P75": 3.7798802852630615,
        "P90": 3.796877145767212,
        "P95": 3.8105952739715576,
        "P99": 3.8165085315704346,
        "P100": 3.819580316543579
    },
    "first_token_time_dict": {
        "P25": 0.17503118515014648,
        "P50": 0.2093048095703125,
        "P75": 0.23569297790527344,
        "P90": 0.2534801959991455,
        "P95": 0.26200413703918457,
        "P99": 0.2789485454559326,
        "P100": 0.2908315658569336
    },
    "decode_token_time_dict": {
        "P25": 27.70243291779766,
        "P50": 27.856958194041816,
        "P75": 28.105369703037532,
        "P90": 28.819371396162378,
        "P95": 29.006413587435024,
        "P99": 29.198451304998922,
        "P100": 36.81809561593192
    }
}