{
    "backend": "lmdeploy",
    "clients": 100,
    "request_num": 500,
    "Total QPS": 11.849816423654172,
    "Avg Input Length": 1031.778,
    "Avg Output Length": 127.882,
    "Total Throughput": 13743.156392192788,
    "Input Throughput": 12226.379889965054,
    "Output Throughput": 12226.379889965054,
    "request_time": {
        "P25": 8.206386089324951,
        "P50": 8.40300178527832,
        "P75": 8.619176626205444,
        "P90": 9.388745784759521,
        "P95": 9.84389877319336,
        "P99": 10.513321161270142,
        "P100": 10.699071645736694
    },
    "first_token_time_dict": {
        "P25": 0.43358898162841797,
        "P50": 0.49477386474609375,
        "P75": 0.7089884281158447,
        "P90": 1.63783860206604,
        "P95": 2.1305508613586426,
        "P99": 2.844283103942871,
        "P100": 3.020735025405884
    },
    "decode_token_time_dict": {
        "P25": 60.68943616912121,
        "P50": 61.66505625867468,
        "P75": 62.48369554835042,
        "P90": 63.00150315592608,
        "P95": 63.175357232882284,
        "P99": 64.57108963192917,
        "P100": 82.20371158643701
    }
}