{
    "backend": "lmdeploy",
    "clients": 10,
    "request_num": 494,
    "Total QPS": 1.0029238756221892,
    "Avg Input Length": 16469.37,
    "Avg Output Length": 117.30971659919028,
    "Total Throughput": 16848.07555216139,
    "Input Throughput": 16718.142094590905,
    "Output Throughput": 16718.142094590905,
    "request_time": {
        "P25": 9.38721513748169,
        "P50": 9.96422266960144,
        "P75": 10.499415159225464,
        "P90": 10.985349655151367,
        "P95": 11.360025405883789,
        "P99": 12.479591131210327,
        "P100": 13.303161144256592
    },
    "first_token_time_dict": {
        "P25": 0.624821662902832,
        "P50": 0.8746664524078369,
        "P75": 1.196302890777588,
        "P90": 1.6429455280303955,
        "P95": 2.073045253753662,
        "P99": 3.2763168811798096,
        "P100": 6.211716890335083
    },
    "decode_token_time_dict": {
        "P25": 70.92626368413205,
        "P50": 77.93637292574992,
        "P75": 83.86804376329694,
        "P90": 88.28451850197531,
        "P95": 90.84579944610596,
        "P99": 95.09075791747482,
        "P100": 101.42170483211302
    }
}