{
    "backend": "lmdeploy",
    "clients": 50,
    "request_num": 500,
    "Total QPS": 7.4490678044787355,
    "Avg Input Length": 1031.778,
    "Avg Output Length": 127.85,
    "Total Throughput": 8639.264960142738,
    "Input Throughput": 7685.784281169461,
    "Output Throughput": 7685.784281169461,
    "request_time": {
        "P25": 6.596226930618286,
        "P50": 6.69621205329895,
        "P75": 6.812736988067627,
        "P90": 6.930567741394043,
        "P95": 7.063276529312134,
        "P99": 7.579042673110962,
        "P100": 7.791510581970215
    },
    "first_token_time_dict": {
        "P25": 0.36153340339660645,
        "P50": 0.42087650299072266,
        "P75": 0.4728097915649414,
        "P90": 0.688267707824707,
        "P95": 0.8088119029998779,
        "P99": 1.5104236602783203,
        "P100": 1.5540268421173096
    },
    "decode_token_time_dict": {
        "P25": 48.459837755819,
        "P50": 49.333816438209354,
        "P75": 50.14298469062865,
        "P90": 50.62646190012534,
        "P95": 51.18989944458008,
        "P99": 52.01597664299913,
        "P100": 64.9148920080164
    }
}