{
    "backend": "lmdeploy",
    "clients": 15,
    "request_num": 494,
    "Total QPS": 1.1528086836485436,
    "Avg Input Length": 16469.37,
    "Avg Output Length": 119.89473684210526,
    "Total Throughput": 19365.984070574723,
    "Input Throughput": 19216.632338280175,
    "Output Throughput": 19216.632338280175,
    "request_time": {
        "P25": 12.452532768249512,
        "P50": 13.049253702163696,
        "P75": 13.686437606811523,
        "P90": 14.200912714004517,
        "P95": 14.727916717529297,
        "P99": 15.902329921722412,
        "P100": 17.865859985351562
    },
    "first_token_time_dict": {
        "P25": 0.7839751243591309,
        "P50": 1.1768572330474854,
        "P75": 1.7446889877319336,
        "P90": 2.215378999710083,
        "P95": 2.566159248352051,
        "P99": 5.694225072860718,
        "P100": 8.31809115409851
    },
    "decode_token_time_dict": {
        "P25": 92.0313362382416,
        "P50": 99.25705292185799,
        "P75": 104.89461360833583,
        "P90": 110.54991874374262,
        "P95": 113.32157620212487,
        "P99": 117.19413197368657,
        "P100": 129.2501242764025
    }
}