{
    "backend": "lmdeploy",
    "clients": 50,
    "request_num": 500,
    "Total QPS": 6.983262951284842,
    "Avg Input Length": 4125.696,
    "Avg Output Length": 126.474,
    "Total Throughput": 29704.67768282853,
    "Input Throughput": 28810.82002506407,
    "Output Throughput": 28810.82002506407,
    "request_time": {
        "P25": 6.907318830490112,
        "P50": 7.225759506225586,
        "P75": 7.518595933914185,
        "P90": 7.836143255233765,
        "P95": 8.35496211051941,
        "P99": 10.63516640663147,
        "P100": 11.140783786773682
    },
    "first_token_time_dict": {
        "P25": 0.4669020175933838,
        "P50": 0.6859829425811768,
        "P75": 0.9278309345245361,
        "P90": 1.251854419708252,
        "P95": 2.2469234466552734,
        "P99": 4.669177293777466,
        "P100": 5.14689564704895
    },
    "decode_token_time_dict": {
        "P25": 49.55217406505675,
        "P50": 51.57027282114104,
        "P75": 53.18174854157463,
        "P90": 54.3536591151404,
        "P95": 55.10744356339978,
        "P99": 57.648683747937596,
        "P100": 89.58797114236015
    }
}