{
    "backend": "lmdeploy",
    "clients": 15,
    "request_num": 500,
    "Total QPS": 2.9828516666254425,
    "Avg Input Length": 8250.884,
    "Avg Output Length": 121.93,
    "Total Throughput": 24992.968103861254,
    "Input Throughput": 24611.1630905332,
    "Output Throughput": 24611.1630905332,
    "request_time": {
        "P25": 4.658935785293579,
        "P50": 5.001415252685547,
        "P75": 5.361468315124512,
        "P90": 5.857590675354004,
        "P95": 6.157814264297485,
        "P99": 6.452075004577637,
        "P100": 6.981899976730347
    },
    "first_token_time_dict": {
        "P25": 0.5095930099487305,
        "P50": 0.7612833976745605,
        "P75": 1.0579698085784912,
        "P90": 1.3789355754852295,
        "P95": 1.6672437191009521,
        "P99": 2.4470319747924805,
        "P100": 3.164092540740967
    },
    "decode_token_time_dict": {
        "P25": 32.273704005825905,
        "P50": 35.180851191031834,
        "P75": 37.690174481100286,
        "P90": 39.478119559909985,
        "P95": 40.92337459814353,
        "P99": 43.826147433250185,
        "P100": 68.72302607486122
    }
}