{
    "backend": "lmdeploy",
    "clients": 10,
    "request_num": 500,
    "Total QPS": 1.3644664458713545,
    "Avg Input Length": 16469.37,
    "Avg Output Length": 107.56,
    "Total Throughput": 22646.55445471184,
    "Input Throughput": 22471.902749640307,
    "Output Throughput": 22471.902749640307,
    "request_time": {
        "P25": 6.66294264793396,
        "P50": 7.355499505996704,
        "P75": 8.020725965499878,
        "P90": 8.730937004089355,
        "P95": 9.209141254425049,
        "P99": 10.292852878570557,
        "P100": 11.137718439102173
    },
    "first_token_time_dict": {
        "P25": 0.6470682621002197,
        "P50": 1.0388660430908203,
        "P75": 1.6106324195861816,
        "P90": 2.290645122528076,
        "P95": 2.8651790618896484,
        "P99": 4.3411784172058105,
        "P100": 5.948390960693359
    },
    "decode_token_time_dict": {
        "P25": 49.376671431494536,
        "P50": 59.337523377057416,
        "P75": 65.96225270858177,
        "P90": 72.8103967057061,
        "P95": 74.91362722296465,
        "P99": 82.07302864151772,
        "P100": 87.18211600121032
    }
}