{
    "backend": "lmdeploy",
    "clients": 5,
    "request_num": 500,
    "Total QPS": 1.2136248966329986,
    "Avg Input Length": 16469.37,
    "Avg Output Length": 116.104,
    "Total Throughput": 20142.98145062963,
    "Input Throughput": 19987.637463860607,
    "Output Throughput": 19987.637463860607,
    "request_time": {
        "P25": 3.540924549102783,
        "P50": 4.110682487487793,
        "P75": 4.63373589515686,
        "P90": 5.107738018035889,
        "P95": 5.390246629714966,
        "P99": 5.7392191886901855,
        "P100": 6.860448122024536
    },
    "first_token_time_dict": {
        "P25": 0.687110185623169,
        "P50": 1.1678171157836914,
        "P75": 1.6887967586517334,
        "P90": 2.2087557315826416,
        "P95": 2.515653371810913,
        "P99": 3.068706512451172,
        "P100": 4.165993928909302
    },
    "decode_token_time_dict": {
        "P25": 19.785272188423093,
        "P50": 24.61480057757834,
        "P75": 29.79945519874836,
        "P90": 34.53827923179692,
        "P95": 36.55348718166351,
        "P99": 40.58666990584686,
        "P100": 43.70080151604217
    }
}