{
    "backend": "lmdeploy",
    "clients": 25,
    "request_num": 500,
    "Total QPS": 3.223780373136831,
    "Avg Input Length": 8250.884,
    "Avg Output Length": 121.4,
    "Total Throughput": 27011.681787990223,
    "Input Throughput": 26599.037900228708,
    "Output Throughput": 26599.037900228708,
    "request_time": {
        "P25": 7.319164514541626,
        "P50": 7.8739471435546875,
        "P75": 8.29240870475769,
        "P90": 8.793749332427979,
        "P95": 9.390755414962769,
        "P99": 10.074276208877563,
        "P100": 10.96031641960144
    },
    "first_token_time_dict": {
        "P25": 0.512300968170166,
        "P50": 0.7982127666473389,
        "P75": 1.311631679534912,
        "P90": 1.7429041862487793,
        "P95": 2.5547361373901367,
        "P99": 4.0712268352508545,
        "P100": 4.904818058013916
    },
    "decode_token_time_dict": {
        "P25": 53.08009016102758,
        "P50": 57.06112201397236,
        "P75": 61.10505979569232,
        "P90": 64.01057130708469,
        "P95": 65.2357655712682,
        "P99": 68.25988019099002,
        "P100": 84.61120453747836
    }
}