{
    "backend": "lmdeploy",
    "clients": 15,
    "request_num": 500,
    "Total QPS": 11.072597538092136,
    "Avg Input Length": 1031.778,
    "Avg Output Length": 125.976,
    "Total Throughput": 12841.755027533422,
    "Input Throughput": 11424.462542657628,
    "Output Throughput": 11424.462542657628,
    "request_time": {
        "P25": 1.3070533275604248,
        "P50": 1.3357253074645996,
        "P75": 1.3647959232330322,
        "P90": 1.4038424491882324,
        "P95": 1.4164679050445557,
        "P99": 1.432469367980957,
        "P100": 1.5001857280731201
    },
    "first_token_time_dict": {
        "P25": 0.18751192092895508,
        "P50": 0.24965143203735352,
        "P75": 0.30561399459838867,
        "P90": 0.34968090057373047,
        "P95": 0.3794565200805664,
        "P99": 0.4227614402770996,
        "P100": 0.44409704208374023
    },
    "decode_token_time_dict": {
        "P25": 8.164718627929688,
        "P50": 8.566716360667396,
        "P75": 9.27493048877251,
        "P90": 9.743879711817183,
        "P95": 10.290506362915039,
        "P99": 10.850310325622559,
        "P100": 11.25544555916274
    }
}