{
    "backend": "lmdeploy",
    "clients": 50,
    "request_num": 500,
    "Total QPS": 20.166354112436057,
    "Avg Input Length": 1031.778,
    "Avg Output Length": 125.354,
    "Total Throughput": 23388.493839812865,
    "Input Throughput": 20807.20051342105,
    "Output Throughput": 20807.20051342105,
    "request_time": {
        "P25": 2.40063738822937,
        "P50": 2.4730565547943115,
        "P75": 2.5490224361419678,
        "P90": 2.7160165309906006,
        "P95": 2.7857396602630615,
        "P99": 2.8828651905059814,
        "P100": 3.0270330905914307
    },
    "first_token_time_dict": {
        "P25": 0.37053465843200684,
        "P50": 0.5117475986480713,
        "P75": 0.6043109893798828,
        "P90": 0.7925260066986084,
        "P95": 0.822908878326416,
        "P99": 1.0631272792816162,
        "P100": 1.1450762748718262
    },
    "decode_token_time_dict": {
        "P25": 15.119459570907965,
        "P50": 15.711588244284352,
        "P75": 16.7325331318763,
        "P90": 18.077298518150084,
        "P95": 18.516790576097442,
        "P99": 19.543053642396007,
        "P100": 19.994230039658085
    }
}