{
    "backend": "lmdeploy",
    "clients": 10,
    "request_num": 500,
    "Total QPS": 8.44957492774042,
    "Avg Input Length": 1031.778,
    "Avg Output Length": 126.304,
    "Total Throughput": 9799.631110544928,
    "Input Throughput": 8718.085519794155,
    "Output Throughput": 8718.085519794155,
    "request_time": {
        "P25": 1.1532008647918701,
        "P50": 1.1826655864715576,
        "P75": 1.2099409103393555,
        "P90": 1.2366745471954346,
        "P95": 1.249596357345581,
        "P99": 1.2597787380218506,
        "P100": 1.276172161102295
    },
    "first_token_time_dict": {
        "P25": 0.14223742485046387,
        "P50": 0.21061325073242188,
        "P75": 0.2374706268310547,
        "P90": 0.2580552101135254,
        "P95": 0.2680215835571289,
        "P99": 0.28710293769836426,
        "P100": 0.2982313632965088
    },
    "decode_token_time_dict": {
        "P25": 7.561868667602539,
        "P50": 7.724215113927448,
        "P75": 8.228458404541016,
        "P90": 8.873066594523767,
        "P95": 9.130317067343093,
        "P99": 9.41699166451731,
        "P100": 9.743330001831055
    }
}