{
    "backend": "lmdeploy",
    "clients": 15,
    "request_num": 500,
    "Total QPS": 5.355570153214719,
    "Avg Input Length": 4125.696,
    "Avg Output Length": 126.028,
    "Total Throughput": 22780.967338448838,
    "Input Throughput": 22095.454358837353,
    "Output Throughput": 22095.454358837353,
    "request_time": {
        "P25": 2.6063904762268066,
        "P50": 2.7667951583862305,
        "P75": 2.9743332862854004,
        "P90": 3.1457107067108154,
        "P95": 3.2812721729278564,
        "P99": 3.46767520904541,
        "P100": 3.5100204944610596
    },
    "first_token_time_dict": {
        "P25": 0.3627350330352783,
        "P50": 0.5194368362426758,
        "P75": 0.6908173561096191,
        "P90": 0.9143376350402832,
        "P95": 0.9404397010803223,
        "P99": 1.2275419235229492,
        "P100": 1.3888437747955322
    },
    "decode_token_time_dict": {
        "P25": 16.76673698425293,
        "P50": 17.966520309448242,
        "P75": 19.02189370124571,
        "P90": 20.04338836669922,
        "P95": 21.097315682305233,
        "P99": 22.87708854675293,
        "P100": 23.98287480877292
    }
}