{
    "backend": "lmdeploy",
    "clients": 5,
    "request_num": 500,
    "Total QPS": 3.3322406537122355,
    "Avg Input Length": 4125.696,
    "Avg Output Length": 125.636,
    "Total Throughput": 14174.33873973312,
    "Input Throughput": 13747.811936057955,
    "Output Throughput": 13747.811936057955,
    "request_time": {
        "P25": 1.408825397491455,
        "P50": 1.5008745193481445,
        "P75": 1.5829415321350098,
        "P90": 1.6658656597137451,
        "P95": 1.719487190246582,
        "P99": 1.7605931758880615,
        "P100": 1.821065902709961
    },
    "first_token_time_dict": {
        "P25": 0.27919626235961914,
        "P50": 0.3627767562866211,
        "P75": 0.5136561393737793,
        "P90": 0.5721371173858643,
        "P95": 0.6016967296600342,
        "P99": 0.6974732875823975,
        "P100": 0.7456202507019043
    },
    "decode_token_time_dict": {
        "P25": 7.922542773611178,
        "P50": 8.776521682739258,
        "P75": 9.87460151795418,
        "P90": 11.137950897216797,
        "P95": 11.589544863740274,
        "P99": 12.415983200073242,
        "P100": 12.983998944682458
    }
}