{
    "backend": "lmdeploy",
    "clients": 100,
    "request_num": 500,
    "Total QPS": 3.4089023927339652,
    "Avg Input Length": 8250.884,
    "Avg Output Length": 124.946,
    "Total Throughput": 28562.79771604034,
    "Input Throughput": 28126.45820977039,
    "Output Throughput": 28126.45820977039,
    "request_time": {
        "P25": 27.21420383453369,
        "P50": 29.333361864089966,
        "P75": 30.461766481399536,
        "P90": 31.38474726676941,
        "P95": 34.6754834651947,
        "P99": 40.48898530006409,
        "P100": 42.611435890197754
    },
    "first_token_time_dict": {
        "P25": 12.41412091255188,
        "P50": 14.072614669799805,
        "P75": 15.06124496459961,
        "P90": 16.188910245895386,
        "P95": 19.33831810951233,
        "P99": 25.13768982887268,
        "P100": 27.360453605651855
    },
    "decode_token_time_dict": {
        "P25": 121.47750473022461,
        "P50": 123.47052543143916,
        "P75": 126.21138541679072,
        "P90": 129.8712101139006,
        "P95": 131.55097108546312,
        "P99": 158.77525011698404,
        "P100": 203.03124618530273
    }
}