{
    "backend": "lmdeploy",
    "clients": 25,
    "request_num": 500,
    "Total QPS": 6.191714543451294,
    "Avg Input Length": 4125.696,
    "Avg Output Length": 126.24,
    "Total Throughput": 26337.671386620594,
    "Input Throughput": 25545.131925058828,
    "Output Throughput": 25545.131925058828,
    "request_time": {
        "P25": 3.8486084938049316,
        "P50": 4.06890869140625,
        "P75": 4.306227445602417,
        "P90": 4.5163538455963135,
        "P95": 4.654132843017578,
        "P99": 4.817933082580566,
        "P100": 5.007451057434082
    },
    "first_token_time_dict": {
        "P25": 0.3946554660797119,
        "P50": 0.5319106578826904,
        "P75": 0.6921155452728271,
        "P90": 0.9352614879608154,
        "P95": 1.2229344844818115,
        "P99": 1.7729718685150146,
        "P100": 2.166314125061035
    },
    "decode_token_time_dict": {
        "P25": 26.62238767070155,
        "P50": 28.05104637145996,
        "P75": 29.06567142123268,
        "P90": 30.285967074758638,
        "P95": 31.53426170349121,
        "P99": 33.16121760422621,
        "P100": 35.81927693079388
    }
}