{
    "backend": "lmdeploy",
    "clients": 100,
    "request_num": 500,
    "Total QPS": 7.5379811682097335,
    "Avg Input Length": 4125.696,
    "Avg Output Length": 127.282,
    "Total Throughput": 32064.280343289072,
    "Input Throughput": 31099.418753758226,
    "Output Throughput": 31099.418753758226,
    "request_time": {
        "P25": 12.742735624313354,
        "P50": 13.330828189849854,
        "P75": 13.74288034439087,
        "P90": 17.576749086380005,
        "P95": 19.836012840270996,
        "P99": 22.359189748764038,
        "P100": 23.05893874168396
    },
    "first_token_time_dict": {
        "P25": 0.6938915252685547,
        "P50": 0.9418191909790039,
        "P75": 1.258235216140747,
        "P90": 5.307964086532593,
        "P95": 7.639479398727417,
        "P99": 10.18791937828064,
        "P100": 10.808309555053711
    },
    "decode_token_time_dict": {
        "P25": 94.21404959663512,
        "P50": 97.50735381292918,
        "P75": 99.14622532101127,
        "P90": 100.97429865882509,
        "P95": 101.38340601845393,
        "P99": 102.97305243355888,
        "P100": 117.0629904820369
    }
}