{
    "backend": "lmdeploy",
    "clients": 10,
    "request_num": 500,
    "Total QPS": 2.7533110475194436,
    "Avg Input Length": 8250.884,
    "Avg Output Length": 119.096,
    "Total Throughput": 23069.673883083906,
    "Input Throughput": 22717.250069001417,
    "Output Throughput": 22717.250069001417,
    "request_time": {
        "P25": 3.3484139442443848,
        "P50": 3.6344432830810547,
        "P75": 3.8975582122802734,
        "P90": 4.205240726470947,
        "P95": 4.378521919250488,
        "P99": 4.787838459014893,
        "P100": 5.086158752441406
    },
    "first_token_time_dict": {
        "P25": 0.3706321716308594,
        "P50": 0.5708374977111816,
        "P75": 0.7853827476501465,
        "P90": 0.9912543296813965,
        "P95": 1.187891960144043,
        "P99": 2.018707275390625,
        "P100": 2.3743841648101807
    },
    "decode_token_time_dict": {
        "P25": 23.5231960973432,
        "P50": 25.87350418693141,
        "P75": 27.87148434182872,
        "P90": 30.001569830853008,
        "P95": 31.3499980959399,
        "P99": 33.42702077782672,
        "P100": 36.05811993281047
    }
}