{
    "backend": "lmdeploy",
    "clients": 100,
    "request_num": 500,
    "Total QPS": 25.692205600026885,
    "Avg Input Length": 1031.778,
    "Avg Output Length": 101.44,
    "Total Throughput": 29797.25482638798,
    "Input Throughput": 26508.65250958454,
    "Output Throughput": 26508.65250958454,
    "request_time": {
        "P25": 3.7824907302856445,
        "P50": 3.8651039600372314,
        "P75": 3.9386329650878906,
        "P90": 4.364668607711792,
        "P95": 4.597517728805542,
        "P99": 4.781651020050049,
        "P100": 4.980134963989258
    },
    "first_token_time_dict": {
        "P25": 0.6941921710968018,
        "P50": 1.2436754703521729,
        "P75": 1.495283842086792,
        "P90": 1.7760610580444336,
        "P95": 2.1087372303009033,
        "P99": 2.206308364868164,
        "P100": 2.2388336658477783
    },
    "decode_token_time_dict": {
        "P25": 23.51283311843872,
        "P50": 26.151031550794542,
        "P75": 31.25684701123284,
        "P90": 33.847286587669736,
        "P95": 35.22561128857066,
        "P99": 36.562678290576464,
        "P100": 36.88880476621118
    }
}