{
    "backend": "lmdeploy",
    "clients": 5,
    "request_num": 500,
    "Total QPS": 1.292409797919825,
    "Avg Input Length": 4125.696,
    "Avg Output Length": 127.754,
    "Total Throughput": 5497.5183877723675,
    "Input Throughput": 5332.08993363863,
    "Output Throughput": 5332.08993363863,
    "request_time": {
        "P25": 3.6743133068084717,
        "P50": 3.8535566329956055,
        "P75": 4.053082466125488,
        "P90": 4.21252703666687,
        "P95": 4.315673828125,
        "P99": 4.538755893707275,
        "P100": 5.011787176132202
    },
    "first_token_time_dict": {
        "P25": 0.4200901985168457,
        "P50": 0.5750908851623535,
        "P75": 0.7165451049804688,
        "P90": 0.8652675151824951,
        "P95": 0.9446251392364502,
        "P99": 1.325843095779419,
        "P100": 1.8234546184539795
    },
    "decode_token_time_dict": {
        "P25": 24.468451973021498,
        "P50": 25.9019540050837,
        "P75": 27.186855556458,
        "P90": 28.782061704500453,
        "P95": 29.673370103987438,
        "P99": 31.366997816431244,
        "P100": 32.75032270522345
    }
}