{
    "backend": "lmdeploy",
    "clients": 100,
    "request_num": 500,
    "Total QPS": 0.6453901882408811,
    "Avg Input Length": 16469.37,
    "Avg Output Length": 122.186,
    "Total Throughput": 10711.779748603554,
    "Input Throughput": 10629.169804508721,
    "Output Throughput": 10629.169804508721,
    "request_time": {
        "P25": 148.86558270454407,
        "P50": 155.51629829406738,
        "P75": 160.3082172870636,
        "P90": 163.0406243801117,
        "P95": 164.99101424217224,
        "P99": 181.77630805969238,
        "P100": 192.16706204414368
    },
    "first_token_time_dict": {
        "P25": 105.94747066497803,
        "P50": 114.05695533752441,
        "P75": 118.33146858215332,
        "P90": 121.39783716201782,
        "P95": 123.17788529396057,
        "P99": 140.90835237503052,
        "P100": 153.19759702682495
    },
    "decode_token_time_dict": {
        "P25": 336.1327648162842,
        "P50": 347.7906998941454,
        "P75": 359.50937469800317,
        "P90": 373.2316513371661,
        "P95": 400.1808472168751,
        "P99": 819.8239862426253,
        "P100": 1111.349590686189
    }
}