{
    "backend": "lmdeploy",
    "clients": 5,
    "request_num": 500,
    "Total QPS": 1.811303720658202,
    "Avg Input Length": 1031.778,
    "Avg Output Length": 127.956,
    "Total Throughput": 2100.7102065375284,
    "Input Throughput": 1868.8633302932785,
    "Output Throughput": 1868.8633302932785,
    "request_time": {
        "P25": 2.717660427093506,
        "P50": 2.7663087844848633,
        "P75": 2.7991487979888916,
        "P90": 2.8418102264404297,
        "P95": 2.867579460144043,
        "P99": 2.897123336791992,
        "P100": 2.9164304733276367
    },
    "first_token_time_dict": {
        "P25": 0.2665104866027832,
        "P50": 0.34141087532043457,
        "P75": 0.38941073417663574,
        "P90": 0.42118263244628906,
        "P95": 0.4455726146697998,
        "P99": 0.4768385887145996,
        "P100": 0.5039882659912109
    },
    "decode_token_time_dict": {
        "P25": 18.849859087485967,
        "P50": 18.926845760796013,
        "P75": 19.08386973884162,
        "P90": 20.907700531126007,
        "P95": 21.23935203852616,
        "P99": 21.85008281797875,
        "P100": 22.162479162216187
    }
}