{
    "backend": "lmdeploy",
    "clients": 5,
    "request_num": 500,
    "Total QPS": 0.5379224918423035,
    "Avg Input Length": 16469.37,
    "Avg Output Length": 122.128,
    "Total Throughput": 8928.098628428692,
    "Input Throughput": 8859.244549472878,
    "Output Throughput": 8859.244549472878,
    "request_time": {
        "P25": 8.16202974319458,
        "P50": 9.29885721206665,
        "P75": 10.333962202072144,
        "P90": 11.155152797698975,
        "P95": 11.87067723274231,
        "P99": 13.4138765335083,
        "P100": 14.944225788116455
    },
    "first_token_time_dict": {
        "P25": 1.3588004112243652,
        "P50": 1.9126782417297363,
        "P75": 2.7754595279693604,
        "P90": 3.7472097873687744,
        "P95": 4.717393636703491,
        "P99": 6.080784797668457,
        "P100": 7.65399169921875
    },
    "decode_token_time_dict": {
        "P25": 49.93424295377331,
        "P50": 58.94819227587275,
        "P75": 68.9279039700826,
        "P90": 74.19970856995143,
        "P95": 78.96114628890464,
        "P99": 85.64261365527949,
        "P100": 90.17370541890463
    }
}