{
    "backend": "lmdeploy",
    "clients": 50,
    "request_num": 500,
    "Total QPS": 0.657698645047591,
    "Avg Input Length": 16469.37,
    "Avg Output Length": 122.638,
    "Total Throughput": 10916.067760353537,
    "Input Throughput": 10831.882333787446,
    "Output Throughput": 10831.882333787446,
    "request_time": {
        "P25": 72.94241642951965,
        "P50": 76.56113028526306,
        "P75": 79.56714940071106,
        "P90": 81.81405138969421,
        "P95": 84.27417159080505,
        "P99": 102.17368817329407,
        "P100": 109.56120824813843
    },
    "first_token_time_dict": {
        "P25": 32.64147472381592,
        "P50": 35.967737674713135,
        "P75": 38.67255163192749,
        "P90": 41.183029890060425,
        "P95": 43.34817957878113,
        "P99": 62.614304304122925,
        "P100": 71.34411025047302
    },
    "decode_token_time_dict": {
        "P25": 322.68134689331055,
        "P50": 338.7408256530762,
        "P75": 347.88495544495623,
        "P90": 356.83043463891295,
        "P95": 368.24599250418237,
        "P99": 475.24925393442953,
        "P100": 580.6668947550876
    }
}