{
    "backend": "lmdeploy",
    "clients": 10,
    "request_num": 500,
    "Total QPS": 0.6191985092632435,
    "Avg Input Length": 16469.37,
    "Avg Output Length": 118.618,
    "Total Throughput": 10277.066761690481,
    "Input Throughput": 10197.809352504784,
    "Output Throughput": 10197.809352504784,
    "request_time": {
        "P25": 14.859721660614014,
        "P50": 16.265445470809937,
        "P75": 17.557281732559204,
        "P90": 18.793023586273193,
        "P95": 19.70600414276123,
        "P99": 21.425538063049316,
        "P100": 23.713286638259888
    },
    "first_token_time_dict": {
        "P25": 1.4020054340362549,
        "P50": 2.094682455062866,
        "P75": 3.0577921867370605,
        "P90": 4.600846290588379,
        "P95": 5.537081003189087,
        "P99": 9.201719045639038,
        "P100": 13.655486106872559
    },
    "decode_token_time_dict": {
        "P25": 104.35117705393645,
        "P50": 118.60652833149352,
        "P75": 129.75406646728516,
        "P90": 140.05943526208927,
        "P95": 145.17882623170553,
        "P99": 157.43840901197586,
        "P100": 177.26493125059167
    }
}