{
    "backend": "lmdeploy",
    "clients": 100,
    "request_num": 500,
    "Total QPS": 1.4539905692146309,
    "Avg Input Length": 8250.884,
    "Avg Output Length": 126.018,
    "Total Throughput": 12182.818316543364,
    "Input Throughput": 11996.70752368389,
    "Output Throughput": 11996.70752368389,
    "request_time": {
        "P25": 64.98497343063354,
        "P50": 68.6399712562561,
        "P75": 71.39975547790527,
        "P90": 74.4098858833313,
        "P95": 84.28720498085022,
        "P99": 98.36742377281189,
        "P100": 102.51905274391174
    },
    "first_token_time_dict": {
        "P25": 29.07410955429077,
        "P50": 31.832900524139404,
        "P75": 34.01640343666077,
        "P90": 36.26830577850342,
        "P95": 47.600199460983276,
        "P99": 61.66278409957886,
        "P100": 65.92347550392151
    },
    "decode_token_time_dict": {
        "P25": 289.8171811591922,
        "P50": 297.5374554830884,
        "P75": 304.84921591622486,
        "P90": 312.123893722286,
        "P95": 317.5492521192207,
        "P99": 414.2987065845066,
        "P100": 480.2176800985185
    }
}