{
    "backend": "lmdeploy",
    "clients": 50,
    "request_num": 500,
    "Total QPS": 7.996603676375884,
    "Avg Input Length": 1031.778,
    "Avg Output Length": 127.598,
    "Total Throughput": 9274.285018579869,
    "Input Throughput": 8250.719748003756,
    "Output Throughput": 8250.719748003756,
    "request_time": {
        "P25": 6.116991996765137,
        "P50": 6.2520952224731445,
        "P75": 6.411993741989136,
        "P90": 6.797264099121094,
        "P95": 6.984549283981323,
        "P99": 7.798496723175049,
        "P100": 8.395183086395264
    },
    "first_token_time_dict": {
        "P25": 0.88871169090271,
        "P50": 0.9939846992492676,
        "P75": 1.118021011352539,
        "P90": 1.6893436908721924,
        "P95": 1.8294813632965088,
        "P99": 3.0703682899475098,
        "P100": 3.3219010829925537
    },
    "decode_token_time_dict": {
        "P25": 40.0319887897161,
        "P50": 41.39963848384347,
        "P75": 42.78378827231271,
        "P90": 44.82181992117814,
        "P95": 46.24759118388018,
        "P99": 48.35858799162365,
        "P100": 50.35632943350171
    }
}