{
    "backend": "openai",
    "clients": 50,
    "request_num": 500,
    "Total QPS": 20.58738088358836,
    "Avg Input Length": 1031.778,
    "Avg Output Length": 127.94,
    "Total Throughput": 23876.79142640634,
    "Input Throughput": 21241.60667330703,
    "Output Throughput": 21241.60667330703,
    "request_time": {
        "P25": 2.3664941787719727,
        "P50": 2.4095592498779297,
        "P75": 2.4788360595703125,
        "P90": 2.515162944793701,
        "P95": 2.532569169998169,
        "P99": 2.547091245651245,
        "P100": 2.563351631164551
    },
    "first_token_time_dict": {
        "P25": 0.3519713878631592,
        "P50": 0.5387008190155029,
        "P75": 0.8359546661376953,
        "P90": 0.9637899398803711,
        "P95": 1.0142877101898193,
        "P99": 1.0466241836547852,
        "P100": 1.0694587230682373
    },
    "decode_token_time_dict": {
        "P25": 12.336160254290723,
        "P50": 14.59457930617445,
        "P75": 16.35407838295764,
        "P90": 17.617859281935136,
        "P95": 18.149454762616497,
        "P99": 18.628251834178535,
        "P100": 19.77664091455655
    }
}