{
    "backend": "openai",
    "clients": 15,
    "request_num": 500,
    "Total QPS": 11.663872731087897,
    "Avg Input Length": 1031.778,
    "Avg Output Length": 127.96,
    "Total Throughput": 13527.50298831566,
    "Input Throughput": 12034.527278736408,
    "Output Throughput": 12034.527278736408,
    "request_time": {
        "P25": 1.2401022911071777,
        "P50": 1.2723801136016846,
        "P75": 1.2991583347320557,
        "P90": 1.322005033493042,
        "P95": 1.334902286529541,
        "P99": 1.3567593097686768,
        "P100": 1.360682487487793
    },
    "first_token_time_dict": {
        "P25": 0.18436598777770996,
        "P50": 0.20367836952209473,
        "P75": 0.24768328666687012,
        "P90": 0.2856762409210205,
        "P95": 0.30506014823913574,
        "P99": 0.3618652820587158,
        "P100": 0.3672292232513428
    },
    "decode_token_time_dict": {
        "P25": 7.924126827810693,
        "P50": 8.319270892406072,
        "P75": 8.715717315673828,
        "P90": 9.626899178572527,
        "P95": 9.809214299119363,
        "P99": 10.00415621780035,
        "P100": 10.19028228098952
    }
}