{
    "backend": "openai",
    "clients": 25,
    "request_num": 500,
    "Total QPS": 15.500257195448821,
    "Avg Input Length": 1031.778,
    "Avg Output Length": 127.622,
    "Total Throughput": 17976.857289623244,
    "Input Throughput": 15992.824368605794,
    "Output Throughput": 15992.824368605794,
    "request_time": {
        "P25": 1.5400726795196533,
        "P50": 1.6010429859161377,
        "P75": 1.662257432937622,
        "P90": 1.7263104915618896,
        "P95": 1.7643775939941406,
        "P99": 1.909724235534668,
        "P100": 1.9151363372802734
    },
    "first_token_time_dict": {
        "P25": 0.18944501876831055,
        "P50": 0.24456119537353516,
        "P75": 0.3741941452026367,
        "P90": 0.4754304885864258,
        "P95": 0.5458159446716309,
        "P99": 0.6440680027008057,
        "P100": 0.6680405139923096
    },
    "decode_token_time_dict": {
        "P25": 9.544464546864427,
        "P50": 10.562785967128484,
        "P75": 11.455149162472702,
        "P90": 11.918283644176665,
        "P95": 12.202536965918354,
        "P99": 12.532271738127461,
        "P100": 13.209536319642554
    }
}