{
    "backend": "openai",
    "clients": 100,
    "request_num": 500,
    "Total QPS": 21.699459171127494,
    "Avg Input Length": 1031.778,
    "Avg Output Length": 127.96,
    "Total Throughput": 25166.555358571903,
    "Input Throughput": 22389.024584667583,
    "Output Throughput": 22389.024584667583,
    "request_time": {
        "P25": 4.49696159362793,
        "P50": 4.603376865386963,
        "P75": 4.666194200515747,
        "P90": 4.693045139312744,
        "P95": 4.703589200973511,
        "P99": 4.727826356887817,
        "P100": 4.743220090866089
    },
    "first_token_time_dict": {
        "P25": 0.6698164939880371,
        "P50": 1.3036730289459229,
        "P75": 1.9249937534332275,
        "P90": 2.3408660888671875,
        "P95": 2.3764288425445557,
        "P99": 2.504629611968994,
        "P100": 2.5292043685913086
    },
    "decode_token_time_dict": {
        "P25": 20.488224332294767,
        "P50": 25.42479582658903,
        "P75": 30.566919507004144,
        "P90": 33.323256049569196,
        "P95": 34.62085573692021,
        "P99": 35.25681195296641,
        "P100": 36.74044946985921
    }
}