{
    "backend": "openai",
    "clients": 25,
    "request_num": 500,
    "Total QPS": 13.902594543916843,
    "Avg Input Length": 1031.778,
    "Avg Output Length": 127.966,
    "Total Throughput": 16123.92329495479,
    "Input Throughput": 14344.391193333433,
    "Output Throughput": 14344.391193333433,
    "request_time": {
        "P25": 1.7302606105804443,
        "P50": 1.8077409267425537,
        "P75": 1.8601222038269043,
        "P90": 1.8838305473327637,
        "P95": 1.914839744567871,
        "P99": 1.946166753768921,
        "P100": 1.9568710327148438
    },
    "first_token_time_dict": {
        "P25": 0.24096155166625977,
        "P50": 0.43937158584594727,
        "P75": 0.5612943172454834,
        "P90": 0.6340420246124268,
        "P95": 0.6564967632293701,
        "P99": 0.682119607925415,
        "P100": 0.7323565483093262
    },
    "decode_token_time_dict": {
        "P25": 9.546229219812108,
        "P50": 10.76362452169103,
        "P75": 11.957512127132867,
        "P90": 12.833627190176896,
        "P95": 13.31126220582977,
        "P99": 14.187345354575811,
        "P100": 14.953893000685325
    }
}