{
    "backend": "openai",
    "clients": 10,
    "request_num": 500,
    "Total QPS": 8.92500368454221,
    "Avg Input Length": 1031.778,
    "Avg Output Length": 127.944,
    "Total Throughput": 10351.022923250996,
    "Input Throughput": 9208.622451629593,
    "Output Throughput": 9208.622451629593,
    "request_time": {
        "P25": 1.0920696258544922,
        "P50": 1.1149442195892334,
        "P75": 1.13895845413208,
        "P90": 1.160337209701538,
        "P95": 1.1826646327972412,
        "P99": 1.1920461654663086,
        "P100": 1.1949121952056885
    },
    "first_token_time_dict": {
        "P25": 0.1784038543701172,
        "P50": 0.19141268730163574,
        "P75": 0.1990046501159668,
        "P90": 0.20847368240356445,
        "P95": 0.23045825958251953,
        "P99": 0.26436710357666016,
        "P100": 0.2705557346343994
    },
    "decode_token_time_dict": {
        "P25": 7.120295772402305,
        "P50": 7.262066593320351,
        "P75": 7.487366518636388,
        "P90": 7.975619608961692,
        "P95": 8.535732434490535,
        "P99": 8.817186505775751,
        "P100": 9.091647591177873
    }
}