{
    "backend": "openai",
    "clients": 100,
    "request_num": 500,
    "Total QPS": 25.155114662724408,
    "Avg Input Length": 1031.778,
    "Avg Output Length": 127.938,
    "Total Throughput": 29174.34857330519,
    "Input Throughput": 25954.493896476466,
    "Output Throughput": 25954.493896476466,
    "request_time": {
        "P25": 3.8793373107910156,
        "P50": 3.9593091011047363,
        "P75": 4.01496696472168,
        "P90": 4.0399768352508545,
        "P95": 4.056329727172852,
        "P99": 4.0809245109558105,
        "P100": 4.097701072692871
    },
    "first_token_time_dict": {
        "P25": 0.5364401340484619,
        "P50": 1.0310227870941162,
        "P75": 1.5048692226409912,
        "P90": 1.8352465629577637,
        "P95": 1.9017760753631592,
        "P99": 1.9685142040252686,
        "P100": 2.024155616760254
    },
    "decode_token_time_dict": {
        "P25": 18.751033647792546,
        "P50": 22.723992039838176,
        "P75": 26.805735009861746,
        "P90": 29.124577214398723,
        "P95": 29.555868914746863,
        "P99": 30.915127025814506,
        "P100": 32.10859828525119
    }
}