{
    "backend": "openai",
    "clients": 50,
    "request_num": 500,
    "Total QPS": 18.554555867491924,
    "Avg Input Length": 1031.778,
    "Avg Output Length": 127.932,
    "Total Throughput": 21519.165694888048,
    "Input Throughput": 19144.18254384908,
    "Output Throughput": 19144.18254384908,
    "request_time": {
        "P25": 2.633434772491455,
        "P50": 2.6759066581726074,
        "P75": 2.7610442638397217,
        "P90": 2.7897889614105225,
        "P95": 2.7965335845947266,
        "P99": 2.8188910484313965,
        "P100": 2.82535982131958
    },
    "first_token_time_dict": {
        "P25": 0.444338321685791,
        "P50": 0.6615355014801025,
        "P75": 1.0803556442260742,
        "P90": 1.223189353942871,
        "P95": 1.287532091140747,
        "P99": 1.305271863937378,
        "P100": 1.3287699222564697
    },
    "decode_token_time_dict": {
        "P25": 12.885900932972826,
        "P50": 15.761857896339237,
        "P75": 17.680023598858693,
        "P90": 19.276181543905903,
        "P95": 20.01511769031915,
        "P99": 20.647811138723778,
        "P100": 21.5222291120394
    }
}