{
    "backend": "openai",
    "clients": 10,
    "request_num": 500,
    "Total QPS": 7.748525263608114,
    "Avg Input Length": 1031.778,
    "Avg Output Length": 127.93,
    "Total Throughput": 8986.56913317689,
    "Input Throughput": 7994.757899435052,
    "Output Throughput": 7994.757899435052,
    "request_time": {
        "P25": 1.2603240013122559,
        "P50": 1.290579080581665,
        "P75": 1.3072097301483154,
        "P90": 1.3348805904388428,
        "P95": 1.3418171405792236,
        "P99": 1.3510148525238037,
        "P100": 1.3548791408538818
    },
    "first_token_time_dict": {
        "P25": 0.21996784210205078,
        "P50": 0.23291420936584473,
        "P75": 0.24191951751708984,
        "P90": 0.2514660358428955,
        "P95": 0.27181482315063477,
        "P99": 0.3056464195251465,
        "P100": 0.3161470890045166
    },
    "decode_token_time_dict": {
        "P25": 8.126409035029374,
        "P50": 8.270507722389041,
        "P75": 8.463422144491842,
        "P90": 8.889994313639978,
        "P95": 9.84453967237097,
        "P99": 10.276589806624285,
        "P100": 10.33884521544449
    }
}