{
    "backend": "openai",
    "clients": 5,
    "request_num": 500,
    "Total QPS": 4.28640771425521,
    "Avg Input Length": 1031.778,
    "Avg Output Length": 127.914,
    "Total Throughput": 4971.28136602348,
    "Input Throughput": 4422.621178598813,
    "Output Throughput": 4422.621178598813,
    "request_time": {
        "P25": 1.1532840728759766,
        "P50": 1.1647169589996338,
        "P75": 1.176004409790039,
        "P90": 1.1864447593688965,
        "P95": 1.1963512897491455,
        "P99": 1.2104687690734863,
        "P100": 1.3985838890075684
    },
    "first_token_time_dict": {
        "P25": 0.04314374923706055,
        "P50": 0.10018420219421387,
        "P75": 0.11950492858886719,
        "P90": 0.14322614669799805,
        "P95": 0.15817713737487793,
        "P99": 0.17539119720458984,
        "P100": 0.24935126304626465
    },
    "decode_token_time_dict": {
        "P25": 8.152603164432556,
        "P50": 8.360277010699894,
        "P75": 8.797056092990665,
        "P90": 8.955852253230537,
        "P95": 9.01715211042269,
        "P99": 9.18426476125642,
        "P100": 9.355575080931656
    }
}