{
    "backend": "openai",
    "clients": 5,
    "request_num": 500,
    "Total QPS": 5.189206159603983,
    "Avg Input Length": 1031.778,
    "Avg Output Length": 127.972,
    "Total Throughput": 6018.327141373188,
    "Input Throughput": 5354.108752943878,
    "Output Throughput": 5354.108752943878,
    "request_time": {
        "P25": 0.9516558647155762,
        "P50": 0.965226411819458,
        "P75": 0.9751842021942139,
        "P90": 0.9894132614135742,
        "P95": 0.9942238330841064,
        "P99": 1.0045421123504639,
        "P100": 1.0208520889282227
    },
    "first_token_time_dict": {
        "P25": 0.08771610260009766,
        "P50": 0.11084985733032227,
        "P75": 0.12241792678833008,
        "P90": 0.1307976245880127,
        "P95": 0.14092516899108887,
        "P99": 0.15044808387756348,
        "P100": 0.1621568202972412
    },
    "decode_token_time_dict": {
        "P25": 6.666371202844334,
        "P50": 6.693650418379176,
        "P75": 6.742507453978531,
        "P90": 7.346438610647607,
        "P95": 7.416956068023922,
        "P99": 7.596650461512287,
        "P100": 7.710493380023587
    }
}