{
    "backend": "openai",
    "clients": 15,
    "request_num": 500,
    "Total QPS": 10.289887464561586,
    "Avg Input Length": 1031.778,
    "Avg Output Length": 127.892,
    "Total Throughput": 11933.985103874307,
    "Input Throughput": 10616.879508410424,
    "Output Throughput": 10616.879508410424,
    "request_time": {
        "P25": 1.4038450717926025,
        "P50": 1.433875322341919,
        "P75": 1.4697775840759277,
        "P90": 1.4922490119934082,
        "P95": 1.5021729469299316,
        "P99": 1.5201988220214844,
        "P100": 1.5234320163726807
    },
    "first_token_time_dict": {
        "P25": 0.09511947631835938,
        "P50": 0.2766304016113281,
        "P75": 0.3068704605102539,
        "P90": 0.3390059471130371,
        "P95": 0.36510610580444336,
        "P99": 0.436246395111084,
        "P100": 0.4460155963897705
    },
    "decode_token_time_dict": {
        "P25": 8.77027811966543,
        "P50": 9.181338032399575,
        "P75": 10.351263631985882,
        "P90": 10.818030890517347,
        "P95": 11.014887264796666,
        "P99": 11.390669139351433,
        "P100": 11.6852024408776
    }
}