{
    "backend": "triton",
    "clients": 100,
    "request_num": 500,
    "Total QPS": 0.3502567221996752,
    "Avg Input Length": 16469.37,
    "Avg Output Length": 127.896,
    "Total Throughput": 5813.340413335223,
    "Input Throughput": 5768.507552893665,
    "Output Throughput": 5768.507552893665,
    "request_time": {
        "P25": 270.0981867313385,
        "P50": 288.5443344116211,
        "P75": 297.01235461235046,
        "P90": 304.52744245529175,
        "P95": 306.47018361091614,
        "P99": 321.5466260910034,
        "P100": 332.4392349720001
    },
    "first_token_time_dict": {
        "P25": 227.63229298591614,
        "P50": 243.32314467430115,
        "P75": 251.62748003005981,
        "P90": 259.2073245048523,
        "P95": 262.0814709663391,
        "P99": 275.21853518486023,
        "P100": 284.9956479072571
    },
    "decode_token_time_dict": {
        "P25": 333.9953835554949,
        "P50": 347.68874063266543,
        "P75": 367.6992964556837,
        "P90": 386.7910809404268,
        "P95": 400.6266406201941,
        "P99": 429.9401974114846,
        "P100": 437.20257376122663
    }
}