{
    "backend": "triton",
    "clients": 25,
    "request_num": 500,
    "Total QPS": 0.774427830782739,
    "Avg Input Length": 8250.884,
    "Avg Output Length": 127.542,
    "Total Throughput": 6488.8409605002,
    "Input Throughput": 6389.714198160009,
    "Output Throughput": 6389.714198160009,
    "request_time": {
        "P25": 28.93216848373413,
        "P50": 32.52797722816467,
        "P75": 34.950624227523804,
        "P90": 36.28955912590027,
        "P95": 36.55426836013794,
        "P99": 39.12624669075012,
        "P100": 40.93615245819092
    },
    "first_token_time_dict": {
        "P25": 13.823585748672485,
        "P50": 14.754184484481812,
        "P75": 23.905755758285522,
        "P90": 27.674426078796387,
        "P95": 28.705094575881958,
        "P99": 29.61352562904358,
        "P100": 33.348360538482666
    },
    "decode_token_time_dict": {
        "P25": 65.89080217316395,
        "P50": 129.68973475178396,
        "P75": 162.361603083573,
        "P90": 225.6672570085901,
        "P95": 253.26403107230118,
        "P99": 271.74605534771297,
        "P100": 330.5853207906087
    }
}