{
    "backend": "triton",
    "clients": 25,
    "request_num": 500,
    "Total QPS": 4.918647860712244,
    "Avg Input Length": 1031.778,
    "Avg Output Length": 126.828,
    "Total Throughput": 5704.539578601125,
    "Input Throughput": 5074.952652429957,
    "Output Throughput": 5074.952652429957,
    "request_time": {
        "P25": 4.767131328582764,
        "P50": 5.141678810119629,
        "P75": 5.379876613616943,
        "P90": 5.5425355434417725,
        "P95": 5.603675365447998,
        "P99": 5.64901065826416,
        "P100": 5.663865566253662
    },
    "first_token_time_dict": {
        "P25": 1.9119505882263184,
        "P50": 2.590996503829956,
        "P75": 2.885260581970215,
        "P90": 3.2426934242248535,
        "P95": 3.391941547393799,
        "P99": 3.447722911834717,
        "P100": 3.4551830291748047
    },
    "decode_token_time_dict": {
        "P25": 17.195521377203033,
        "P50": 19.02644465288778,
        "P75": 23.617391511211245,
        "P90": 38.952191044965126,
        "P95": 40.33308705006997,
        "P99": 42.72434091943455,
        "P100": 52.9054601987203
    }
}