{
    "backend": "triton",
    "clients": 100,
    "request_num": 500,
    "Total QPS": 0.780446356038779,
    "Avg Input Length": 8250.884,
    "Avg Output Length": 127.6,
    "Total Throughput": 6539.269485471628,
    "Input Throughput": 6439.372351898665,
    "Output Throughput": 6439.372351898665,
    "request_time": {
        "P25": 117.35032415390015,
        "P50": 129.9271104335785,
        "P75": 131.6171362400055,
        "P90": 143.93045949935913,
        "P95": 145.31684255599976,
        "P99": 158.0184416770935,
        "P100": 170.1439402103424
    },
    "first_token_time_dict": {
        "P25": 78.17834496498108,
        "P50": 89.09270668029785,
        "P75": 91.88792634010315,
        "P90": 104.51032662391663,
        "P95": 105.13917350769043,
        "P99": 131.3008852005005,
        "P100": 131.3374626636505
    },
    "decode_token_time_dict": {
        "P25": 302.02942007169946,
        "P50": 309.9166070382426,
        "P75": 316.69973576162744,
        "P90": 354.2655828430897,
        "P95": 369.82056287329965,
        "P99": 400.3226531772163,
        "P100": 1101.1018355687459
    }
}