{
    "backend": "triton",
    "clients": 50,
    "request_num": 500,
    "Total QPS": 1.6330589810878207,
    "Avg Input Length": 4125.696,
    "Avg Output Length": 127.496,
    "Total Throughput": 6946.536455617338,
    "Input Throughput": 6737.504906038097,
    "Output Throughput": 6737.504906038097,
    "request_time": {
        "P25": 30.126341342926025,
        "P50": 30.708125114440918,
        "P75": 31.74541139602661,
        "P90": 32.27792525291443,
        "P95": 33.49249982833862,
        "P99": 33.698047161102295,
        "P100": 46.03537344932556
    },
    "first_token_time_dict": {
        "P25": 12.718281269073486,
        "P50": 13.413170099258423,
        "P75": 24.13349485397339,
        "P90": 25.774194478988647,
        "P95": 26.08336591720581,
        "P99": 26.106910705566406,
        "P100": 26.987176179885864
    },
    "decode_token_time_dict": {
        "P25": 51.017357608464756,
        "P50": 131.64561939990426,
        "P75": 145.36145165210635,
        "P90": 157.61674670722542,
        "P95": 232.98772488992046,
        "P99": 249.9050249264935,
        "P100": 801.8245564566719
    }
}