{
    "backend": "triton",
    "clients": 5,
    "request_num": 500,
    "Total QPS": 2.289276201811468,
    "Avg Input Length": 1031.778,
    "Avg Output Length": 126.958,
    "Total Throughput": 2655.052174784501,
    "Input Throughput": 2362.024820952633,
    "Output Throughput": 2362.024820952633,
    "request_time": {
        "P25": 2.121617555618286,
        "P50": 2.1939425468444824,
        "P75": 2.264331340789795,
        "P90": 2.323136329650879,
        "P95": 2.3772599697113037,
        "P99": 2.4139957427978516,
        "P100": 2.5217692852020264
    },
    "first_token_time_dict": {
        "P25": 0.12553119659423828,
        "P50": 0.19191193580627441,
        "P75": 0.448655366897583,
        "P90": 0.5428075790405273,
        "P95": 0.6375746726989746,
        "P99": 0.7325193881988525,
        "P100": 0.7689070701599121
    },
    "decode_token_time_dict": {
        "P25": 13.575580176406019,
        "P50": 15.23689022214394,
        "P75": 16.254819284273882,
        "P90": 16.778979714461197,
        "P95": 17.11500160337433,
        "P99": 17.629863708976686,
        "P100": 18.7121920698271
    }
}