{
    "backend": "triton",
    "clients": 10,
    "request_num": 500,
    "Total QPS": 1.3860522911351143,
    "Avg Input Length": 4125.696,
    "Avg Output Length": 127.586,
    "Total Throughput": 5895.845086592271,
    "Input Throughput": 5718.430393326977,
    "Output Throughput": 5718.430393326977,
    "request_time": {
        "P25": 6.7009172439575195,
        "P50": 7.340298891067505,
        "P75": 7.712148666381836,
        "P90": 8.255632162094116,
        "P95": 8.35296082496643,
        "P99": 8.780928134918213,
        "P100": 8.78462529182434
    },
    "first_token_time_dict": {
        "P25": 0.7940332889556885,
        "P50": 4.090807914733887,
        "P75": 4.535240650177002,
        "P90": 5.1648759841918945,
        "P95": 5.446111679077148,
        "P99": 6.082892179489136,
        "P100": 6.088661432266235
    },
    "decode_token_time_dict": {
        "P25": 20.9242922114575,
        "P50": 23.576770241804947,
        "P75": 44.2831872955082,
        "P90": 55.00241902869517,
        "P95": 56.975991707148516,
        "P99": 60.85604382312204,
        "P100": 64.65125459385669
    }
}