{
    "backend": "triton",
    "clients": 10,
    "request_num": 500,
    "Total QPS": 3.4770831226737613,
    "Avg Input Length": 1031.778,
    "Avg Output Length": 126.542,
    "Total Throughput": 4032.6445098483296,
    "Input Throughput": 3587.577870146088,
    "Output Throughput": 3587.577870146088,
    "request_time": {
        "P25": 2.773820638656616,
        "P50": 2.8812906742095947,
        "P75": 2.9960103034973145,
        "P90": 3.0831336975097656,
        "P95": 3.1347529888153076,
        "P99": 3.2279562950134277,
        "P100": 3.335953950881958
    },
    "first_token_time_dict": {
        "P25": 0.17751502990722656,
        "P50": 0.8038640022277832,
        "P75": 1.0397722721099854,
        "P90": 1.245983600616455,
        "P95": 1.2730486392974854,
        "P99": 1.4608938694000244,
        "P100": 1.4634287357330322
    },
    "decode_token_time_dict": {
        "P25": 14.471380729374923,
        "P50": 16.342123662392925,
        "P75": 20.490802179171343,
        "P90": 22.052126606618327,
        "P95": 22.49726160304753,
        "P99": 23.925420806163878,
        "P100": 25.434490263931394
    }
}