{
    "backend": "triton",
    "clients": 100,
    "request_num": 500,
    "Total QPS": 6.126283082477692,
    "Avg Input Length": 1031.778,
    "Avg Output Length": 126.538,
    "Total Throughput": 7105.128340829813,
    "Input Throughput": 6320.964106272669,
    "Output Throughput": 6320.964106272669,
    "request_time": {
        "P25": 15.950011491775513,
        "P50": 16.480730533599854,
        "P75": 16.91036820411682,
        "P90": 17.237167358398438,
        "P95": 17.267958164215088,
        "P99": 17.3054678440094,
        "P100": 17.318920850753784
    },
    "first_token_time_dict": {
        "P25": 3.857060432434082,
        "P50": 10.826996326446533,
        "P75": 11.943243503570557,
        "P90": 12.43866491317749,
        "P95": 12.474775075912476,
        "P99": 12.541812896728516,
        "P100": 12.569088459014893
    },
    "decode_token_time_dict": {
        "P25": 34.99457028907115,
        "P50": 41.97700004878006,
        "P75": 90.40664687870056,
        "P90": 106.06195795254445,
        "P95": 106.32022347037248,
        "P99": 131.52807716309556,
        "P100": 449.1688847541809
    }
}