{
    "backend": "triton",
    "clients": 50,
    "request_num": 500,
    "Total QPS": 5.747731004395459,
    "Avg Input Length": 1031.778,
    "Avg Output Length": 126.602,
    "Total Throughput": 6666.091968815757,
    "Input Throughput": 5930.382400253138,
    "Output Throughput": 5930.382400253138,
    "request_time": {
        "P25": 8.580132722854614,
        "P50": 8.787524223327637,
        "P75": 9.008004903793335,
        "P90": 9.146109342575073,
        "P95": 9.322537899017334,
        "P99": 9.352404594421387,
        "P100": 9.367450952529907
    },
    "first_token_time_dict": {
        "P25": 5.008688449859619,
        "P50": 5.8478944301605225,
        "P75": 5.997707843780518,
        "P90": 6.332675457000732,
        "P95": 6.413626670837402,
        "P99": 6.440130233764648,
        "P100": 6.447810173034668
    },
    "decode_token_time_dict": {
        "P25": 20.731002327025404,
        "P50": 23.75876434206024,
        "P75": 27.978397729828604,
        "P90": 64.3397522723581,
        "P95": 67.70459122545138,
        "P99": 70.25995780163863,
        "P100": 93.42095965430849
    }
}