{
    "backend": "triton",
    "clients": 5,
    "request_num": 500,
    "Total QPS": 1.1657952764563109,
    "Avg Input Length": 4125.696,
    "Avg Output Length": 127.572,
    "Total Throughput": 4958.938704281104,
    "Input Throughput": 4809.716908894696,
    "Output Throughput": 4809.716908894696,
    "request_time": {
        "P25": 3.900028944015503,
        "P50": 4.230051279067993,
        "P75": 4.678603887557983,
        "P90": 4.946934461593628,
        "P95": 5.1837663650512695,
        "P99": 5.508920669555664,
        "P100": 5.883121967315674
    },
    "first_token_time_dict": {
        "P25": 0.49799275398254395,
        "P50": 0.9031515121459961,
        "P75": 1.7539310455322266,
        "P90": 2.2619872093200684,
        "P95": 2.482802391052246,
        "P99": 2.99186110496521,
        "P100": 3.0615391731262207
    },
    "decode_token_time_dict": {
        "P25": 19.609072076992728,
        "P50": 24.814891064260888,
        "P75": 29.39326556648795,
        "P90": 32.809653620081626,
        "P95": 34.41327012430026,
        "P99": 37.520051941158265,
        "P100": 101.63908169187349
    }
}