{
    "backend": "triton",
    "clients": 50,
    "request_num": 500,
    "Total QPS": 0.7810777814219101,
    "Avg Input Length": 8250.884,
    "Avg Output Length": 127.552,
    "Total Throughput": 6544.56012551154,
    "Input Throughput": 6444.582169489535,
    "Output Throughput": 6444.582169489535,
    "request_time": {
        "P25": 59.82651925086975,
        "P50": 62.80471420288086,
        "P75": 67.77376222610474,
        "P90": 75.85257053375244,
        "P95": 78.62409949302673,
        "P99": 105.29680109024048,
        "P100": 105.33156228065491
    },
    "first_token_time_dict": {
        "P25": 19.18168616294861,
        "P50": 21.799221754074097,
        "P75": 26.55698847770691,
        "P90": 32.003159046173096,
        "P95": 41.07647967338562,
        "P99": 62.737250328063965,
        "P100": 62.76983189582825
    },
    "decode_token_time_dict": {
        "P25": 305.3576833619846,
        "P50": 325.7874691580224,
        "P75": 345.47501473914923,
        "P90": 367.0983070463646,
        "P95": 385.554775478333,
        "P99": 404.7113309695026,
        "P100": 1232.3710388607449
    }
}