{
    "backend": "triton",
    "clients": 5,
    "request_num": 500,
    "Total QPS": 0.6616194856049711,
    "Avg Input Length": 8250.884,
    "Avg Output Length": 127.55,
    "Total Throughput": 5543.632922023722,
    "Input Throughput": 5458.945627866286,
    "Output Throughput": 5458.945627866286,
    "request_time": {
        "P25": 6.682694673538208,
        "P50": 7.472699880599976,
        "P75": 8.374445676803589,
        "P90": 9.042555809020996,
        "P95": 9.2327299118042,
        "P99": 9.94510293006897,
        "P100": 11.385732173919678
    },
    "first_token_time_dict": {
        "P25": 1.071974754333496,
        "P50": 2.1212241649627686,
        "P75": 3.775857448577881,
        "P90": 5.180300951004028,
        "P95": 6.195282459259033,
        "P99": 7.668893575668335,
        "P100": 8.041901350021362
    },
    "decode_token_time_dict": {
        "P25": 29.27474149568813,
        "P50": 40.68026204747478,
        "P75": 50.306220692912426,
        "P90": 57.031691543699246,
        "P95": 61.33334655461349,
        "P99": 65.83827123867245,
        "P100": 80.07884213304895
    }
}