{
    "backend": "triton",
    "clients": 15,
    "request_num": 500,
    "Total QPS": 0.753928683156412,
    "Avg Input Length": 8250.884,
    "Avg Output Length": 127.734,
    "Total Throughput": 6317.08098044033,
    "Input Throughput": 6220.578108996309,
    "Output Throughput": 6220.578108996309,
    "request_time": {
        "P25": 18.741820573806763,
        "P50": 19.73672127723694,
        "P75": 21.27361536026001,
        "P90": 22.23870873451233,
        "P95": 23.445162773132324,
        "P99": 23.541487455368042,
        "P100": 23.566767692565918
    },
    "first_token_time_dict": {
        "P25": 12.375337600708008,
        "P50": 13.758695840835571,
        "P75": 14.307745695114136,
        "P90": 15.365931987762451,
        "P95": 15.797362565994263,
        "P99": 18.8652126789093,
        "P100": 20.089226245880127
    },
    "decode_token_time_dict": {
        "P25": 42.49704165721503,
        "P50": 49.78428299971453,
        "P75": 59.22590841458538,
        "P90": 146.67691020515022,
        "P95": 157.5608178386538,
        "P99": 167.61055142860712,
        "P100": 291.58867730034723
    }
}