{
    "backend": "triton",
    "clients": 10,
    "request_num": 500,
    "Total QPS": 0.7262244357745542,
    "Avg Input Length": 8250.884,
    "Avg Output Length": 127.584,
    "Total Throughput": 6084.95030532044,
    "Input Throughput": 5991.993577541297,
    "Output Throughput": 5991.993577541297,
    "request_time": {
        "P25": 12.668422222137451,
        "P50": 13.832148790359497,
        "P75": 14.950000286102295,
        "P90": 15.906200170516968,
        "P95": 16.31075382232666,
        "P99": 18.35296058654785,
        "P100": 18.370084524154663
    },
    "first_token_time_dict": {
        "P25": 7.844774961471558,
        "P50": 9.365678310394287,
        "P75": 10.8119478225708,
        "P90": 12.09580659866333,
        "P95": 12.72126317024231,
        "P99": 14.455668449401855,
        "P100": 14.471209049224854
    },
    "decode_token_time_dict": {
        "P25": 25.96270193265179,
        "P50": 32.201652451763,
        "P75": 42.476175338264525,
        "P90": 102.30791287159356,
        "P95": 107.38239701338641,
        "P99": 116.8630986701785,
        "P100": 134.98989615853378
    }
}