{
    "backend": "triton",
    "clients": 15,
    "request_num": 500,
    "Total QPS": 1.481884219934905,
    "Avg Input Length": 4125.696,
    "Avg Output Length": 127.44,
    "Total Throughput": 6303.484978800226,
    "Input Throughput": 6113.803798648558,
    "Output Throughput": 6113.803798648558,
    "request_time": {
        "P25": 9.634487628936768,
        "P50": 10.041118144989014,
        "P75": 10.757919311523438,
        "P90": 11.194858312606812,
        "P95": 11.427532434463501,
        "P99": 11.591947555541992,
        "P100": 11.59850025177002
    },
    "first_token_time_dict": {
        "P25": 5.909261226654053,
        "P50": 6.728863477706909,
        "P75": 7.222259998321533,
        "P90": 8.07646656036377,
        "P95": 8.351601362228394,
        "P99": 8.446326494216919,
        "P100": 8.452162981033325
    },
    "decode_token_time_dict": {
        "P25": 23.52496582692064,
        "P50": 25.443082719337283,
        "P75": 29.5777020491953,
        "P90": 74.87876584210734,
        "P95": 79.64769310838595,
        "P99": 84.4442957029568,
        "P100": 88.11072289474367
    }
}