{
    "backend": "triton",
    "clients": 25,
    "request_num": 500,
    "Total QPS": 1.5646519411071078,
    "Avg Input Length": 4125.696,
    "Avg Output Length": 127.572,
    "Total Throughput": 6655.55370327954,
    "Input Throughput": 6455.27825481783,
    "Output Throughput": 6455.27825481783,
    "request_time": {
        "P25": 14.601680994033813,
        "P50": 16.07380771636963,
        "P75": 17.161128997802734,
        "P90": 17.76636004447937,
        "P95": 18.03737497329712,
        "P99": 18.634721279144287,
        "P100": 18.6424777507782
    },
    "first_token_time_dict": {
        "P25": 10.808857440948486,
        "P50": 11.689362049102783,
        "P75": 12.630852460861206,
        "P90": 13.409509658813477,
        "P95": 13.560315608978271,
        "P99": 14.910220384597778,
        "P100": 14.916573286056519
    },
    "decode_token_time_dict": {
        "P25": 27.60425515062227,
        "P50": 30.69419185007651,
        "P75": 35.167348666453925,
        "P90": 107.37869120019627,
        "P95": 123.64490576616423,
        "P99": 132.77375979686346,
        "P100": 508.61379195903913
    }
}