{
    "backend": "triton",
    "clients": 15,
    "request_num": 500,
    "Total QPS": 4.152892214334453,
    "Avg Input Length": 1031.778,
    "Avg Output Length": 126.844,
    "Total Throughput": 4816.433026556383,
    "Input Throughput": 4284.8628231215735,
    "Output Throughput": 4284.8628231215735,
    "request_time": {
        "P25": 3.4231107234954834,
        "P50": 3.59224534034729,
        "P75": 3.8200607299804688,
        "P90": 3.9292845726013184,
        "P95": 3.9839744567871094,
        "P99": 4.025918483734131,
        "P100": 4.029737949371338
    },
    "first_token_time_dict": {
        "P25": 0.902620792388916,
        "P50": 1.500178575515747,
        "P75": 1.693523645401001,
        "P90": 1.9856035709381104,
        "P95": 2.0606157779693604,
        "P99": 2.1077239513397217,
        "P100": 2.1116762161254883
    },
    "decode_token_time_dict": {
        "P25": 14.810252377367396,
        "P50": 16.232381655475287,
        "P75": 20.658671386598602,
        "P90": 27.085433794757513,
        "P95": 28.228992552269162,
        "P99": 29.754599248330425,
        "P100": 32.35487983776973
    }
}