{
    "backend": "triton",
    "clients": 100,
    "request_num": 500,
    "Total QPS": 1.6377714156536187,
    "Avg Input Length": 4125.696,
    "Avg Output Length": 127.586,
    "Total Throughput": 6966.581719680135,
    "Input Throughput": 6756.9469784764715,
    "Output Throughput": 6756.9469784764715,
    "request_time": {
        "P25": 57.65117287635803,
        "P50": 59.367730140686035,
        "P75": 61.96629023551941,
        "P90": 74.79244685173035,
        "P95": 75.66394543647766,
        "P99": 98.56555771827698,
        "P100": 98.58329272270203
    },
    "first_token_time_dict": {
        "P25": 20.293229818344116,
        "P50": 23.04559874534607,
        "P75": 26.535863637924194,
        "P90": 37.647382736206055,
        "P95": 39.17978119850159,
        "P99": 60.43483257293701,
        "P100": 60.543299198150635
    },
    "decode_token_time_dict": {
        "P25": 271.8797781336026,
        "P50": 294.39545428659034,
        "P75": 300.3010374354565,
        "P90": 317.4014804870125,
        "P95": 340.2642283852645,
        "P99": 378.1260317704809,
        "P100": 1039.6213449280838
    }
}