{
    "backend": "triton",
    "clients": 15,
    "request_num": 500,
    "Total QPS": 0.5937713678760118,
    "Avg Input Length": 16469.37,
    "Avg Output Length": 128.0,
    "Total Throughput": 9855.043088044282,
    "Input Throughput": 9779.040352956154,
    "Output Throughput": 9779.040352956154,
    "request_time": {
        "P25": 22.435150146484375,
        "P50": 24.331212043762207,
        "P75": 25.998834371566772,
        "P90": 31.789222955703735,
        "P95": 43.788357734680176,
        "P99": 46.914721727371216,
        "P100": 48.664896726608276
    },
    "first_token_time_dict": {
        "P25": 9.411170959472656,
        "P50": 16.009727716445923,
        "P75": 19.077601671218872,
        "P90": 20.796499013900757,
        "P95": 21.957537174224854,
        "P99": 25.402768850326538,
        "P100": 32.7072639465332
    },
    "decode_token_time_dict": {
        "P25": 39.848757541085796,
        "P50": 60.86598418829009,
        "P75": 130.41919986094078,
        "P90": 167.28163328696425,
        "P95": 176.64598479984315,
        "P99": 188.4694756485346,
        "P100": 204.90025910805528
    }
}