{
    "backend": "triton",
    "clients": 50,
    "request_num": 500,
    "Total QPS": 2.7995441951525497,
    "Avg Input Length": 4125.696,
    "Avg Output Length": 128.0,
    "Total Throughput": 11908.40994474362,
    "Input Throughput": 11550.068287764094,
    "Output Throughput": 11550.068287764094,
    "request_time": {
        "P25": 17.549482583999634,
        "P50": 17.700591325759888,
        "P75": 18.586994886398315,
        "P90": 18.781824588775635,
        "P95": 18.96259617805481,
        "P99": 19.00808882713318,
        "P100": 19.03616714477539
    },
    "first_token_time_dict": {
        "P25": 15.464295864105225,
        "P50": 15.581503868103027,
        "P75": 16.447206020355225,
        "P90": 16.577250957489014,
        "P95": 16.821712255477905,
        "P99": 16.856452703475952,
        "P100": 16.87084937095642
    },
    "decode_token_time_dict": {
        "P25": 16.34392400426189,
        "P50": 16.510287607748676,
        "P75": 16.78751772782934,
        "P90": 16.992707890788402,
        "P95": 17.218355118759035,
        "P99": 137.04684212451846,
        "P100": 146.09049436614268
    }
}