{
    "backend": "triton",
    "clients": 50,
    "request_num": 500,
    "Total QPS": 9.578860193961377,
    "Avg Input Length": 1031.778,
    "Avg Output Length": 128.0,
    "Total Throughput": 11109.351318032139,
    "Input Throughput": 9883.257213205081,
    "Output Throughput": 9883.257213205081,
    "request_time": {
        "P25": 5.123070001602173,
        "P50": 5.1704490184783936,
        "P75": 5.328811883926392,
        "P90": 5.389916181564331,
        "P95": 5.500556468963623,
        "P99": 5.5283896923065186,
        "P100": 5.532506704330444
    },
    "first_token_time_dict": {
        "P25": 2.1936957836151123,
        "P50": 3.596590518951416,
        "P75": 3.7819905281066895,
        "P90": 3.8526012897491455,
        "P95": 3.9610612392425537,
        "P99": 3.988781452178955,
        "P100": 3.9980039596557617
    },
    "decode_token_time_dict": {
        "P25": 12.033439996674305,
        "P50": 12.089712413277214,
        "P75": 23.276199506023737,
        "P90": 30.49692957420049,
        "P95": 36.793851476954664,
        "P99": 40.15502404040239,
        "P100": 42.63238268574391
    }
}