{
    "backend": "triton",
    "clients": 25,
    "request_num": 500,
    "Total QPS": 0.595801164285703,
    "Avg Input Length": 16469.37,
    "Avg Output Length": 128.0,
    "Total Throughput": 9888.732370080597,
    "Input Throughput": 9812.469821052027,
    "Output Throughput": 9812.469821052027,
    "request_time": {
        "P25": 35.7558228969574,
        "P50": 45.071207761764526,
        "P75": 47.08649826049805,
        "P90": 48.03951573371887,
        "P95": 48.8621129989624,
        "P99": 57.55777025222778,
        "P100": 69.48913335800171
    },
    "first_token_time_dict": {
        "P25": 22.43395185470581,
        "P50": 30.359638929367065,
        "P75": 36.31459975242615,
        "P90": 38.08110785484314,
        "P95": 38.680795669555664,
        "P99": 42.53668689727783,
        "P100": 56.59746170043945
    },
    "decode_token_time_dict": {
        "P25": 69.9911643200972,
        "P50": 86.64999421187274,
        "P75": 123.76177029346856,
        "P90": 136.0285131950078,
        "P95": 141.77692969014325,
        "P99": 154.47753808629793,
        "P100": 170.37410060251793
    }
}