{
    "backend": "triton",
    "clients": 5,
    "request_num": 500,
    "Total QPS": 1.1242733089633599,
    "Avg Input Length": 8250.884,
    "Avg Output Length": 128.0,
    "Total Throughput": 9420.155640100153,
    "Input Throughput": 9276.248656552843,
    "Output Throughput": 9276.248656552843,
    "request_time": {
        "P25": 3.9336488246917725,
        "P50": 4.4453206062316895,
        "P75": 4.906886339187622,
        "P90": 5.275430917739868,
        "P95": 5.60983943939209,
        "P99": 5.8799097537994385,
        "P100": 6.107367753982544
    },
    "first_token_time_dict": {
        "P25": 2.3842897415161133,
        "P50": 3.163433790206909,
        "P75": 3.6840128898620605,
        "P90": 4.139279365539551,
        "P95": 4.268671274185181,
        "P99": 4.766043663024902,
        "P100": 4.985463857650757
    },
    "decode_token_time_dict": {
        "P25": 8.291512962401383,
        "P50": 8.482589496402289,
        "P75": 8.777042073527658,
        "P90": 31.49995653648076,
        "P95": 34.308788344616026,
        "P99": 39.04964980177992,
        "P100": 44.180618496391716
    }
}