{
    "backend": "triton",
    "clients": 15,
    "request_num": 500,
    "Total QPS": 7.09289432214444,
    "Avg Input Length": 1031.778,
    "Avg Output Length": 128.0,
    "Total Throughput": 8226.182791148034,
    "Input Throughput": 7318.292317913546,
    "Output Throughput": 7318.292317913546,
    "request_time": {
        "P25": 2.0188210010528564,
        "P50": 2.090831756591797,
        "P75": 2.1852099895477295,
        "P90": 2.2777676582336426,
        "P95": 2.300766944885254,
        "P99": 2.3106625080108643,
        "P100": 2.315190553665161
    },
    "first_token_time_dict": {
        "P25": 0.9745831489562988,
        "P50": 1.0770959854125977,
        "P75": 1.1699049472808838,
        "P90": 1.2592658996582031,
        "P95": 1.2822377681732178,
        "P99": 1.2895877361297607,
        "P100": 1.2940335273742676
    },
    "decode_token_time_dict": {
        "P25": 7.873287351112666,
        "P50": 7.90932610278993,
        "P75": 7.9787171731783655,
        "P90": 8.616364847018025,
        "P95": 15.294640083012618,
        "P99": 17.121654795849416,
        "P100": 17.671600101500985
    }
}