{
    "backend": "triton",
    "clients": 25,
    "request_num": 500,
    "Total QPS": 2.689600308243561,
    "Avg Input Length": 4125.696,
    "Avg Output Length": 128.0,
    "Total Throughput": 11440.742072774401,
    "Input Throughput": 11096.473233319226,
    "Output Throughput": 11096.473233319226,
    "request_time": {
        "P25": 8.43906021118164,
        "P50": 9.426173448562622,
        "P75": 9.888451099395752,
        "P90": 10.208831787109375,
        "P95": 10.398452281951904,
        "P99": 10.98579216003418,
        "P100": 11.013158798217773
    },
    "first_token_time_dict": {
        "P25": 7.015163421630859,
        "P50": 7.914006233215332,
        "P75": 8.42619800567627,
        "P90": 8.741637468338013,
        "P95": 8.919656991958618,
        "P99": 9.49332070350647,
        "P100": 9.508164167404175
    },
    "decode_token_time_dict": {
        "P25": 10.886898190956416,
        "P50": 11.18566483024537,
        "P75": 11.389775539007713,
        "P90": 11.759134728138841,
        "P95": 19.522086841853586,
        "P99": 75.21779142965482,
        "P100": 84.0378596088079
    }
}