{
    "backend": "triton",
    "clients": 10,
    "request_num": 500,
    "Total QPS": 6.171835684115806,
    "Avg Input Length": 1031.778,
    "Avg Output Length": 128.0,
    "Total Throughput": 7157.959246052462,
    "Input Throughput": 6367.964278485639,
    "Output Throughput": 6367.964278485639,
    "request_time": {
        "P25": 1.549182415008545,
        "P50": 1.6082112789154053,
        "P75": 1.684506893157959,
        "P90": 1.7360272407531738,
        "P95": 1.7837648391723633,
        "P99": 1.8172624111175537,
        "P100": 1.821324348449707
    },
    "first_token_time_dict": {
        "P25": 0.5652542114257812,
        "P50": 0.6427128314971924,
        "P75": 0.7202997207641602,
        "P90": 0.7686598300933838,
        "P95": 0.8118786811828613,
        "P99": 0.8503801822662354,
        "P100": 0.8556504249572754
    },
    "decode_token_time_dict": {
        "P25": 7.477951800729346,
        "P50": 7.5126614157609115,
        "P75": 7.566408848199319,
        "P90": 7.641255386232391,
        "P95": 12.195478274127629,
        "P99": 13.187960376889686,
        "P100": 13.667714877391424
    }
}