{
    "backend": "triton",
    "clients": 100,
    "request_num": 500,
    "Total QPS": 0.5991469702036555,
    "Avg Input Length": 16469.37,
    "Avg Output Length": 128.0,
    "Total Throughput": 9944.263948849046,
    "Input Throughput": 9867.573136662977,
    "Output Throughput": 9867.573136662977,
    "request_time": {
        "P25": 159.38820433616638,
        "P50": 162.76519918441772,
        "P75": 168.45136833190918,
        "P90": 186.09632110595703,
        "P95": 187.74947094917297,
        "P99": 188.99274039268494,
        "P100": 190.4843394756317
    },
    "first_token_time_dict": {
        "P25": 155.90808701515198,
        "P50": 159.15021800994873,
        "P75": 163.49871516227722,
        "P90": 182.69591450691223,
        "P95": 183.57967567443848,
        "P99": 184.93745756149292,
        "P100": 185.6090440750122
    },
    "decode_token_time_dict": {
        "P25": 21.606218157790778,
        "P50": 29.766826179083875,
        "P75": 35.953709459680276,
        "P90": 39.27375200226551,
        "P95": 40.90103389709953,
        "P99": 44.61062799288532,
        "P100": 165.45657661017472
    }
}