{
    "backend": "triton",
    "clients": 25,
    "request_num": 500,
    "Total QPS": 1.3220778726746059,
    "Avg Input Length": 8250.884,
    "Avg Output Length": 128.0,
    "Total Throughput": 11077.537134107291,
    "Input Throughput": 10908.311166404941,
    "Output Throughput": 10908.311166404941,
    "request_time": {
        "P25": 17.159188270568848,
        "P50": 19.296478748321533,
        "P75": 20.19471263885498,
        "P90": 21.312133312225342,
        "P95": 21.70234203338623,
        "P99": 22.2210590839386,
        "P100": 37.10369396209717
    },
    "first_token_time_dict": {
        "P25": 11.57208251953125,
        "P50": 15.046723365783691,
        "P75": 17.18070650100708,
        "P90": 18.682515382766724,
        "P95": 19.11432123184204,
        "P99": 19.30328392982483,
        "P100": 21.752135276794434
    },
    "decode_token_time_dict": {
        "P25": 17.436053809218517,
        "P50": 23.43328355804203,
        "P75": 46.056550318800554,
        "P90": 92.8540379982295,
        "P95": 120.87841484490342,
        "P99": 156.31100887388695,
        "P100": 163.8109627671129
    }
}