{
    "backend": "triton",
    "clients": 10,
    "request_num": 500,
    "Total QPS": 1.2414721455544255,
    "Avg Input Length": 8250.884,
    "Avg Output Length": 128.0,
    "Total Throughput": 10402.151096831647,
    "Input Throughput": 10243.24266220068,
    "Output Throughput": 10243.24266220068,
    "request_time": {
        "P25": 7.380926132202148,
        "P50": 8.029622554779053,
        "P75": 8.652541399002075,
        "P90": 9.320097208023071,
        "P95": 9.772213220596313,
        "P99": 10.199958801269531,
        "P100": 10.41176724433899
    },
    "first_token_time_dict": {
        "P25": 5.741920232772827,
        "P50": 6.6607770919799805,
        "P75": 7.3439781665802,
        "P90": 8.000901460647583,
        "P95": 8.440361261367798,
        "P99": 8.869789361953735,
        "P100": 8.884866952896118
    },
    "decode_token_time_dict": {
        "P25": 9.714672884603186,
        "P50": 9.94857652919499,
        "P75": 10.193224028339536,
        "P90": 18.84082921846645,
        "P95": 59.93371873390017,
        "P99": 69.22013553108756,
        "P100": 75.58336971312995
    }
}