{
    "backend": "triton",
    "clients": 10,
    "request_num": 500,
    "Total QPS": 2.3562501908345674,
    "Avg Input Length": 4125.696,
    "Avg Output Length": 128.0,
    "Total Throughput": 10022.772011752237,
    "Input Throughput": 9721.171987325411,
    "Output Throughput": 9721.171987325411,
    "request_time": {
        "P25": 3.926589012145996,
        "P50": 4.202045679092407,
        "P75": 4.52213716506958,
        "P90": 4.816861391067505,
        "P95": 4.95801854133606,
        "P99": 5.228303909301758,
        "P100": 5.236322641372681
    },
    "first_token_time_dict": {
        "P25": 2.6931698322296143,
        "P50": 3.079716205596924,
        "P75": 3.386514902114868,
        "P90": 3.6846818923950195,
        "P95": 3.8089756965637207,
        "P99": 4.075171709060669,
        "P100": 4.080602645874023
    },
    "decode_token_time_dict": {
        "P25": 8.593031740564061,
        "P50": 8.715785394503376,
        "P75": 8.865240051990419,
        "P90": 9.133181234044352,
        "P95": 31.72809307969461,
        "P99": 35.570621490478516,
        "P100": 38.573075467207296
    }
}