{
    "backend": "triton",
    "clients": 100,
    "request_num": 500,
    "Total QPS": 1.3378969285890936,
    "Avg Input Length": 8250.884,
    "Avg Output Length": 128.0,
    "Total Throughput": 11210.0831686043,
    "Input Throughput": 11038.832361744895,
    "Output Throughput": 11038.832361744895,
    "request_time": {
        "P25": 62.54953742027283,
        "P50": 80.39775371551514,
        "P75": 83.28230214118958,
        "P90": 83.85893368721008,
        "P95": 84.09045028686523,
        "P99": 84.58361887931824,
        "P100": 84.76488161087036
    },
    "first_token_time_dict": {
        "P25": 60.20998811721802,
        "P50": 78.45142459869385,
        "P75": 80.9125726222992,
        "P90": 81.24212121963501,
        "P95": 81.46772456169128,
        "P99": 81.6604552268982,
        "P100": 81.85741329193115
    },
    "decode_token_time_dict": {
        "P25": 16.56206574026994,
        "P50": 19.15528642849659,
        "P75": 21.210484617338405,
        "P90": 22.513766927043285,
        "P95": 23.27253874831312,
        "P99": 24.289703744602956,
        "P100": 162.44118795620173
    }
}