{
    "backend": "triton",
    "clients": 25,
    "request_num": 500,
    "Total QPS": 8.326921234876854,
    "Avg Input Length": 1031.778,
    "Avg Output Length": 128.0,
    "Total Throughput": 9657.380055943007,
    "Input Throughput": 8591.53413787877,
    "Output Throughput": 8591.53413787877,
    "request_time": {
        "P25": 2.8018295764923096,
        "P50": 3.031878709793091,
        "P75": 3.136019706726074,
        "P90": 3.217017889022827,
        "P95": 3.272514581680298,
        "P99": 3.3674097061157227,
        "P100": 3.378159761428833
    },
    "first_token_time_dict": {
        "P25": 1.6345014572143555,
        "P50": 1.876241683959961,
        "P75": 1.9783787727355957,
        "P90": 2.058357000350952,
        "P95": 2.0893781185150146,
        "P99": 2.1955058574676514,
        "P100": 2.206059694290161
    },
    "decode_token_time_dict": {
        "P25": 8.986643918855922,
        "P50": 9.06336964584711,
        "P75": 9.12266077957754,
        "P90": 9.269143652728223,
        "P95": 9.53227703965555,
        "P99": 24.04353562302477,
        "P100": 25.879062066866656
    }
}