{
    "backend": "triton",
    "clients": 15,
    "request_num": 500,
    "Total QPS": 2.53298581450909,
    "Avg Input Length": 4125.696,
    "Avg Output Length": 128.0,
    "Total Throughput": 10774.551627234057,
    "Input Throughput": 10450.329442976894,
    "Output Throughput": 10450.329442976894,
    "request_time": {
        "P25": 5.574380159378052,
        "P50": 5.877978086471558,
        "P75": 6.2590413093566895,
        "P90": 6.743727922439575,
        "P95": 6.760966777801514,
        "P99": 6.829182147979736,
        "P100": 6.834298849105835
    },
    "first_token_time_dict": {
        "P25": 4.264971971511841,
        "P50": 4.612329959869385,
        "P75": 5.0395612716674805,
        "P90": 5.519423961639404,
        "P95": 5.538944244384766,
        "P99": 5.607436656951904,
        "P100": 5.614566802978516
    },
    "decode_token_time_dict": {
        "P25": 9.209390700332762,
        "P50": 9.374995869914377,
        "P75": 9.522025040754183,
        "P90": 9.651443151038462,
        "P95": 41.88754614882582,
        "P99": 49.0639472570945,
        "P100": 51.54648165064534
    }
}