{
    "backend": "triton",
    "clients": 100,
    "request_num": 500,
    "Total QPS": 10.403566983174276,
    "Avg Input Length": 1031.778,
    "Avg Output Length": 128.0,
    "Total Throughput": 12065.828108611895,
    "Input Throughput": 10734.171534765588,
    "Output Throughput": 10734.171534765588,
    "request_time": {
        "P25": 9.413834810256958,
        "P50": 9.612977981567383,
        "P75": 9.716885089874268,
        "P90": 9.777385473251343,
        "P95": 9.802488565444946,
        "P99": 9.836493492126465,
        "P100": 9.918521642684937
    },
    "first_token_time_dict": {
        "P25": 7.006665945053101,
        "P50": 7.338820457458496,
        "P75": 7.48610258102417,
        "P90": 7.53128981590271,
        "P95": 7.55048131942749,
        "P99": 7.575775861740112,
        "P100": 7.580853223800659
    },
    "decode_token_time_dict": {
        "P25": 17.343757659431517,
        "P50": 17.475569342065047,
        "P75": 17.719366419033744,
        "P90": 59.63300719974548,
        "P95": 59.73387327719861,
        "P99": 74.38431574603705,
        "P100": 76.0634151969369
    }
}