{
    "backend": "triton",
    "clients": 100,
    "request_num": 500,
    "Total QPS": 2.812001616549086,
    "Avg Input Length": 4125.696,
    "Avg Output Length": 128.0,
    "Total Throughput": 11961.40002830838,
    "Input Throughput": 11601.463821390098,
    "Output Throughput": 11601.463821390098,
    "request_time": {
        "P25": 26.231172800064087,
        "P50": 38.88653349876404,
        "P75": 39.16499876976013,
        "P90": 39.33588910102844,
        "P95": 39.647700786590576,
        "P99": 39.70575547218323,
        "P100": 39.73729658126831
    },
    "first_token_time_dict": {
        "P25": 17.339601278305054,
        "P50": 32.065706729888916,
        "P75": 33.81283378601074,
        "P90": 34.20201921463013,
        "P95": 34.43089580535889,
        "P99": 34.46079707145691,
        "P100": 34.47934627532959
    },
    "decode_token_time_dict": {
        "P25": 40.5999412686806,
        "P50": 50.428497509693536,
        "P75": 53.9916275054451,
        "P90": 121.45857735881656,
        "P95": 136.27422700716755,
        "P99": 150.69275765907108,
        "P100": 153.8728729007751
    }
}