{
    "backend": "triton",
    "clients": 5,
    "request_num": 500,
    "Total QPS": 4.131554170105258,
    "Avg Input Length": 1031.778,
    "Avg Output Length": 128.0,
    "Total Throughput": 4791.685632296336,
    "Input Throughput": 4262.846698522863,
    "Output Throughput": 4262.846698522863,
    "request_time": {
        "P25": 1.1639854907989502,
        "P50": 1.2096333503723145,
        "P75": 1.2508039474487305,
        "P90": 1.2881605625152588,
        "P95": 1.3169214725494385,
        "P99": 1.3271527290344238,
        "P100": 1.3621680736541748
    },
    "first_token_time_dict": {
        "P25": 0.2357652187347412,
        "P50": 0.3078134059906006,
        "P75": 0.35371875762939453,
        "P90": 0.3886382579803467,
        "P95": 0.41710400581359863,
        "P99": 0.42583703994750977,
        "P100": 0.45871782302856445
    },
    "decode_token_time_dict": {
        "P25": 6.905343588881605,
        "P50": 6.955385208129883,
        "P75": 7.071106452641525,
        "P90": 8.895547371211014,
        "P95": 9.228742028784565,
        "P99": 9.714336845818467,
        "P100": 9.895889777836837
    }
}