{
    "backend": "triton",
    "clients": 15,
    "request_num": 500,
    "Total QPS": 1.2868485192227992,
    "Avg Input Length": 8250.884,
    "Avg Output Length": 128.0,
    "Total Throughput": 10782.354468139605,
    "Input Throughput": 10617.637857679087,
    "Output Throughput": 10617.637857679087,
    "request_time": {
        "P25": 10.848640203475952,
        "P50": 11.590568542480469,
        "P75": 12.499078035354614,
        "P90": 13.491382598876953,
        "P95": 13.800807237625122,
        "P99": 14.187590599060059,
        "P100": 14.394492626190186
    },
    "first_token_time_dict": {
        "P25": 9.00941777229309,
        "P50": 9.843369483947754,
        "P75": 10.869702339172363,
        "P90": 11.827297449111938,
        "P95": 12.207709550857544,
        "P99": 12.273198127746582,
        "P100": 12.395079135894775
    },
    "decode_token_time_dict": {
        "P25": 10.97368443106103,
        "P50": 11.517006581223855,
        "P75": 13.207304196094904,
        "P90": 26.298455365999477,
        "P95": 82.46770993931086,
        "P99": 100.62165335407407,
        "P100": 105.99916187797005
    }
}