{
    "backend": "triton",
    "clients": 50,
    "request_num": 500,
    "Total QPS": 1.333708236114963,
    "Avg Input Length": 8250.884,
    "Avg Output Length": 128.0,
    "Total Throughput": 11174.986600251887,
    "Input Throughput": 11004.27194602917,
    "Output Throughput": 11004.27194602917,
    "request_time": {
        "P25": 31.74235725402832,
        "P50": 41.006943225860596,
        "P75": 41.76545858383179,
        "P90": 42.258158922195435,
        "P95": 42.63974595069885,
        "P99": 43.03830552101135,
        "P100": 56.88950562477112
    },
    "first_token_time_dict": {
        "P25": 19.305437326431274,
        "P50": 31.275043964385986,
        "P75": 34.88726258277893,
        "P90": 35.79726529121399,
        "P95": 35.95619487762451,
        "P99": 36.34085416793823,
        "P100": 39.73479604721069
    },
    "decode_token_time_dict": {
        "P25": 48.88095067241999,
        "P50": 68.80333292202687,
        "P75": 84.41825363579697,
        "P90": 110.65738970839132,
        "P95": 132.79694459569734,
        "P99": 137.1060863254577,
        "P100": 164.01909280011034
    }
}