{
    "backend": "triton",
    "clients": 50,
    "request_num": 500,
    "Total QPS": 0.5991915652767662,
    "Avg Input Length": 16469.37,
    "Avg Output Length": 128.0,
    "Total Throughput": 9945.004109777641,
    "Input Throughput": 9868.307589422215,
    "Output Throughput": 9868.307589422215,
    "request_time": {
        "P25": 70.27109575271606,
        "P50": 89.81943154335022,
        "P75": 92.39218020439148,
        "P90": 94.1741554737091,
        "P95": 95.62311220169067,
        "P99": 97.22833609580994,
        "P100": 98.60912299156189
    },
    "first_token_time_dict": {
        "P25": 66.59230303764343,
        "P50": 86.20024085044861,
        "P75": 88.53364992141724,
        "P90": 90.30760383605957,
        "P95": 91.00243711471558,
        "P99": 92.30962371826172,
        "P100": 93.78005337715149
    },
    "decode_token_time_dict": {
        "P25": 21.07746019138126,
        "P50": 29.93094451784149,
        "P75": 35.873873027290884,
        "P90": 39.54664553244283,
        "P95": 42.18327342055914,
        "P99": 45.99272735475555,
        "P100": 166.36863655931367
    }
}