{
    "backend": "triton",
    "clients": 5,
    "request_num": 500,
    "Total QPS": 1.9835889706187173,
    "Avg Input Length": 4125.696,
    "Avg Output Length": 128.0,
    "Total Throughput": 8437.584469964955,
    "Input Throughput": 8183.68508172576,
    "Output Throughput": 8183.68508172576,
    "request_time": {
        "P25": 2.3131229877471924,
        "P50": 2.5163872241973877,
        "P75": 2.7283406257629395,
        "P90": 2.8956499099731445,
        "P95": 3.041130304336548,
        "P99": 3.1683993339538574,
        "P100": 3.205198049545288
    },
    "first_token_time_dict": {
        "P25": 1.067408800125122,
        "P50": 1.4537417888641357,
        "P75": 1.6854336261749268,
        "P90": 1.8740978240966797,
        "P95": 1.9484350681304932,
        "P99": 2.1544511318206787,
        "P100": 2.1834990978240967
    },
    "decode_token_time_dict": {
        "P25": 7.6279827928918555,
        "P50": 7.748968019260196,
        "P75": 7.933436416265533,
        "P90": 17.832517623901367,
        "P95": 19.232372599323902,
        "P99": 21.490339219100832,
        "P100": 23.76106029420387
    }
}