{
    "backend": "openai",
    "clients": 10,
    "request_num": 500,
    "Total QPS": 0.5708656602100128,
    "Avg Input Length": 4125.696,
    "Avg Output Length": 127.576,
    "Total Throughput": 2428.288975372691,
    "Input Throughput": 2355.218170865809,
    "Output Throughput": 2355.218170865809,
    "request_time": {
        "P25": 16.136263132095337,
        "P50": 17.0117449760437,
        "P75": 19.032140731811523,
        "P90": 21.24941396713257,
        "P95": 21.562287092208862,
        "P99": 24.474448442459106,
        "P100": 24.477556705474854
    },
    "first_token_time_dict": {
        "P25": 2.10697865486145,
        "P50": 4.460976839065552,
        "P75": 6.71647047996521,
        "P90": 8.640901565551758,
        "P95": 9.950409650802612,
        "P99": 12.864640235900879,
        "P100": 13.607036828994751
    },
    "decode_token_time_dict": {
        "P25": 81.41925954443263,
        "P50": 97.58659986060435,
        "P75": 120.26226802135078,
        "P90": 134.95187187194824,
        "P95": 149.27678033122865,
        "P99": 169.11942752327505,
        "P100": 190.4676917969711
    }
}