{
    "backend": "openai",
    "clients": 15,
    "request_num": 500,
    "Total QPS": 2.07920319112607,
    "Avg Input Length": 1031.778,
    "Avg Output Length": 127.66,
    "Total Throughput": 2411.4141185978115,
    "Input Throughput": 2145.2761101336746,
    "Output Throughput": 2145.2761101336746,
    "request_time": {
        "P25": 6.973697900772095,
        "P50": 7.125913143157959,
        "P75": 7.299009323120117,
        "P90": 7.412581205368042,
        "P95": 7.5746049880981445,
        "P99": 7.64181661605835,
        "P100": 7.651319265365601
    },
    "first_token_time_dict": {
        "P25": 0.6952934265136719,
        "P50": 0.7532174587249756,
        "P75": 1.2462754249572754,
        "P90": 1.351783037185669,
        "P95": 1.3919737339019775,
        "P99": 1.4415791034698486,
        "P100": 1.592900037765503
    },
    "decode_token_time_dict": {
        "P25": 46.65426381929653,
        "P50": 48.84977791253038,
        "P75": 50.91348220044234,
        "P90": 52.92741144735982,
        "P95": 54.54454040527344,
        "P99": 57.24782943725586,
        "P100": 59.05974943806806
    }
}