{
    "backend": "openai",
    "clients": 10,
    "request_num": 500,
    "Total QPS": 1.576890260103332,
    "Avg Input Length": 1031.778,
    "Avg Output Length": 127.658,
    "Total Throughput": 1828.8426320821222,
    "Input Throughput": 1627.0006787888958,
    "Output Throughput": 1627.0006787888958,
    "request_time": {
        "P25": 6.194912672042847,
        "P50": 6.383490562438965,
        "P75": 6.505642890930176,
        "P90": 6.619791507720947,
        "P95": 6.654990911483765,
        "P99": 6.782617807388306,
        "P100": 6.78599214553833
    },
    "first_token_time_dict": {
        "P25": 0.6581261157989502,
        "P50": 0.7059187889099121,
        "P75": 0.755652904510498,
        "P90": 0.8617837429046631,
        "P95": 0.9715089797973633,
        "P99": 1.1483917236328125,
        "P100": 1.2028758525848389
    },
    "decode_token_time_dict": {
        "P25": 43.209269290833966,
        "P50": 44.43889715540127,
        "P75": 45.72465100626307,
        "P90": 47.57084245756855,
        "P95": 49.45970520259827,
        "P99": 51.67093427162471,
        "P100": 61.432504653930664
    }
}