{
    "backend": "openai",
    "clients": 50,
    "request_num": 500,
    "Total QPS": 0.8691094155066366,
    "Avg Input Length": 4125.696,
    "Avg Output Length": 127.644,
    "Total Throughput": 3696.927244302918,
    "Input Throughput": 3585.681239118069,
    "Output Throughput": 3585.681239118069,
    "request_time": {
        "P25": 56.44776797294617,
        "P50": 57.19133377075195,
        "P75": 59.76534557342529,
        "P90": 60.42618703842163,
        "P95": 61.526407957077026,
        "P99": 61.54766798019409,
        "P100": 61.563939809799194
    },
    "first_token_time_dict": {
        "P25": 10.09555983543396,
        "P50": 20.132396697998047,
        "P75": 32.247501850128174,
        "P90": 39.45650601387024,
        "P95": 42.4876983165741,
        "P99": 45.362348794937134,
        "P100": 47.00382733345032
    },
    "decode_token_time_dict": {
        "P25": 196.25998481990783,
        "P50": 293.20255158439517,
        "P75": 370.20702812615343,
        "P90": 420.1902798780306,
        "P95": 440.648976273424,
        "P99": 465.62657581539605,
        "P100": 478.3017278656246
    }
}