{
    "backend": "openai",
    "clients": 15,
    "request_num": 500,
    "Total QPS": 0.6246654856441854,
    "Avg Input Length": 4125.696,
    "Avg Output Length": 127.53,
    "Total Throughput": 2657.137077622729,
    "Input Throughput": 2577.179895460273,
    "Output Throughput": 2577.179895460273,
    "request_time": {
        "P25": 21.607101678848267,
        "P50": 23.678020000457764,
        "P75": 25.78957962989807,
        "P90": 27.634939432144165,
        "P95": 29.133651971817017,
        "P99": 30.251293897628784,
        "P100": 30.254292964935303
    },
    "first_token_time_dict": {
        "P25": 3.6915764808654785,
        "P50": 6.8603150844573975,
        "P75": 10.482919931411743,
        "P90": 13.348597764968872,
        "P95": 14.512013673782349,
        "P99": 17.35906434059143,
        "P100": 19.14328408241272
    },
    "decode_token_time_dict": {
        "P25": 98.22903251647949,
        "P50": 127.9920968483752,
        "P75": 157.32316332539236,
        "P90": 181.11514106510194,
        "P95": 193.10200871445062,
        "P99": 217.1003180226003,
        "P100": 255.41063717433383
    }
}