{
    "backend": "openai",
    "clients": 15,
    "request_num": 500,
    "Total QPS": 2.91208419600757,
    "Avg Input Length": 1031.778,
    "Avg Output Length": 127.558,
    "Total Throughput": 3377.3711846772676,
    "Input Throughput": 3004.6244075882987,
    "Output Throughput": 3004.6244075882987,
    "request_time": {
        "P25": 4.932889461517334,
        "P50": 5.068892955780029,
        "P75": 5.205073356628418,
        "P90": 5.356753587722778,
        "P95": 5.434185743331909,
        "P99": 5.549827814102173,
        "P100": 5.5534186363220215
    },
    "first_token_time_dict": {
        "P25": 0.5927412509918213,
        "P50": 0.6662251949310303,
        "P75": 1.025463342666626,
        "P90": 1.1211867332458496,
        "P95": 1.1619341373443604,
        "P99": 1.2196226119995117,
        "P100": 1.3305387496948242
    },
    "decode_token_time_dict": {
        "P25": 32.11859455258828,
        "P50": 33.77137221689299,
        "P75": 35.4325846424253,
        "P90": 37.31604636184812,
        "P95": 38.657376146691995,
        "P99": 41.154363962609,
        "P100": 43.023332836121085
    }
}