{
    "backend": "openai",
    "clients": 10,
    "request_num": 500,
    "Total QPS": 0.8568343754659925,
    "Avg Input Length": 4125.696,
    "Avg Output Length": 127.72,
    "Total Throughput": 3644.7129555821903,
    "Input Throughput": 3535.0381555225435,
    "Output Throughput": 3535.0381555225435,
    "request_time": {
        "P25": 10.82764196395874,
        "P50": 11.641081094741821,
        "P75": 12.570643901824951,
        "P90": 13.162917852401733,
        "P95": 13.883301734924316,
        "P99": 14.753091096878052,
        "P100": 14.757181882858276
    },
    "first_token_time_dict": {
        "P25": 1.7443819046020508,
        "P50": 3.0310492515563965,
        "P75": 4.238469362258911,
        "P90": 5.226380825042725,
        "P95": 5.650267124176025,
        "P99": 6.651728630065918,
        "P100": 7.372516632080078
    },
    "decode_token_time_dict": {
        "P25": 56.28723610104539,
        "P50": 66.62107640364039,
        "P75": 78.39005012211837,
        "P90": 87.82055997473049,
        "P95": 93.07866021404116,
        "P99": 104.06842381935421,
        "P100": 113.48538147775751
    }
}