{
    "backend": "openai",
    "clients": 50,
    "request_num": 500,
    "Total QPS": 3.956644477681958,
    "Avg Input Length": 1031.778,
    "Avg Output Length": 127.744,
    "Total Throughput": 4588.829219037026,
    "Input Throughput": 4082.378725893735,
    "Output Throughput": 4082.378725893735,
    "request_time": {
        "P25": 12.332554340362549,
        "P50": 12.619377613067627,
        "P75": 12.853556871414185,
        "P90": 13.00999665260315,
        "P95": 13.229289293289185,
        "P99": 13.242637395858765,
        "P100": 13.260406017303467
    },
    "first_token_time_dict": {
        "P25": 1.3018567562103271,
        "P50": 2.08301043510437,
        "P75": 3.5209388732910156,
        "P90": 4.085777044296265,
        "P95": 4.324169874191284,
        "P99": 4.796571731567383,
        "P100": 4.950249671936035
    },
    "decode_token_time_dict": {
        "P25": 71.85319464976394,
        "P50": 80.31293163149375,
        "P75": 89.70509551641508,
        "P90": 93.81826468340056,
        "P95": 96.17903137207031,
        "P99": 98.72988265330397,
        "P100": 103.10418962493657
    }
}