{
    "backend": "openai",
    "clients": 25,
    "request_num": 500,
    "Total QPS": 2.8013760836705925,
    "Avg Input Length": 1031.778,
    "Avg Output Length": 127.72,
    "Total Throughput": 3248.9743515673126,
    "Input Throughput": 2890.3982128574767,
    "Output Throughput": 2890.3982128574767,
    "request_time": {
        "P25": 8.665879964828491,
        "P50": 8.912466287612915,
        "P75": 9.199672937393188,
        "P90": 9.435352087020874,
        "P95": 9.477121114730835,
        "P99": 9.485595941543579,
        "P100": 9.503848791122437
    },
    "first_token_time_dict": {
        "P25": 0.7273414134979248,
        "P50": 1.3662505149841309,
        "P75": 1.8908827304840088,
        "P90": 2.09782075881958,
        "P95": 2.2292797565460205,
        "P99": 2.5022475719451904,
        "P100": 2.5292890071868896
    },
    "decode_token_time_dict": {
        "P25": 55.1008164413332,
        "P50": 59.3779556394562,
        "P75": 63.428370032723485,
        "P90": 66.57258732112373,
        "P95": 68.31185085566963,
        "P99": 71.80274017458039,
        "P100": 73.89161530442125
    }
}