{
    "backend": "openai",
    "clients": 50,
    "request_num": 500,
    "Total QPS": 1.1831460076272362,
    "Avg Input Length": 4125.696,
    "Avg Output Length": 127.7,
    "Total Throughput": 5032.743440059944,
    "Input Throughput": 4881.300751083658,
    "Output Throughput": 4881.300751083658,
    "request_time": {
        "P25": 42.373045206069946,
        "P50": 43.294578075408936,
        "P75": 43.86793279647827,
        "P90": 44.16915464401245,
        "P95": 44.89005398750305,
        "P99": 66.42941403388977,
        "P100": 66.65105819702148
    },
    "first_token_time_dict": {
        "P25": 24.589055061340332,
        "P50": 27.854767084121704,
        "P75": 31.601784229278564,
        "P90": 34.2232186794281,
        "P95": 35.16108226776123,
        "P99": 45.13034439086914,
        "P100": 46.936219930648804
    },
    "decode_token_time_dict": {
        "P25": 83.77642143429733,
        "P50": 108.94863248810054,
        "P75": 135.89024168299878,
        "P90": 153.18572051881804,
        "P95": 160.26897317781223,
        "P99": 169.45443941852238,
        "P100": 171.846558728556
    }
}