{
    "backend": "openai",
    "clients": 10,
    "request_num": 500,
    "Total QPS": 2.161852070917319,
    "Avg Input Length": 1031.778,
    "Avg Output Length": 127.684,
    "Total Throughput": 2507.268471104346,
    "Input Throughput": 2230.5514060269293,
    "Output Throughput": 2230.5514060269293,
    "request_time": {
        "P25": 4.53725266456604,
        "P50": 4.654100656509399,
        "P75": 4.7309815883636475,
        "P90": 4.797322750091553,
        "P95": 4.835224866867065,
        "P99": 4.912160158157349,
        "P100": 4.916354417800903
    },
    "first_token_time_dict": {
        "P25": 0.5736474990844727,
        "P50": 0.6212852001190186,
        "P75": 0.6640267372131348,
        "P90": 0.7470493316650391,
        "P95": 0.8011109828948975,
        "P99": 0.8431494235992432,
        "P100": 0.9468166828155518
    },
    "decode_token_time_dict": {
        "P25": 30.793535427784356,
        "P50": 31.56655416713925,
        "P75": 32.25486860500546,
        "P90": 33.729243466234585,
        "P95": 35.732319974523826,
        "P99": 37.1289403419795,
        "P100": 52.23518212636312
    }
}