{
    "backend": "openai",
    "clients": 50,
    "request_num": 500,
    "Total QPS": 5.2383004812829945,
    "Avg Input Length": 1031.778,
    "Avg Output Length": 127.57,
    "Total Throughput": 6075.265655581428,
    "Input Throughput": 5404.763193977205,
    "Output Throughput": 5404.763193977205,
    "request_time": {
        "P25": 9.412372589111328,
        "P50": 9.493538618087769,
        "P75": 9.657658338546753,
        "P90": 9.845679521560669,
        "P95": 9.858391284942627,
        "P99": 9.869623899459839,
        "P100": 9.893135786056519
    },
    "first_token_time_dict": {
        "P25": 1.1603906154632568,
        "P50": 1.7589929103851318,
        "P75": 2.7920243740081787,
        "P90": 3.2738592624664307,
        "P95": 3.405806541442871,
        "P99": 3.7158966064453125,
        "P100": 3.8123342990875244
    },
    "decode_token_time_dict": {
        "P25": 53.15490594999058,
        "P50": 59.84901818703479,
        "P75": 66.24175056697815,
        "P90": 70.33337195088545,
        "P95": 72.01552766514575,
        "P99": 74.14765057601328,
        "P100": 77.13419264489478
    }
}