{
    "backend": "openai",
    "clients": 5,
    "request_num": 500,
    "Total QPS": 0.6664127063048628,
    "Avg Input Length": 4125.696,
    "Avg Output Length": 127.66,
    "Total Throughput": 2834.7170631581694,
    "Input Throughput": 2749.416236751147,
    "Output Throughput": 2749.416236751147,
    "request_time": {
        "P25": 6.573700666427612,
        "P50": 7.382909297943115,
        "P75": 8.169950723648071,
        "P90": 9.080155849456787,
        "P95": 9.363828182220459,
        "P99": 9.744211196899414,
        "P100": 10.059704780578613
    },
    "first_token_time_dict": {
        "P25": 1.0247528553009033,
        "P50": 1.4870779514312744,
        "P75": 2.218475341796875,
        "P90": 2.7259960174560547,
        "P95": 3.062359094619751,
        "P99": 3.887035608291626,
        "P100": 4.046940088272095
    },
    "decode_token_time_dict": {
        "P25": 40.50816888884297,
        "P50": 44.76056699677715,
        "P75": 50.97248422817921,
        "P90": 58.86078444052869,
        "P95": 62.90242052453709,
        "P99": 69.6098485330897,
        "P100": 72.65379860645204
    }
}