{
    "backend": "openai",
    "clients": 25,
    "request_num": 500,
    "Total QPS": 0.7485748784871182,
    "Avg Input Length": 4125.696,
    "Avg Output Length": 127.674,
    "Total Throughput": 3184.209966321141,
    "Input Throughput": 3088.39238187479,
    "Output Throughput": 3088.39238187479,
    "request_time": {
        "P25": 30.39327573776245,
        "P50": 32.75084924697876,
        "P75": 35.33311319351196,
        "P90": 37.04705238342285,
        "P95": 38.93895196914673,
        "P99": 44.246870279312134,
        "P100": 44.26635193824768
    },
    "first_token_time_dict": {
        "P25": 5.1625165939331055,
        "P50": 10.124889373779297,
        "P75": 15.870645523071289,
        "P90": 19.571835041046143,
        "P95": 21.840632915496826,
        "P99": 28.66695737838745,
        "P100": 30.6792631149292
    },
    "decode_token_time_dict": {
        "P25": 129.95366599616105,
        "P50": 173.12538154481902,
        "P75": 220.72164092476913,
        "P90": 254.08203207601716,
        "P95": 267.160729160459,
        "P99": 329.6065199093556,
        "P100": 344.13808537280465
    }
}