{
    "backend": "openai",
    "clients": 25,
    "request_num": 500,
    "Total QPS": 1.1675398878530892,
    "Avg Input Length": 4125.696,
    "Avg Output Length": 127.636,
    "Total Throughput": 4966.359750801134,
    "Input Throughput": 4816.914645155939,
    "Output Throughput": 4816.914645155939,
    "request_time": {
        "P25": 19.26845932006836,
        "P50": 21.134934186935425,
        "P75": 22.186920166015625,
        "P90": 23.00082230567932,
        "P95": 23.46087884902954,
        "P99": 41.616289138793945,
        "P100": 46.467103004455566
    },
    "first_token_time_dict": {
        "P25": 4.104738235473633,
        "P50": 7.192060232162476,
        "P75": 10.45299744606018,
        "P90": 12.812562227249146,
        "P95": 13.557661056518555,
        "P99": 22.811126470565796,
        "P100": 25.57482123374939
    },
    "decode_token_time_dict": {
        "P25": 79.90442861722211,
        "P50": 106.32205197191614,
        "P75": 132.2590553854394,
        "P90": 151.91782741096077,
        "P95": 159.4189396054726,
        "P99": 172.64684917419913,
        "P100": 207.82575656458275
    }
}