{
    "backend": "openai",
    "clients": 5,
    "request_num": 500,
    "Total QPS": 0.9785955083454864,
    "Avg Input Length": 1031.778,
    "Avg Output Length": 127.646,
    "Total Throughput": 1134.9535414779116,
    "Input Throughput": 1009.6933164096893,
    "Output Throughput": 1009.6933164096893,
    "request_time": {
        "P25": 4.932860851287842,
        "P50": 5.118353605270386,
        "P75": 5.245316743850708,
        "P90": 5.38306736946106,
        "P95": 5.4407079219818115,
        "P99": 5.517979621887207,
        "P100": 5.5375072956085205
    },
    "first_token_time_dict": {
        "P25": 0.32134580612182617,
        "P50": 0.39702749252319336,
        "P75": 0.4546537399291992,
        "P90": 0.5052080154418945,
        "P95": 0.5232679843902588,
        "P99": 0.5567255020141602,
        "P100": 0.6295053958892822
    },
    "decode_token_time_dict": {
        "P25": 36.404624698668954,
        "P50": 37.342253632432836,
        "P75": 38.326008113350454,
        "P90": 39.58501778249666,
        "P95": 40.5085394459386,
        "P99": 42.12819862365723,
        "P100": 44.99420553150744
    }
}