{
    "backend": "openai",
    "clients": 15,
    "request_num": 500,
    "Total QPS": 1.0008269978095499,
    "Avg Input Length": 4125.696,
    "Avg Output Length": 127.692,
    "Total Throughput": 4257.213797274491,
    "Input Throughput": 4129.107941554868,
    "Output Throughput": 4129.107941554868,
    "request_time": {
        "P25": 14.00275993347168,
        "P50": 14.778491258621216,
        "P75": 15.801944971084595,
        "P90": 16.831497192382812,
        "P95": 17.958757638931274,
        "P99": 19.067654371261597,
        "P100": 19.07207202911377
    },
    "first_token_time_dict": {
        "P25": 2.3604745864868164,
        "P50": 4.223420143127441,
        "P75": 6.195571184158325,
        "P90": 7.404065847396851,
        "P95": 8.340703248977661,
        "P99": 9.611578702926636,
        "P100": 11.106907844543457
    },
    "decode_token_time_dict": {
        "P25": 66.3276424407959,
        "P50": 82.75160076111321,
        "P75": 97.83467720812699,
        "P90": 109.71612442196823,
        "P95": 115.00573345995325,
        "P99": 127.93227255813719,
        "P100": 145.82621394179938
    }
}