{
    "backend": "openai",
    "clients": 100,
    "request_num": 500,
    "Total QPS": 1.1737474827131071,
    "Avg Input Length": 4125.696,
    "Avg Output Length": 127.714,
    "Total Throughput": 4992.7649722268125,
    "Input Throughput": 4842.525294439535,
    "Output Throughput": 4842.525294439535,
    "request_time": {
        "P25": 76.28982591629028,
        "P50": 86.21816086769104,
        "P75": 88.88005876541138,
        "P90": 89.36984658241272,
        "P95": 90.39462637901306,
        "P99": 108.7396092414856,
        "P100": 110.95026397705078
    },
    "first_token_time_dict": {
        "P25": 63.28359055519104,
        "P50": 70.05752944946289,
        "P75": 74.30448508262634,
        "P90": 77.62056875228882,
        "P95": 79.6953010559082,
        "P99": 89.72090458869934,
        "P100": 91.41896557807922
    },
    "decode_token_time_dict": {
        "P25": 84.03842655692513,
        "P50": 112.23260248739889,
        "P75": 141.0256596062127,
        "P90": 156.95970828138937,
        "P95": 164.9983248372716,
        "P99": 175.42660522460938,
        "P100": 181.21637134101448
    }
}