{
    "backend": "openai",
    "clients": 100,
    "request_num": 500,
    "Total QPS": 5.56769631281837,
    "Avg Input Length": 1031.778,
    "Avg Output Length": 127.7,
    "Total Throughput": 6457.291694287864,
    "Input Throughput": 5744.626566247112,
    "Output Throughput": 5744.626566247112,
    "request_time": {
        "P25": 17.690388441085815,
        "P50": 17.813950777053833,
        "P75": 18.202585458755493,
        "P90": 18.39907145500183,
        "P95": 18.416053533554077,
        "P99": 18.452056407928467,
        "P100": 18.470486164093018
    },
    "first_token_time_dict": {
        "P25": 2.4418959617614746,
        "P50": 4.693208932876587,
        "P75": 6.735050201416016,
        "P90": 7.8501012325286865,
        "P95": 8.257395505905151,
        "P99": 8.78162670135498,
        "P100": 8.962572813034058
    },
    "decode_token_time_dict": {
        "P25": 89.00902590413732,
        "P50": 106.55928596736878,
        "P75": 123.45459517531508,
        "P90": 133.17060470581055,
        "P95": 134.36388593959057,
        "P99": 139.26920928354338,
        "P100": 143.8386778193196
    }
}