{
    "backend": "openai",
    "clients": 25,
    "request_num": 500,
    "Total QPS": 3.7185369632895933,
    "Avg Input Length": 1031.778,
    "Avg Output Length": 127.618,
    "Total Throughput": 4312.677362210078,
    "Input Throughput": 3836.70463090901,
    "Output Throughput": 3836.70463090901,
    "request_time": {
        "P25": 6.483078956604004,
        "P50": 6.719235181808472,
        "P75": 6.897187948226929,
        "P90": 7.1173529624938965,
        "P95": 7.130128383636475,
        "P99": 7.191409111022949,
        "P100": 7.195393800735474
    },
    "first_token_time_dict": {
        "P25": 0.6268670558929443,
        "P50": 1.1402592658996582,
        "P75": 1.6130931377410889,
        "P90": 1.705604076385498,
        "P95": 1.8150804042816162,
        "P99": 2.003929853439331,
        "P100": 2.1627445220947266
    },
    "decode_token_time_dict": {
        "P25": 40.564714431762695,
        "P50": 43.54175807922844,
        "P75": 46.962749300979254,
        "P90": 50.10955238342285,
        "P95": 51.25834998183363,
        "P99": 54.28393806998185,
        "P100": 64.59107784309772
    }
}