{
    "backend": "openai",
    "clients": 100,
    "request_num": 500,
    "Total QPS": 0.9406907809831918,
    "Avg Input Length": 4125.696,
    "Avg Output Length": 127.626,
    "Total Throughput": 4001.412612305079,
    "Input Throughput": 3881.0041923392305,
    "Output Throughput": 3881.0041923392305,
    "request_time": {
        "P25": 104.5214478969574,
        "P50": 107.09344363212585,
        "P75": 107.43285727500916,
        "P90": 113.27933764457703,
        "P95": 113.29503631591797,
        "P99": 113.33149337768555,
        "P100": 113.36560821533203
    },
    "first_token_time_dict": {
        "P25": 21.052385091781616,
        "P50": 45.258320331573486,
        "P75": 68.82479310035706,
        "P90": 82.2447075843811,
        "P95": 85.82442092895508,
        "P99": 90.79066634178162,
        "P100": 96.29698371887207
    },
    "decode_token_time_dict": {
        "P25": 294.9566390570693,
        "P50": 481.28567154951924,
        "P75": 671.2896204370213,
        "P90": 777.067965409887,
        "P95": 823.6564388425331,
        "P99": 883.9990210345411,
        "P100": 1110.4865099794122
    }
}