{
    "backend": "openai",
    "clients": 100,
    "request_num": 500,
    "Total QPS": 6.982033689503107,
    "Avg Input Length": 1031.778,
    "Avg Output Length": 127.698,
    "Total Throughput": 8097.6090683445345,
    "Input Throughput": 7203.908756088137,
    "Output Throughput": 7203.908756088137,
    "request_time": {
        "P25": 12.912820100784302,
        "P50": 13.084931135177612,
        "P75": 13.40129041671753,
        "P90": 13.563790082931519,
        "P95": 13.601290464401245,
        "P99": 26.297760009765625,
        "P100": 26.46072506904602
    },
    "first_token_time_dict": {
        "P25": 1.9046804904937744,
        "P50": 3.747866630554199,
        "P75": 5.170720338821411,
        "P90": 6.162313461303711,
        "P95": 6.5573570728302,
        "P99": 13.656367063522339,
        "P100": 13.707709550857544
    },
    "decode_token_time_dict": {
        "P25": 63.005661401223,
        "P50": 74.90349566842627,
        "P75": 89.14429184020035,
        "P90": 95.41383690721408,
        "P95": 98.9708449896865,
        "P99": 102.96610584409218,
        "P100": 105.19744843009889
    }
}