{
    "backend": "openai",
    "clients": 5,
    "request_num": 500,
    "Total QPS": 1.3351121102370742,
    "Avg Input Length": 1031.778,
    "Avg Output Length": 127.71,
    "Total Throughput": 1548.4336529865336,
    "Input Throughput": 1377.539302876188,
    "Output Throughput": 1377.539302876188,
    "request_time": {
        "P25": 3.6265175342559814,
        "P50": 3.755236864089966,
        "P75": 3.832205295562744,
        "P90": 3.923372745513916,
        "P95": 3.969994306564331,
        "P99": 4.001481771469116,
        "P100": 4.027639865875244
    },
    "first_token_time_dict": {
        "P25": 0.28600168228149414,
        "P50": 0.35326170921325684,
        "P75": 0.4033985137939453,
        "P90": 0.44489526748657227,
        "P95": 0.4701533317565918,
        "P99": 0.4821796417236328,
        "P100": 0.5317976474761963
    },
    "decode_token_time_dict": {
        "P25": 26.193419779379536,
        "P50": 26.840452134139895,
        "P75": 27.47280203451322,
        "P90": 28.693629062081886,
        "P95": 29.29755646412767,
        "P99": 30.392271327221486,
        "P100": 32.6055372604216
    }
}