{
    "backend": "openai",
    "clients": 5,
    "request_num": 500,
    "Total QPS": 0.4616989132545681,
    "Avg Input Length": 4125.696,
    "Avg Output Length": 127.708,
    "Total Throughput": 1963.9268205153032,
    "Input Throughput": 1904.8293596187186,
    "Output Throughput": 1904.8293596187186,
    "request_time": {
        "P25": 9.613584518432617,
        "P50": 10.619122743606567,
        "P75": 11.944718360900879,
        "P90": 13.049746751785278,
        "P95": 13.70065712928772,
        "P99": 14.546623468399048,
        "P100": 15.348344326019287
    },
    "first_token_time_dict": {
        "P25": 1.1057276725769043,
        "P50": 1.8251636028289795,
        "P75": 3.326154947280884,
        "P90": 4.2150232791900635,
        "P95": 4.637566328048706,
        "P99": 6.160998582839966,
        "P100": 6.954059600830078
    },
    "decode_token_time_dict": {
        "P25": 58.187747564841445,
        "P50": 64.43062917454036,
        "P75": 74.8769298313171,
        "P90": 86.88332339910072,
        "P95": 94.48617172241211,
        "P99": 107.6248123889833,
        "P100": 116.42634399293915
    }
}