{
    "backend": "lmdeploy",
    "clients": 5,
    "request_num": 500,
    "Total QPS": 0.2662236159487145,
    "Avg Input Length": 16469.37,
    "Avg Output Length": 126.874,
    "Total Throughput": 4418.611856638716,
    "Input Throughput": 4384.53523379728,
    "Output Throughput": 4384.53523379728,
    "request_time": {
        "P25": 15.602529764175415,
        "P50": 18.652697801589966,
        "P75": 21.696342945098877,
        "P90": 24.356530904769897,
        "P95": 25.707887172698975,
        "P99": 27.83306384086609,
        "P100": 28.002209424972534
    },
    "first_token_time_dict": {
        "P25": 4.917825222015381,
        "P50": 8.569051265716553,
        "P75": 12.892765045166016,
        "P90": 16.61874771118164,
        "P95": 18.4866943359375,
        "P99": 21.785078525543213,
        "P100": 24.53135633468628
    },
    "decode_token_time_dict": {
        "P25": 39.71971027434818,
        "P50": 70.00402987949433,
        "P75": 103.6119782735431,
        "P90": 133.01910105205715,
        "P95": 145.6582754377335,
        "P99": 178.628509006803,
        "P100": 191.44208469088113
    }
}