{
    "backend": "lmdeploy",
    "clients": 25,
    "request_num": 500,
    "Total QPS": 0.8764980453855191,
    "Avg Input Length": 8250.884,
    "Avg Output Length": 126.688,
    "Total Throughput": 7344.075448512,
    "Input Throughput": 7231.883698702653,
    "Output Throughput": 7231.883698702653,
    "request_time": {
        "P25": 25.2668776512146,
        "P50": 28.716917276382446,
        "P75": 31.261221408843994,
        "P90": 33.03108835220337,
        "P95": 33.310460805892944,
        "P99": 33.6335129737854,
        "P100": 33.638831615448
    },
    "first_token_time_dict": {
        "P25": 7.062446355819702,
        "P50": 12.908417224884033,
        "P75": 19.180249214172363,
        "P90": 23.49765658378601,
        "P95": 25.802915334701538,
        "P99": 29.309396266937256,
        "P100": 30.500566005706787
    },
    "decode_token_time_dict": {
        "P25": 68.91044359358531,
        "P50": 116.16391038137769,
        "P75": 169.09617469424293,
        "P90": 203.69307956998313,
        "P95": 220.95908815898594,
        "P99": 243.80468376099117,
        "P100": 253.35653055281864
    }
}