{
    "backend": "lmdeploy",
    "clients": 10,
    "request_num": 500,
    "Total QPS": 1.8825201611015978,
    "Avg Input Length": 4125.696,
    "Avg Output Length": 126.688,
    "Total Throughput": 8007.668479197222,
    "Input Throughput": 7766.705898576218,
    "Output Throughput": 7766.705898576218,
    "request_time": {
        "P25": 4.785733461380005,
        "P50": 5.311252117156982,
        "P75": 5.728114604949951,
        "P90": 6.236757040023804,
        "P95": 6.594555854797363,
        "P99": 6.745845794677734,
        "P100": 6.751524209976196
    },
    "first_token_time_dict": {
        "P25": 1.141911506652832,
        "P50": 1.865905523300171,
        "P75": 2.7165114879608154,
        "P90": 3.2861790657043457,
        "P95": 3.6779305934906006,
        "P99": 4.205967426300049,
        "P100": 4.60441255569458
    },
    "decode_token_time_dict": {
        "P25": 19.27647893390958,
        "P50": 25.875399983118452,
        "P75": 31.885029777647954,
        "P90": 37.01219483027383,
        "P95": 40.184274552360414,
        "P99": 44.6528811203806,
        "P100": 47.81116568852985
    }
}