{
    "backend": "lmdeploy",
    "clients": 5,
    "request_num": 500,
    "Total QPS": 3.0636874589775758,
    "Avg Input Length": 1031.778,
    "Avg Output Length": 126.892,
    "Total Throughput": 3553.197313798095,
    "Input Throughput": 3161.045319048965,
    "Output Throughput": 3161.045319048965,
    "request_time": {
        "P25": 1.5764636993408203,
        "P50": 1.6182551383972168,
        "P75": 1.6568350791931152,
        "P90": 1.6907281875610352,
        "P95": 1.7089014053344727,
        "P99": 1.7396254539489746,
        "P100": 1.7491662502288818
    },
    "first_token_time_dict": {
        "P25": 0.13971924781799316,
        "P50": 0.17381596565246582,
        "P75": 0.20703411102294922,
        "P90": 0.2324061393737793,
        "P95": 0.24838733673095703,
        "P99": 0.27932047843933105,
        "P100": 0.2927112579345703
    },
    "decode_token_time_dict": {
        "P25": 11.246359537518213,
        "P50": 11.390144862825908,
        "P75": 11.62935249389164,
        "P90": 11.922921453203474,
        "P95": 12.084627908373635,
        "P99": 12.372900569249712,
        "P100": 13.884265013415405
    }
}