{
    "backend": "lmdeploy",
    "clients": 25,
    "request_num": 500,
    "Total QPS": 8.570591657969496,
    "Avg Input Length": 1031.778,
    "Avg Output Length": 126.898,
    "Total Throughput": 9939.983651896546,
    "Input Throughput": 8842.94791967645,
    "Output Throughput": 8842.94791967645,
    "request_time": {
        "P25": 2.8041534423828125,
        "P50": 2.8982503414154053,
        "P75": 2.972838878631592,
        "P90": 3.0225067138671875,
        "P95": 3.037046432495117,
        "P99": 3.049748659133911,
        "P100": 3.054805278778076
    },
    "first_token_time_dict": {
        "P25": 0.45175695419311523,
        "P50": 0.6196198463439941,
        "P75": 0.7391953468322754,
        "P90": 0.8424015045166016,
        "P95": 0.878835916519165,
        "P99": 0.936194658279419,
        "P100": 0.9642939567565918
    },
    "decode_token_time_dict": {
        "P25": 16.856329781668528,
        "P50": 17.990613740587992,
        "P75": 19.3693789224776,
        "P90": 20.34923954615517,
        "P95": 21.14837131802998,
        "P99": 22.072214928884353,
        "P100": 22.888102182527867
    }
}