{
    "backend": "lmdeploy",
    "clients": 15,
    "request_num": 500,
    "Total QPS": 0.2992403495142099,
    "Avg Input Length": 16469.37,
    "Avg Output Length": 126.864,
    "Total Throughput": 4966.602799816662,
    "Input Throughput": 4928.300035078843,
    "Output Throughput": 4928.300035078843,
    "request_time": {
        "P25": 45.47555994987488,
        "P50": 50.3475022315979,
        "P75": 53.945215702056885,
        "P90": 59.060957193374634,
        "P95": 61.95329785346985,
        "P99": 64.00472235679626,
        "P100": 64.01084494590759
    },
    "first_token_time_dict": {
        "P25": 11.50767207145691,
        "P50": 21.085575819015503,
        "P75": 32.71808457374573,
        "P90": 42.36893010139465,
        "P95": 46.95849347114563,
        "P99": 54.91245484352112,
        "P100": 59.67511224746704
    },
    "decode_token_time_dict": {
        "P25": 127.28330067225865,
        "P50": 217.7804367882865,
        "P75": 294.6400926226661,
        "P90": 357.32427286723305,
        "P95": 382.1263464670333,
        "P99": 433.05021997482055,
        "P100": 469.919000353132
    }
}