{
    "backend": "lmdeploy",
    "clients": 5,
    "request_num": 500,
    "Total QPS": 1.4698558765827268,
    "Avg Input Length": 4125.696,
    "Avg Output Length": 126.808,
    "Total Throughput": 6252.320062796439,
    "Input Throughput": 6064.17851059385,
    "Output Throughput": 6064.17851059385,
    "request_time": {
        "P25": 2.97505784034729,
        "P50": 3.331796884536743,
        "P75": 3.7306344509124756,
        "P90": 4.058730602264404,
        "P95": 4.298276424407959,
        "P99": 4.511902093887329,
        "P100": 4.705427169799805
    },
    "first_token_time_dict": {
        "P25": 0.753286600112915,
        "P50": 1.1117980480194092,
        "P75": 1.4802992343902588,
        "P90": 1.867476463317871,
        "P95": 2.0664029121398926,
        "P99": 2.5000505447387695,
        "P100": 2.818988800048828
    },
    "decode_token_time_dict": {
        "P25": 14.331798704843672,
        "P50": 16.260101681663876,
        "P75": 20.133328816247364,
        "P90": 23.43681880405971,
        "P95": 25.657888442750963,
        "P99": 28.832126918591953,
        "P100": 30.648977037460085
    }
}