{
    "backend": "lmdeploy",
    "clients": 15,
    "request_num": 500,
    "Total QPS": 6.365505866085109,
    "Avg Input Length": 1031.778,
    "Avg Output Length": 126.914,
    "Total Throughput": 7382.573662356456,
    "Input Throughput": 6567.788911497562,
    "Output Throughput": 6567.788911497562,
    "request_time": {
        "P25": 2.26336932182312,
        "P50": 2.3102121353149414,
        "P75": 2.358217477798462,
        "P90": 2.3963024616241455,
        "P95": 2.433393955230713,
        "P99": 2.4643774032592773,
        "P100": 2.470188617706299
    },
    "first_token_time_dict": {
        "P25": 0.35480451583862305,
        "P50": 0.43190860748291016,
        "P75": 0.5037529468536377,
        "P90": 0.5519261360168457,
        "P95": 0.590796709060669,
        "P99": 0.6206080913543701,
        "P100": 0.6451435089111328
    },
    "decode_token_time_dict": {
        "P25": 14.330769342089456,
        "P50": 14.736718601650663,
        "P75": 15.538225098261757,
        "P90": 16.091467842223153,
        "P95": 16.374601258171932,
        "P99": 17.442953018915084,
        "P100": 19.66379831234614
    }
}