{
    "backend": "lmdeploy",
    "clients": 15,
    "request_num": 500,
    "Total QPS": 2.131326067943423,
    "Avg Input Length": 4125.696,
    "Avg Output Length": 126.778,
    "Total Throughput": 9066.013169906668,
    "Input Throughput": 8793.203433209908,
    "Output Throughput": 8793.203433209908,
    "request_time": {
        "P25": 6.456686019897461,
        "P50": 6.902458667755127,
        "P75": 7.442129373550415,
        "P90": 8.059402704238892,
        "P95": 8.570064067840576,
        "P99": 8.598836660385132,
        "P100": 8.605312824249268
    },
    "first_token_time_dict": {
        "P25": 1.654409646987915,
        "P50": 2.6960551738739014,
        "P75": 3.8633501529693604,
        "P90": 4.784566640853882,
        "P95": 5.166740894317627,
        "P99": 5.935641527175903,
        "P100": 6.361435413360596
    },
    "decode_token_time_dict": {
        "P25": 23.165464401245117,
        "P50": 32.75774963318356,
        "P75": 40.93433751000298,
        "P90": 48.20594144245935,
        "P95": 52.18864433349125,
        "P99": 59.48703440408858,
        "P100": 66.45207405090332
    }
}