{
    "backend": "lmdeploy",
    "clients": 50,
    "request_num": 500,
    "Total QPS": 0.9186610751552771,
    "Avg Input Length": 8250.884,
    "Avg Output Length": 126.684,
    "Total Throughput": 7697.354584041348,
    "Input Throughput": 7579.7659664214725,
    "Output Throughput": 7579.7659664214725,
    "request_time": {
        "P25": 52.855249881744385,
        "P50": 53.89129090309143,
        "P75": 55.3641083240509,
        "P90": 59.13199186325073,
        "P95": 60.41237998008728,
        "P99": 60.43451738357544,
        "P100": 60.440213680267334
    },
    "first_token_time_dict": {
        "P25": 12.737913370132446,
        "P50": 24.17406702041626,
        "P75": 38.14454698562622,
        "P90": 46.44094204902649,
        "P95": 49.59117293357849,
        "P99": 54.02800011634827,
        "P100": 56.85871720314026
    },
    "decode_token_time_dict": {
        "P25": 126.26579072740343,
        "P50": 237.47420878637405,
        "P75": 329.05455051906523,
        "P90": 385.8201901117961,
        "P95": 404.7444907445756,
        "P99": 442.47397165449837,
        "P100": 464.3263230248103
    }
}