{
    "backend": "lmdeploy",
    "clients": 10,
    "request_num": 500,
    "Total QPS": 0.7739977469957035,
    "Avg Input Length": 8250.884,
    "Avg Output Length": 126.69,
    "Total Throughput": 6485.237338338348,
    "Input Throughput": 6386.165626722898,
    "Output Throughput": 6386.165626722898,
    "request_time": {
        "P25": 11.608503103256226,
        "P50": 12.996253728866577,
        "P75": 13.988986253738403,
        "P90": 15.183995008468628,
        "P95": 16.341619729995728,
        "P99": 16.909830808639526,
        "P100": 16.916761875152588
    },
    "first_token_time_dict": {
        "P25": 3.1466140747070312,
        "P50": 5.922003507614136,
        "P75": 8.264652967453003,
        "P90": 10.188538551330566,
        "P95": 11.121458292007446,
        "P99": 12.628886461257935,
        "P100": 14.084906578063965
    },
    "decode_token_time_dict": {
        "P25": 32.9986848528423,
        "P50": 54.955726578122096,
        "P75": 73.391526464432,
        "P90": 89.63746494717067,
        "P95": 97.06611860366095,
        "P99": 110.52813794877794,
        "P100": 118.48782357715424
    }
}