{
    "backend": "lmdeploy",
    "clients": 10,
    "request_num": 500,
    "Total QPS": 4.79392522348319,
    "Avg Input Length": 1031.778,
    "Avg Output Length": 126.842,
    "Total Throughput": 5559.889007840888,
    "Input Throughput": 4946.266579235039,
    "Output Throughput": 4946.266579235039,
    "request_time": {
        "P25": 2.027738332748413,
        "P50": 2.0650973320007324,
        "P75": 2.099820852279663,
        "P90": 2.160230875015259,
        "P95": 2.1765408515930176,
        "P99": 2.2026054859161377,
        "P100": 2.208347797393799
    },
    "first_token_time_dict": {
        "P25": 0.2776017189025879,
        "P50": 0.32148194313049316,
        "P75": 0.35123372077941895,
        "P90": 0.38028550148010254,
        "P95": 0.4068422317504883,
        "P99": 0.45673704147338867,
        "P100": 0.482957124710083
    },
    "decode_token_time_dict": {
        "P25": 13.597075901334248,
        "P50": 13.781767042856368,
        "P75": 14.146547468881758,
        "P90": 14.731914278060671,
        "P95": 14.942594936915807,
        "P99": 15.599583822583396,
        "P100": 18.575678700986114
    }
}