{
    "backend": "lmdeploy",
    "clients": 100,
    "request_num": 500,
    "Total QPS": 0.9293917771480725,
    "Avg Input Length": 8250.884,
    "Avg Output Length": 126.718,
    "Total Throughput": 7787.2658912775505,
    "Input Throughput": 7668.303743802597,
    "Output Throughput": 7668.303743802597,
    "request_time": {
        "P25": 105.5650544166565,
        "P50": 109.25095224380493,
        "P75": 110.30174970626831,
        "P90": 110.97392249107361,
        "P95": 111.0010974407196,
        "P99": 111.02198243141174,
        "P100": 111.02601742744446
    },
    "first_token_time_dict": {
        "P25": 27.25023889541626,
        "P50": 51.642906665802,
        "P75": 77.23659706115723,
        "P90": 92.61360001564026,
        "P95": 98.68516898155212,
        "P99": 104.71730279922485,
        "P100": 106.26508283615112
    },
    "decode_token_time_dict": {
        "P25": 231.37805386195106,
        "P50": 440.0420169981699,
        "P75": 636.9356295419118,
        "P90": 750.1716027184139,
        "P95": 788.6308677612789,
        "P99": 839.4442342576527,
        "P100": 854.2804680173359
    }
}