{
    "backend": "lmdeploy",
    "clients": 100,
    "request_num": 500,
    "Total QPS": 0.31592039283938717,
    "Avg Input Length": 16469.37,
    "Avg Output Length": 126.9,
    "Total Throughput": 5243.44765050066,
    "Input Throughput": 5203.009840217218,
    "Output Throughput": 5203.009840217218,
    "request_time": {
        "P25": 244.0174262523651,
        "P50": 248.890864610672,
        "P75": 358.58134603500366,
        "P90": 490.0319826602936,
        "P95": 490.4372203350067,
        "P99": 494.32299518585205,
        "P100": 722.2889533042908
    },
    "first_token_time_dict": {
        "P25": 115.27743124961853,
        "P50": 184.51800441741943,
        "P75": 242.47428607940674,
        "P90": 293.5962996482849,
        "P95": 312.62242317199707,
        "P99": 331.6227159500122,
        "P100": 346.14243745803833
    },
    "decode_token_time_dict": {
        "P25": 442.21323823171946,
        "P50": 933.0193220622955,
        "P75": 1332.5085375044082,
        "P90": 1748.7710127754817,
        "P95": 1848.0971389346653,
        "P99": 1969.8527786466811,
        "P100": 3674.756982969859
    }
}