{
    "backend": "lmdeploy",
    "clients": 25,
    "request_num": 500,
    "Total QPS": 0.30712647017393796,
    "Avg Input Length": 16469.37,
    "Avg Output Length": 126.902,
    "Total Throughput": 5097.491662270812,
    "Input Throughput": 5058.179474088548,
    "Output Throughput": 5058.179474088548,
    "request_time": {
        "P25": 71.13801789283752,
        "P50": 81.44658088684082,
        "P75": 88.43699979782104,
        "P90": 94.23705506324768,
        "P95": 97.70792412757874,
        "P99": 98.97229981422424,
        "P100": 98.9812536239624
    },
    "first_token_time_dict": {
        "P25": 17.85874605178833,
        "P50": 35.133914947509766,
        "P75": 54.67910361289978,
        "P90": 69.52665591239929,
        "P95": 77.39527535438538,
        "P99": 87.39036011695862,
        "P100": 94.58273124694824
    },
    "decode_token_time_dict": {
        "P25": 203.56805173177565,
        "P50": 346.97115799737355,
        "P75": 498.7735634758359,
        "P90": 602.4988549096244,
        "P95": 644.5655993052891,
        "P99": 702.4368350467985,
        "P100": 748.8136026594374
    }
}