{
    "backend": "lmdeploy",
    "clients": 15,
    "request_num": 500,
    "Total QPS": 0.8289348784534557,
    "Avg Input Length": 8250.884,
    "Avg Output Length": 126.682,
    "Total Throughput": 6945.549190115606,
    "Input Throughput": 6839.445525673563,
    "Output Throughput": 6839.445525673563,
    "request_time": {
        "P25": 16.66015911102295,
        "P50": 17.863954544067383,
        "P75": 19.144917726516724,
        "P90": 21.049875736236572,
        "P95": 21.927415132522583,
        "P99": 22.395922660827637,
        "P100": 22.402008771896362
    },
    "first_token_time_dict": {
        "P25": 4.68291974067688,
        "P50": 8.356992244720459,
        "P75": 12.048923015594482,
        "P90": 14.477722406387329,
        "P95": 15.887031078338623,
        "P99": 18.17710304260254,
        "P100": 19.416470050811768
    },
    "decode_token_time_dict": {
        "P25": 44.82772425999717,
        "P50": 73.11412455543639,
        "P75": 102.30182844495016,
        "P90": 124.47372504643032,
        "P95": 134.0987247134012,
        "P99": 154.54456730494422,
        "P100": 161.38212264530242
    }
}