{
    "backend": "lmdeploy",
    "clients": 10,
    "request_num": 500,
    "Total QPS": 0.28893015517282733,
    "Avg Input Length": 16469.37,
    "Avg Output Length": 126.856,
    "Total Throughput": 4795.480689560829,
    "Input Throughput": 4758.497629698707,
    "Output Throughput": 4758.497629698707,
    "request_time": {
        "P25": 30.50707221031189,
        "P50": 34.7937707901001,
        "P75": 38.66807508468628,
        "P90": 42.32616972923279,
        "P95": 43.40931677818298,
        "P99": 46.98063635826111,
        "P100": 46.98637557029724
    },
    "first_token_time_dict": {
        "P25": 7.813844680786133,
        "P50": 14.446317911148071,
        "P75": 22.855119943618774,
        "P90": 29.801530122756958,
        "P95": 32.880470514297485,
        "P99": 38.632630586624146,
        "P100": 42.91364860534668
    },
    "decode_token_time_dict": {
        "P25": 88.47712335132417,
        "P50": 149.96954372950964,
        "P75": 205.0617914351206,
        "P90": 245.00242112174865,
        "P95": 270.5448411759876,
        "P99": 314.46945667266846,
        "P100": 333.5528146652949
    }
}