{
    "backend": "lmdeploy",
    "clients": 50,
    "request_num": 500,
    "Total QPS": 2.663664986728003,
    "Avg Input Length": 4125.696,
    "Avg Output Length": 126.782,
    "Total Throughput": 11330.421099384961,
    "Input Throughput": 10989.471981083776,
    "Output Throughput": 10989.471981083776,
    "request_time": {
        "P25": 17.99242353439331,
        "P50": 18.40711545944214,
        "P75": 19.2654128074646,
        "P90": 20.47928524017334,
        "P95": 20.781381607055664,
        "P99": 20.801799774169922,
        "P100": 20.809674739837646
    },
    "first_token_time_dict": {
        "P25": 4.412744522094727,
        "P50": 8.005798101425171,
        "P75": 12.175324440002441,
        "P90": 14.555363178253174,
        "P95": 15.628004312515259,
        "P99": 17.599703073501587,
        "P100": 18.006953477859497
    },
    "decode_token_time_dict": {
        "P25": 52.291419770982536,
        "P50": 83.96269026256743,
        "P75": 114.08907648116823,
        "P90": 131.80063073597256,
        "P95": 137.49138514200845,
        "P99": 148.67734341394333,
        "P100": 156.72929703243196
    }
}