{
    "backend": "lmdeploy",
    "clients": 100,
    "request_num": 500,
    "Total QPS": 15.174701922293503,
    "Avg Input Length": 1031.778,
    "Avg Output Length": 126.878,
    "Total Throughput": 17599.285446033715,
    "Input Throughput": 15656.923599980144,
    "Output Throughput": 15656.923599980144,
    "request_time": {
        "P25": 5.432550430297852,
        "P50": 6.829181671142578,
        "P75": 7.213035345077515,
        "P90": 7.655884265899658,
        "P95": 7.757360219955444,
        "P99": 7.778861999511719,
        "P100": 7.785738229751587
    },
    "first_token_time_dict": {
        "P25": 1.748138666152954,
        "P50": 2.5603506565093994,
        "P75": 3.1851348876953125,
        "P90": 3.9525418281555176,
        "P95": 4.2393529415130615,
        "P99": 4.704750061035156,
        "P100": 5.197133541107178
    },
    "decode_token_time_dict": {
        "P25": 25.46957182505774,
        "P50": 31.813706670488628,
        "P75": 37.05448006826734,
        "P90": 42.265642256963815,
        "P95": 47.626028060913086,
        "P99": 52.469474928719656,
        "P100": 54.70641832503061
    }
}