{
    "backend": "lmdeploy",
    "clients": 5,
    "request_num": 500,
    "Total QPS": 0.6719411968403391,
    "Avg Input Length": 8250.884,
    "Avg Output Length": 126.696,
    "Total Throughput": 5630.1173431463685,
    "Input Throughput": 5544.1088699508055,
    "Output Throughput": 5544.1088699508055,
    "request_time": {
        "P25": 6.449646711349487,
        "P50": 7.425832748413086,
        "P75": 8.373011350631714,
        "P90": 9.18611764907837,
        "P95": 9.658939838409424,
        "P99": 10.185017347335815,
        "P100": 10.678907871246338
    },
    "first_token_time_dict": {
        "P25": 2.0030946731567383,
        "P50": 3.2546892166137695,
        "P75": 4.535040378570557,
        "P90": 5.6010730266571045,
        "P95": 6.17843222618103,
        "P99": 7.279965400695801,
        "P100": 8.154302835464478
    },
    "decode_token_time_dict": {
        "P25": 20.676658267066593,
        "P50": 29.741625937204514,
        "P75": 40.96680974203443,
        "P90": 51.40254611060733,
        "P95": 56.02392387390137,
        "P99": 64.77642626989454,
        "P100": 67.59003067016602
    }
}