{
    "backend": "lmdeploy",
    "clients": 25,
    "request_num": 500,
    "Total QPS": 2.388320983387776,
    "Avg Input Length": 4125.696,
    "Avg Output Length": 126.744,
    "Total Throughput": 10159.191413752647,
    "Input Throughput": 9853.486327879013,
    "Output Throughput": 9853.486327879013,
    "request_time": {
        "P25": 9.160950183868408,
        "P50": 10.28096079826355,
        "P75": 11.260120391845703,
        "P90": 12.247132301330566,
        "P95": 12.457534790039062,
        "P99": 12.478474140167236,
        "P100": 12.484259366989136
    },
    "first_token_time_dict": {
        "P25": 2.35866117477417,
        "P50": 4.182576656341553,
        "P75": 6.211664438247681,
        "P90": 7.4893248081207275,
        "P95": 8.241244792938232,
        "P99": 9.71204423904419,
        "P100": 9.940342903137207
    },
    "decode_token_time_dict": {
        "P25": 31.479252709282772,
        "P50": 47.93633165813628,
        "P75": 63.64584915221684,
        "P90": 74.61738207983592,
        "P95": 79.50510486723884,
        "P99": 88.622804671999,
        "P100": 100.98185945064463
    }
}