{
    "backend": "lmdeploy",
    "clients": 50,
    "request_num": 500,
    "Total QPS": 0.3136223253920588,
    "Avg Input Length": 16469.37,
    "Avg Output Length": 126.84,
    "Total Throughput": 5205.305774792396,
    "Input Throughput": 5165.162117142212,
    "Output Throughput": 5165.162117142212,
    "request_time": {
        "P25": 153.85129594802856,
        "P50": 157.55718755722046,
        "P75": 164.2335798740387,
        "P90": 173.97723388671875,
        "P95": 174.3946635723114,
        "P99": 174.41421175003052,
        "P100": 174.42047929763794
    },
    "first_token_time_dict": {
        "P25": 33.515668630599976,
        "P50": 70.257807970047,
        "P75": 105.25429081916809,
        "P90": 134.87825083732605,
        "P95": 145.91738939285278,
        "P99": 159.2893147468567,
        "P100": 169.2460196018219
    },
    "decode_token_time_dict": {
        "P25": 422.7292310623896,
        "P50": 705.5776403063819,
        "P75": 994.306138583592,
        "P90": 1155.5744031118968,
        "P95": 1214.8471313809591,
        "P99": 1334.8733470553445,
        "P100": 1358.2233985265095
    }
}