{
    "backend": "lmdeploy",
    "clients": 50,
    "request_num": 500,
    "Total QPS": 12.963420355220313,
    "Avg Input Length": 1031.778,
    "Avg Output Length": 126.836,
    "Total Throughput": 15034.689732736702,
    "Input Throughput": 13375.371927268503,
    "Output Throughput": 13375.371927268503,
    "request_time": {
        "P25": 3.775500535964966,
        "P50": 3.8025190830230713,
        "P75": 3.839874029159546,
        "P90": 3.967036247253418,
        "P95": 3.979750633239746,
        "P99": 3.998905658721924,
        "P100": 4.004804849624634
    },
    "first_token_time_dict": {
        "P25": 0.7092375755310059,
        "P50": 0.9996592998504639,
        "P75": 1.3525900840759277,
        "P90": 1.5435206890106201,
        "P95": 1.5763874053955078,
        "P99": 1.7135705947875977,
        "P100": 1.747359275817871
    },
    "decode_token_time_dict": {
        "P25": 19.26838973211864,
        "P50": 22.44252817971366,
        "P75": 24.633575999547563,
        "P90": 26.222176021999783,
        "P95": 27.414912269228978,
        "P99": 28.231435351901585,
        "P100": 29.24672005668519
    }
}