{
    "backend": "lmdeploy",
    "clients": 100,
    "request_num": 494,
    "Total QPS": 2.643906930297575,
    "Avg Input Length": 16469.37,
    "Avg Output Length": 126.88461538461539,
    "Total Throughput": 44414.88012926423,
    "Input Throughput": 44072.34967675604,
    "Output Throughput": 44072.34967675604,
    "request_time": {
        "P25": 36.37304759025574,
        "P50": 37.5899658203125,
        "P75": 38.75782370567322,
        "P90": 39.86039972305298,
        "P95": 47.29041266441345,
        "P99": 56.467693567276,
        "P100": 58.84521484375
    },
    "first_token_time_dict": {
        "P25": 13.39514446258545,
        "P50": 14.694137811660767,
        "P75": 15.530179977416992,
        "P90": 16.442753791809082,
        "P95": 23.70660424232483,
        "P99": 33.281604528427124,
        "P100": 35.75529456138611
    },
    "decode_token_time_dict": {
        "P25": 182.86497010959417,
        "P50": 184.33369614007904,
        "P75": 185.81629738094298,
        "P90": 187.48143768310547,
        "P95": 188.31535530090332,
        "P99": 189.73901002637803,
        "P100": 207.24460930950875
    }
}