{
    "backend": "lmdeploy",
    "clients": 10,
    "request_num": 500,
    "Total QPS": 3.4633834290987155,
    "Avg Input Length": 4125.696,
    "Avg Output Length": 125.764,
    "Total Throughput": 14732.18023882349,
    "Input Throughput": 14288.867159898855,
    "Output Throughput": 14288.867159898855,
    "request_time": {
        "P25": 2.830932140350342,
        "P50": 2.8934381008148193,
        "P75": 2.945356607437134,
        "P90": 3.0079760551452637,
        "P95": 3.0486130714416504,
        "P99": 3.152423143386841,
        "P100": 3.2720229625701904
    },
    "first_token_time_dict": {
        "P25": 0.1321558952331543,
        "P50": 0.17116808891296387,
        "P75": 0.210953950881958,
        "P90": 0.2699449062347412,
        "P95": 0.3922450542449951,
        "P99": 0.5545871257781982,
        "P100": 0.7643811702728271
    },
    "decode_token_time_dict": {
        "P25": 21.13154199388292,
        "P50": 21.798010856386217,
        "P75": 22.261082179962642,
        "P90": 22.670653558546498,
        "P95": 23.00515482502599,
        "P99": 23.3978895637078,
        "P100": 25.78987066562359
    }
}