{
    "backend": "lmdeploy",
    "clients": 15,
    "request_num": 500,
    "Total QPS": 3.239488317627539,
    "Avg Input Length": 8250.884,
    "Avg Output Length": 118.422,
    "Total Throughput": 27143.296832756303,
    "Input Throughput": 26728.64232809998,
    "Output Throughput": 26728.64232809998,
    "request_time": {
        "P25": 4.441137313842773,
        "P50": 4.622095346450806,
        "P75": 4.819080352783203,
        "P90": 4.996601819992065,
        "P95": 5.107463836669922,
        "P99": 5.3088037967681885,
        "P100": 5.5956504344940186
    },
    "first_token_time_dict": {
        "P25": 0.2621278762817383,
        "P50": 0.3811960220336914,
        "P75": 0.5353856086730957,
        "P90": 0.7816102504730225,
        "P95": 0.9165472984313965,
        "P99": 1.7749457359313965,
        "P100": 2.2161433696746826
    },
    "decode_token_time_dict": {
        "P25": 33.736413266478465,
        "P50": 35.67883988057286,
        "P75": 37.75389785440559,
        "P90": 39.510325268582186,
        "P95": 40.4602937531053,
        "P99": 41.975553219134994,
        "P100": 43.42499863017689
    }
}