{
    "backend": "lmdeploy",
    "clients": 50,
    "request_num": 500,
    "Total QPS": 4.93507748969086,
    "Avg Input Length": 8250.884,
    "Avg Output Length": 121.59,
    "Total Throughput": 41350.44181713091,
    "Input Throughput": 40718.75189845048,
    "Output Throughput": 40718.75189845048,
    "request_time": {
        "P25": 9.76854157447815,
        "P50": 10.134297847747803,
        "P75": 10.47706151008606,
        "P90": 11.235417604446411,
        "P95": 12.417384624481201,
        "P99": 15.8102285861969,
        "P100": 16.78552484512329
    },
    "first_token_time_dict": {
        "P25": 0.5718190670013428,
        "P50": 0.7886199951171875,
        "P75": 1.1091561317443848,
        "P90": 1.6480491161346436,
        "P95": 3.4543726444244385,
        "P99": 6.9282450675964355,
        "P100": 7.8268420696258545
    },
    "decode_token_time_dict": {
        "P25": 73.66807687850226,
        "P50": 77.2085583899632,
        "P75": 80.09328444798787,
        "P90": 81.4320572087022,
        "P95": 82.6765734974931,
        "P99": 85.13794457616885,
        "P100": 102.5936850186052
    }
}