{
    "backend": "lmdeploy",
    "clients": 5,
    "request_num": 500,
    "Total QPS": 1.8941145364074579,
    "Avg Input Length": 8250.884,
    "Avg Output Length": 119.326,
    "Total Throughput": 15870.565983271865,
    "Input Throughput": 15628.11932261171,
    "Output Throughput": 15628.11932261171,
    "request_time": {
        "P25": 2.5338821411132812,
        "P50": 2.6382031440734863,
        "P75": 2.7499215602874756,
        "P90": 2.825161933898926,
        "P95": 2.884913682937622,
        "P99": 3.0244498252868652,
        "P100": 3.2007904052734375
    },
    "first_token_time_dict": {
        "P25": 0.1754610538482666,
        "P50": 0.24910354614257812,
        "P75": 0.3393995761871338,
        "P90": 0.4244718551635742,
        "P95": 0.5027046203613281,
        "P99": 0.8164479732513428,
        "P100": 0.9662292003631592
    },
    "decode_token_time_dict": {
        "P25": 18.97559875299123,
        "P50": 20.13331902127306,
        "P75": 21.22037034285696,
        "P90": 22.05948207689368,
        "P95": 22.541612909551255,
        "P99": 24.77568504857082,
        "P100": 33.32051725098581
    }
}