{
    "backend": "lmdeploy",
    "clients": 10,
    "request_num": 500,
    "Total QPS": 4.319542037323246,
    "Avg Input Length": 1031.778,
    "Avg Output Length": 127.314,
    "Total Throughput": 5009.70982496268,
    "Input Throughput": 4456.808444185304,
    "Output Throughput": 4456.808444185304,
    "request_time": {
        "P25": 2.2944796085357666,
        "P50": 2.3140127658843994,
        "P75": 2.328719139099121,
        "P90": 2.3470406532287598,
        "P95": 2.3535451889038086,
        "P99": 2.3703858852386475,
        "P100": 2.3932607173919678
    },
    "first_token_time_dict": {
        "P25": 0.12228512763977051,
        "P50": 0.15062999725341797,
        "P75": 0.18085932731628418,
        "P90": 0.19961333274841309,
        "P95": 0.2086658477783203,
        "P99": 0.2230546474456787,
        "P100": 0.23842692375183105
    },
    "decode_token_time_dict": {
        "P25": 16.82708958002526,
        "P50": 17.091266752228023,
        "P75": 17.368636434040372,
        "P90": 17.70366668701172,
        "P95": 17.938458150432954,
        "P99": 18.166160583496094,
        "P100": 18.513145993967523
    }
}