{
    "backend": "lmdeploy",
    "clients": 15,
    "request_num": 500,
    "Total QPS": 5.884950556837326,
    "Avg Input Length": 1031.778,
    "Avg Output Length": 127.454,
    "Total Throughput": 6825.236186907681,
    "Input Throughput": 6071.962515632503,
    "Output Throughput": 6071.962515632503,
    "request_time": {
        "P25": 2.4990029335021973,
        "P50": 2.517678737640381,
        "P75": 2.5346288681030273,
        "P90": 2.552495241165161,
        "P95": 2.566098928451538,
        "P99": 2.6129329204559326,
        "P100": 2.6558380126953125
    },
    "first_token_time_dict": {
        "P25": 0.12955617904663086,
        "P50": 0.17121195793151855,
        "P75": 0.20897769927978516,
        "P90": 0.23980164527893066,
        "P95": 0.26433396339416504,
        "P99": 0.28953123092651367,
        "P100": 0.34064364433288574
    },
    "decode_token_time_dict": {
        "P25": 18.223228908720472,
        "P50": 18.494844436645508,
        "P75": 18.817564797779873,
        "P90": 19.20636749267578,
        "P95": 19.449031259131242,
        "P99": 19.668879963102796,
        "P100": 19.866310316940833
    }
}