{
    "backend": "lmdeploy",
    "clients": 15,
    "request_num": 500,
    "Total QPS": 4.427634437233115,
    "Avg Input Length": 4125.696,
    "Avg Output Length": 125.902,
    "Total Throughput": 18833.81089512075,
    "Input Throughput": 18267.073687154912,
    "Output Throughput": 18267.073687154912,
    "request_time": {
        "P25": 3.2862908840179443,
        "P50": 3.3699231147766113,
        "P75": 3.44964861869812,
        "P90": 3.5259828567504883,
        "P95": 3.591722249984741,
        "P99": 3.718075752258301,
        "P100": 3.87712025642395
    },
    "first_token_time_dict": {
        "P25": 0.15678739547729492,
        "P50": 0.2045590877532959,
        "P75": 0.28448033332824707,
        "P90": 0.4164128303527832,
        "P95": 0.507068395614624,
        "P99": 0.8344652652740479,
        "P100": 1.031721591949463
    },
    "decode_token_time_dict": {
        "P25": 24.23596760583302,
        "P50": 25.08339189714001,
        "P75": 25.727591817341153,
        "P90": 26.266490259478168,
        "P95": 26.689226510094812,
        "P99": 27.33941969832754,
        "P100": 30.66710631052653
    }
}