{
    "backend": "lmdeploy",
    "clients": 5,
    "request_num": 494,
    "Total QPS": 1.3842438724801907,
    "Avg Input Length": 16469.37,
    "Avg Output Length": 109.16599190283401,
    "Total Throughput": 23253.853969419575,
    "Input Throughput": 23074.518730879634,
    "Output Throughput": 23074.518730879634,
    "request_time": {
        "P25": 3.364271402359009,
        "P50": 3.60868501663208,
        "P75": 3.8381011486053467,
        "P90": 4.068051815032959,
        "P95": 4.207445859909058,
        "P99": 4.460689306259155,
        "P100": 5.111068964004517
    },
    "first_token_time_dict": {
        "P25": 0.3771228790283203,
        "P50": 0.5274639129638672,
        "P75": 0.6510739326477051,
        "P90": 0.8719954490661621,
        "P95": 1.0253357887268066,
        "P99": 1.5165648460388184,
        "P100": 2.094752311706543
    },
    "decode_token_time_dict": {
        "P25": 25.27476145216256,
        "P50": 28.673134117482977,
        "P75": 31.67700533773385,
        "P90": 34.16814850372018,
        "P95": 36.42927332127348,
        "P99": 38.80413707933928,
        "P100": 41.320471659950584
    }
}