{
    "backend": "lmdeploy",
    "clients": 100,
    "request_num": 500,
    "Total QPS": 10.179498488723434,
    "Avg Input Length": 4125.696,
    "Avg Output Length": 125.104,
    "Total Throughput": 43300.492003488915,
    "Input Throughput": 41997.516196932316,
    "Output Throughput": 41997.516196932316,
    "request_time": {
        "P25": 9.358637571334839,
        "P50": 9.60276484489441,
        "P75": 10.070692300796509,
        "P90": 12.549273014068604,
        "P95": 14.100744247436523,
        "P99": 15.860161066055298,
        "P100": 16.29612708091736
    },
    "first_token_time_dict": {
        "P25": 0.46096181869506836,
        "P50": 0.7128825187683105,
        "P75": 1.0266187191009521,
        "P90": 3.604191541671753,
        "P95": 5.1851677894592285,
        "P99": 6.9543375968933105,
        "P100": 7.362128257751465
    },
    "decode_token_time_dict": {
        "P25": 71.11181259155273,
        "P50": 72.03301883512927,
        "P75": 73.83100967097089,
        "P90": 75.67676613407751,
        "P95": 76.14379352138887,
        "P99": 77.24583148956299,
        "P100": 86.73584686135347
    }
}