{
    "backend": "lmdeploy",
    "clients": 5,
    "request_num": 500,
    "Total QPS": 2.2584156024449014,
    "Avg Input Length": 4125.696,
    "Avg Output Length": 126.212,
    "Total Throughput": 9606.613414457466,
    "Input Throughput": 9317.53621734452,
    "Output Throughput": 9317.53621734452,
    "request_time": {
        "P25": 2.1677231788635254,
        "P50": 2.213400363922119,
        "P75": 2.25878643989563,
        "P90": 2.295114517211914,
        "P95": 2.328770399093628,
        "P99": 2.391117811203003,
        "P100": 2.4864959716796875
    },
    "first_token_time_dict": {
        "P25": 0.11878800392150879,
        "P50": 0.15275287628173828,
        "P75": 0.19702458381652832,
        "P90": 0.24766230583190918,
        "P95": 0.2783806324005127,
        "P99": 0.3772897720336914,
        "P100": 0.4489297866821289
    },
    "decode_token_time_dict": {
        "P25": 15.933780443100703,
        "P50": 16.327632904052734,
        "P75": 16.79691505432129,
        "P90": 17.238920211791992,
        "P95": 17.436791241653566,
        "P99": 17.982580184936523,
        "P100": 20.81156244464949
    }
}