{
    "backend": "lmdeploy",
    "clients": 25,
    "request_num": 500,
    "Total QPS": 9.08508465322746,
    "Avg Input Length": 1031.778,
    "Avg Output Length": 126.902,
    "Total Throughput": 10536.681308950838,
    "Input Throughput": 9373.790473337722,
    "Output Throughput": 9373.790473337722,
    "request_time": {
        "P25": 2.7165887355804443,
        "P50": 2.756666421890259,
        "P75": 2.781235933303833,
        "P90": 2.804413318634033,
        "P95": 2.8394927978515625,
        "P99": 2.8986494541168213,
        "P100": 2.9286515712738037
    },
    "first_token_time_dict": {
        "P25": 0.13578391075134277,
        "P50": 0.19083142280578613,
        "P75": 0.23315668106079102,
        "P90": 0.2836477756500244,
        "P95": 0.33460450172424316,
        "P99": 0.39437007904052734,
        "P100": 0.41150450706481934
    },
    "decode_token_time_dict": {
        "P25": 19.92943551805284,
        "P50": 20.264493094550236,
        "P75": 20.75672149658203,
        "P90": 21.143096923828125,
        "P95": 21.456226348876953,
        "P99": 21.739564895629883,
        "P100": 22.024594968365083
    }
}