{
    "backend": "lmdeploy",
    "clients": 15,
    "request_num": 500,
    "Total QPS": 2.517377894435495,
    "Avg Input Length": 8250.884,
    "Avg Output Length": 126.876,
    "Total Throughput": 21092.81736163926,
    "Input Throughput": 20770.592991151516,
    "Output Throughput": 20770.592991151516,
    "request_time": {
        "P25": 5.669229507446289,
        "P50": 5.83255934715271,
        "P75": 6.157565355300903,
        "P90": 6.38029932975769,
        "P95": 6.471687316894531,
        "P99": 6.570406675338745,
        "P100": 6.576417446136475
    },
    "first_token_time_dict": {
        "P25": 0.9998965263366699,
        "P50": 1.6741845607757568,
        "P75": 2.380077362060547,
        "P90": 2.831272602081299,
        "P95": 3.065988302230835,
        "P99": 3.4170069694519043,
        "P100": 3.651607036590576
    },
    "decode_token_time_dict": {
        "P25": 27.321788999769424,
        "P50": 32.91311907389807,
        "P75": 38.33688440777007,
        "P90": 42.124515488034206,
        "P95": 43.334985536242286,
        "P99": 46.47284462338403,
        "P100": 47.640709649948846
    }
}