{
    "backend": "lmdeploy",
    "clients": 100,
    "request_num": 500,
    "Total QPS": 4.129871170670875,
    "Avg Input Length": 8250.884,
    "Avg Output Length": 126.952,
    "Total Throughput": 34603.71147399547,
    "Input Throughput": 34075.0879641496,
    "Output Throughput": 34075.0879641496,
    "request_time": {
        "P25": 23.718519926071167,
        "P50": 24.01988959312439,
        "P75": 24.439773559570312,
        "P90": 25.40362000465393,
        "P95": 25.511296033859253,
        "P99": 25.535608291625977,
        "P100": 25.542710065841675
    },
    "first_token_time_dict": {
        "P25": 6.005856037139893,
        "P50": 11.090719938278198,
        "P75": 15.662561416625977,
        "P90": 18.597116708755493,
        "P95": 19.786166667938232,
        "P99": 20.979209661483765,
        "P100": 21.98263645172119
    },
    "decode_token_time_dict": {
        "P25": 65.02637598249648,
        "P50": 101.863113660661,
        "P75": 140.94141740647572,
        "P90": 165.3316304797218,
        "P95": 172.21489974430628,
        "P99": 182.58184289175367,
        "P100": 189.5597851465619
    }
}