{
    "backend": "lmdeploy",
    "clients": 10,
    "request_num": 500,
    "Total QPS": 2.7340029655016087,
    "Avg Input Length": 4125.696,
    "Avg Output Length": 126.916,
    "Total Throughput": 11629.61747834233,
    "Input Throughput": 11279.665098758125,
    "Output Throughput": 11279.665098758125,
    "request_time": {
        "P25": 3.535158634185791,
        "P50": 3.6381354331970215,
        "P75": 3.731609582901001,
        "P90": 3.7750775814056396,
        "P95": 3.864628553390503,
        "P99": 3.9783246517181396,
        "P100": 3.9849789142608643
    },
    "first_token_time_dict": {
        "P25": 0.4037024974822998,
        "P50": 0.6240718364715576,
        "P75": 0.8245477676391602,
        "P90": 0.966717004776001,
        "P95": 1.0306777954101562,
        "P99": 1.1358394622802734,
        "P100": 1.259512186050415
    },
    "decode_token_time_dict": {
        "P25": 21.936490422203427,
        "P50": 23.784752876039537,
        "P75": 25.430037861778622,
        "P90": 26.828799928937638,
        "P95": 27.43033757285466,
        "P99": 28.651672696310378,
        "P100": 29.774834239293657
    }
}