{
    "backend": "lmdeploy",
    "clients": 25,
    "request_num": 500,
    "Total QPS": 4.716664817922045,
    "Avg Input Length": 4125.696,
    "Avg Output Length": 126.906,
    "Total Throughput": 20063.258269335733,
    "Input Throughput": 19459.525172641712,
    "Output Throughput": 19459.525172641712,
    "request_time": {
        "P25": 5.075972318649292,
        "P50": 5.300445079803467,
        "P75": 5.451858758926392,
        "P90": 5.602797031402588,
        "P95": 5.625720977783203,
        "P99": 5.741522312164307,
        "P100": 5.747962713241577
    },
    "first_token_time_dict": {
        "P25": 0.8313360214233398,
        "P50": 1.3476922512054443,
        "P75": 1.8824231624603271,
        "P90": 2.2606282234191895,
        "P95": 2.410996913909912,
        "P99": 2.6791439056396484,
        "P100": 2.831676959991455
    },
    "decode_token_time_dict": {
        "P25": 26.4268091746739,
        "P50": 30.719817630828373,
        "P75": 35.000831361800905,
        "P90": 37.98000207023016,
        "P95": 39.574335491846476,
        "P99": 41.28814500475686,
        "P100": 42.81761343517001
    }
}