{
    "backend": "lmdeploy",
    "clients": 15,
    "request_num": 500,
    "Total QPS": 3.5738675610760673,
    "Avg Input Length": 4125.696,
    "Avg Output Length": 126.898,
    "Total Throughput": 15202.146149079023,
    "Input Throughput": 14744.691101261285,
    "Output Throughput": 14744.691101261285,
    "request_time": {
        "P25": 4.031231164932251,
        "P50": 4.110806703567505,
        "P75": 4.236316442489624,
        "P90": 4.3727943897247314,
        "P95": 4.3926897048950195,
        "P99": 4.411170959472656,
        "P100": 4.418718576431274
    },
    "first_token_time_dict": {
        "P25": 0.5132241249084473,
        "P50": 0.8811256885528564,
        "P75": 1.1792116165161133,
        "P90": 1.3762519359588623,
        "P95": 1.4593555927276611,
        "P99": 1.6333253383636475,
        "P100": 1.7097532749176025
    },
    "decode_token_time_dict": {
        "P25": 23.36529512254019,
        "P50": 25.567609166342116,
        "P75": 28.363628992958674,
        "P90": 30.03442476666163,
        "P95": 30.95091713799371,
        "P99": 32.552781559172125,
        "P100": 33.69090920787746
    }
}