{
    "backend": "lmdeploy",
    "clients": 100,
    "request_num": 500,
    "Total QPS": 16.575102383949773,
    "Avg Input Length": 1031.778,
    "Avg Output Length": 126.97,
    "Total Throughput": 19223.4390926525,
    "Input Throughput": 17101.82598750693,
    "Output Throughput": 17101.82598750693,
    "request_time": {
        "P25": 5.100334405899048,
        "P50": 5.233953475952148,
        "P75": 6.5575220584869385,
        "P90": 7.78952693939209,
        "P95": 7.911972761154175,
        "P99": 7.935342788696289,
        "P100": 7.944059371948242
    },
    "first_token_time_dict": {
        "P25": 0.9623892307281494,
        "P50": 1.5130634307861328,
        "P75": 2.066784143447876,
        "P90": 2.8424506187438965,
        "P95": 3.2737905979156494,
        "P99": 3.562957525253296,
        "P100": 4.746978282928467
    },
    "decode_token_time_dict": {
        "P25": 27.0130161255125,
        "P50": 32.34197790660556,
        "P75": 36.7327058126056,
        "P90": 51.95414073883541,
        "P95": 55.85774164351206,
        "P99": 59.3147353520469,
        "P100": 61.2649747303554
    }
}