{
    "backend": "lmdeploy",
    "clients": 10,
    "request_num": 500,
    "Total QPS": 1.3537320139026734,
    "Avg Input Length": 16469.37,
    "Avg Output Length": 126.982,
    "Total Throughput": 22468.391115587816,
    "Input Throughput": 22295.113417808272,
    "Output Throughput": 22295.113417808272,
    "request_time": {
        "P25": 6.9362969398498535,
        "P50": 7.411995887756348,
        "P75": 7.719001054763794,
        "P90": 8.12782073020935,
        "P95": 8.297775983810425,
        "P99": 8.625255823135376,
        "P100": 8.631832838058472
    },
    "first_token_time_dict": {
        "P25": 1.3074231147766113,
        "P50": 2.201563596725464,
        "P75": 3.2450671195983887,
        "P90": 4.013580322265625,
        "P95": 4.393750429153442,
        "P99": 4.908267974853516,
        "P100": 5.356689691543579
    },
    "decode_token_time_dict": {
        "P25": 32.3349672650534,
        "P50": 40.010955598619255,
        "P75": 47.17527117047991,
        "P90": 52.670535587129145,
        "P95": 55.18357337467254,
        "P99": 58.70459193275089,
        "P100": 61.24043653881739
    }
}