{
    "backend": "lmdeploy",
    "clients": 15,
    "request_num": 500,
    "Total QPS": 4.964059323987535,
    "Avg Input Length": 1031.778,
    "Avg Output Length": 126.95,
    "Total Throughput": 5757.206794655615,
    "Input Throughput": 5121.807201185211,
    "Output Throughput": 5121.807201185211,
    "request_time": {
        "P25": 2.9157369136810303,
        "P50": 2.9500489234924316,
        "P75": 2.9880053997039795,
        "P90": 3.008188247680664,
        "P95": 3.0131897926330566,
        "P99": 3.020150899887085,
        "P100": 3.0225718021392822
    },
    "first_token_time_dict": {
        "P25": 0.24366402626037598,
        "P50": 0.3122725486755371,
        "P75": 0.35113954544067383,
        "P90": 0.3881816864013672,
        "P95": 0.4034128189086914,
        "P99": 0.4196648597717285,
        "P100": 0.43735289573669434
    },
    "decode_token_time_dict": {
        "P25": 20.600858188810804,
        "P50": 20.903267557658847,
        "P75": 21.424338931129093,
        "P90": 21.851664497738795,
        "P95": 22.097358627924844,
        "P99": 22.547831611027792,
        "P100": 22.98778390127515
    }
}