{
    "backend": "lmdeploy",
    "clients": 5,
    "request_num": 500,
    "Total QPS": 1.722506698367254,
    "Avg Input Length": 4125.696,
    "Avg Output Length": 126.91,
    "Total Throughput": 7327.019852817994,
    "Input Throughput": 7106.538995426986,
    "Output Throughput": 7106.538995426986,
    "request_time": {
        "P25": 2.8092219829559326,
        "P50": 2.896131753921509,
        "P75": 2.952152729034424,
        "P90": 3.007080554962158,
        "P95": 3.0427730083465576,
        "P99": 3.0768260955810547,
        "P100": 3.137321949005127
    },
    "first_token_time_dict": {
        "P25": 0.2709190845489502,
        "P50": 0.3748927116394043,
        "P75": 0.46979594230651855,
        "P90": 0.5409059524536133,
        "P95": 0.5749876499176025,
        "P99": 0.6759889125823975,
        "P100": 0.7197794914245605
    },
    "decode_token_time_dict": {
        "P25": 19.039483297438846,
        "P50": 19.688222143385147,
        "P75": 20.699425349159846,
        "P90": 21.52196755484929,
        "P95": 21.940301335047163,
        "P99": 22.47570999084957,
        "P100": 23.34028577047681
    }
}