{
    "backend": "lmdeploy",
    "clients": 5,
    "request_num": 500,
    "Total QPS": 1.0003911689597942,
    "Avg Input Length": 16469.37,
    "Avg Output Length": 126.98,
    "Total Throughput": 16603.86237595822,
    "Input Throughput": 16475.812306331365,
    "Output Throughput": 16475.812306331365,
    "request_time": {
        "P25": 4.648748874664307,
        "P50": 4.995935440063477,
        "P75": 5.282581806182861,
        "P90": 5.591845273971558,
        "P95": 5.747265100479126,
        "P99": 5.812504529953003,
        "P100": 5.943615913391113
    },
    "first_token_time_dict": {
        "P25": 0.8220744132995605,
        "P50": 1.3149981498718262,
        "P75": 1.7995383739471436,
        "P90": 2.235684633255005,
        "P95": 2.444627523422241,
        "P99": 2.7237091064453125,
        "P100": 2.919922351837158
    },
    "decode_token_time_dict": {
        "P25": 24.266381112356033,
        "P50": 28.31804563128759,
        "P75": 32.45903007567875,
        "P90": 35.89980375199091,
        "P95": 37.30449600825234,
        "P99": 40.73169685545422,
        "P100": 41.64302538311671
    }
}