{
    "backend": "lmdeploy",
    "clients": 25,
    "request_num": 500,
    "Total QPS": 7.443376320655441,
    "Avg Input Length": 1031.778,
    "Avg Output Length": 126.95,
    "Total Throughput": 8632.664102417126,
    "Input Throughput": 7679.91193337323,
    "Output Throughput": 7679.91193337323,
    "request_time": {
        "P25": 3.2765655517578125,
        "P50": 3.3331716060638428,
        "P75": 3.381420135498047,
        "P90": 3.3942441940307617,
        "P95": 3.3999946117401123,
        "P99": 3.4133806228637695,
        "P100": 3.4210705757141113
    },
    "first_token_time_dict": {
        "P25": 0.3221609592437744,
        "P50": 0.4509909152984619,
        "P75": 0.5321664810180664,
        "P90": 0.5981860160827637,
        "P95": 0.6206264495849609,
        "P99": 0.6690793037414551,
        "P100": 0.6861467361450195
    },
    "decode_token_time_dict": {
        "P25": 22.03468103257437,
        "P50": 22.85599140893845,
        "P75": 23.74734954228477,
        "P90": 24.471723844134615,
        "P95": 24.742747110033793,
        "P99": 25.63328402382987,
        "P100": 26.185872124843907
    }
}