{
    "backend": "lmdeploy",
    "clients": 50,
    "request_num": 500,
    "Total QPS": 2.048842448400138,
    "Avg Input Length": 16469.37,
    "Avg Output Length": 126.972,
    "Total Throughput": 34005.396187803,
    "Input Throughput": 33743.14435440778,
    "Output Throughput": 33743.14435440778,
    "request_time": {
        "P25": 23.96189284324646,
        "P50": 24.200533628463745,
        "P75": 25.269588708877563,
        "P90": 25.490264892578125,
        "P95": 25.89004158973694,
        "P99": 25.91495370864868,
        "P100": 25.923420190811157
    },
    "first_token_time_dict": {
        "P25": 5.8565168380737305,
        "P50": 10.276368379592896,
        "P75": 15.00213885307312,
        "P90": 18.57540011405945,
        "P95": 19.822811126708984,
        "P99": 21.221073627471924,
        "P100": 22.3939471244812
    },
    "decode_token_time_dict": {
        "P25": 73.3518127411131,
        "P50": 110.12897983429924,
        "P75": 146.02129610757981,
        "P90": 167.37760248638332,
        "P95": 174.99052153693307,
        "P99": 185.66479758610802,
        "P100": 191.44021897088913
    }
}