{
    "backend": "lmdeploy",
    "clients": 25,
    "request_num": 500,
    "Total QPS": 1.8046626569768027,
    "Avg Input Length": 16469.37,
    "Avg Output Length": 126.97,
    "Total Throughput": 29952.653843027078,
    "Input Throughput": 29721.657022934047,
    "Output Throughput": 29721.657022934047,
    "request_time": {
        "P25": 12.778066873550415,
        "P50": 13.946558237075806,
        "P75": 14.601132154464722,
        "P90": 15.126675367355347,
        "P95": 15.325742721557617,
        "P99": 15.867680072784424,
        "P100": 15.873369693756104
    },
    "first_token_time_dict": {
        "P25": 3.094170093536377,
        "P50": 5.017592906951904,
        "P75": 7.554267883300781,
        "P90": 9.55887770652771,
        "P95": 10.333857536315918,
        "P99": 11.39826226234436,
        "P100": 12.434812068939209
    },
    "decode_token_time_dict": {
        "P25": 48.74061970483689,
        "P50": 67.5530055212596,
        "P75": 84.4696457423861,
        "P90": 96.86926433018276,
        "P95": 101.57065732138497,
        "P99": 109.20037163628473,
        "P100": 115.9638904389881
    }
}