{
    "backend": "lmdeploy",
    "clients": 10,
    "request_num": 500,
    "Total QPS": 2.0530728181310662,
    "Avg Input Length": 8250.884,
    "Avg Output Length": 126.884,
    "Total Throughput": 17202.4589866733,
    "Input Throughput": 16939.665665952525,
    "Output Throughput": 16939.665665952525,
    "request_time": {
        "P25": 4.6538660526275635,
        "P50": 4.847998142242432,
        "P75": 5.023324251174927,
        "P90": 5.209023952484131,
        "P95": 5.278764724731445,
        "P99": 5.404621601104736,
        "P100": 5.410959720611572
    },
    "first_token_time_dict": {
        "P25": 0.7112922668457031,
        "P50": 1.17362380027771,
        "P75": 1.6515982151031494,
        "P90": 1.9673409461975098,
        "P95": 2.127286195755005,
        "P99": 2.292996644973755,
        "P100": 2.5642099380493164
    },
    "decode_token_time_dict": {
        "P25": 25.146175944615923,
        "P50": 28.95631676628476,
        "P75": 32.7603816986084,
        "P90": 35.11634516337561,
        "P95": 36.469039462861566,
        "P99": 38.20860007452586,
        "P100": 38.99548167274112
    }
}