{
    "backend": "lmdeploy",
    "clients": 50,
    "request_num": 500,
    "Total QPS": 12.574340399082796,
    "Avg Input Length": 1031.778,
    "Avg Output Length": 126.968,
    "Total Throughput": 14583.443359367446,
    "Input Throughput": 12973.92778828485,
    "Output Throughput": 12973.92778828485,
    "request_time": {
        "P25": 3.885129451751709,
        "P50": 3.9411768913269043,
        "P75": 3.9846301078796387,
        "P90": 4.007558345794678,
        "P95": 4.019096851348877,
        "P99": 4.0312488079071045,
        "P100": 4.039287805557251
    },
    "first_token_time_dict": {
        "P25": 0.4913778305053711,
        "P50": 0.7146694660186768,
        "P75": 0.9539878368377686,
        "P90": 1.0744471549987793,
        "P95": 1.1152989864349365,
        "P99": 1.1428110599517822,
        "P100": 1.1730399131774902
    },
    "decode_token_time_dict": {
        "P25": 23.543081586323087,
        "P50": 25.473430043175107,
        "P75": 27.276010740370975,
        "P90": 28.45731803349086,
        "P95": 28.99861524975489,
        "P99": 29.806337659321134,
        "P100": 30.273036351279607
    }
}