{
    "backend": "triton",
    "clients": 5,
    "request_num": 495,
    "Total QPS": 0.531756704191058,
    "Avg Input Length": 8250.884,
    "Avg Output Length": 127.75353535353536,
    "Total Throughput": 4500.533071352716,
    "Input Throughput": 4431.780689396701,
    "Output Throughput": 4431.780689396701,
    "request_time": {
        "P25": 8.20268964767456,
        "P50": 9.205502033233643,
        "P75": 10.458482503890991,
        "P90": 11.515708446502686,
        "P95": 12.069993495941162,
        "P99": 12.687766075134277,
        "P100": 13.043383121490479
    },
    "first_token_time_dict": {
        "P25": 1.2379188537597656,
        "P50": 2.408492088317871,
        "P75": 4.791696548461914,
        "P90": 6.532322883605957,
        "P95": 8.36204743385315,
        "P99": 9.864269018173218,
        "P100": 10.073485374450684
    },
    "decode_token_time_dict": {
        "P25": 34.47503930940403,
        "P50": 48.77214544401394,
        "P75": 63.77475092730184,
        "P90": 70.08821382297306,
        "P95": 76.09442463071328,
        "P99": 86.0038836171308,
        "P100": 95.59746802322508
    }
}