{
    "backend": "triton",
    "clients": 25,
    "request_num": 499,
    "Total QPS": 1.2755544830550902,
    "Avg Input Length": 4125.696,
    "Avg Output Length": 127.57715430861724,
    "Total Throughput": 5436.694391135777,
    "Input Throughput": 5273.096220964382,
    "Output Throughput": 5273.096220964382,
    "request_time": {
        "P25": 17.680317163467407,
        "P50": 19.906330585479736,
        "P75": 20.900509357452393,
        "P90": 21.584640979766846,
        "P95": 21.994173049926758,
        "P99": 23.242696523666382,
        "P100": 23.25886297225952
    },
    "first_token_time_dict": {
        "P25": 13.652687311172485,
        "P50": 15.588548183441162,
        "P75": 16.411870002746582,
        "P90": 18.053470373153687,
        "P95": 18.430161237716675,
        "P99": 19.60094428062439,
        "P100": 19.61202573776245
    },
    "decode_token_time_dict": {
        "P25": 27.771206352654406,
        "P50": 30.369278014175535,
        "P75": 36.941381890004074,
        "P90": 42.11454316387026,
        "P95": 145.61237124946175,
        "P99": 160.4690082429901,
        "P100": 177.86793258246476
    }
}