{
    "backend": "triton",
    "clients": 15,
    "request_num": 498,
    "Total QPS": 3.4773268290688444,
    "Avg Input Length": 1031.778,
    "Avg Output Length": 126.80321285140562,
    "Total Throughput": 4049.1236497628574,
    "Input Throughput": 3602.2382741395522,
    "Output Throughput": 3602.2382741395522,
    "request_time": {
        "P25": 4.154387950897217,
        "P50": 4.280736923217773,
        "P75": 4.486923694610596,
        "P90": 4.717911243438721,
        "P95": 4.768946886062622,
        "P99": 5.041056394577026,
        "P100": 5.046467304229736
    },
    "first_token_time_dict": {
        "P25": 0.20874476432800293,
        "P50": 1.1496388912200928,
        "P75": 1.8509845733642578,
        "P90": 2.2262823581695557,
        "P95": 2.4071948528289795,
        "P99": 2.6464579105377197,
        "P100": 2.650951862335205
    },
    "decode_token_time_dict": {
        "P25": 19.28800297534372,
        "P50": 24.158526593305933,
        "P75": 31.493354031420132,
        "P90": 33.37093788807786,
        "P95": 34.095777301337776,
        "P99": 35.83958017544484,
        "P100": 37.53127263286921
    }
}