{
    "backend": "triton",
    "clients": 15,
    "request_num": 499,
    "Total QPS": 0.2729088952351123,
    "Avg Input Length": 16469.37,
    "Avg Output Length": 127.69739478957916,
    "Total Throughput": 4538.647204918232,
    "Input Throughput": 4503.644861641585,
    "Output Throughput": 4503.644861641585,
    "request_time": {
        "P25": 46.721638441085815,
        "P50": 55.16467475891113,
        "P75": 58.47225880622864,
        "P90": 64.64304995536804,
        "P95": 82.83866333961487,
        "P99": 101.24053502082825,
        "P100": 110.61760449409485
    },
    "first_token_time_dict": {
        "P25": 15.04263710975647,
        "P50": 28.999398946762085,
        "P75": 33.352296113967896,
        "P90": 37.61628985404968,
        "P95": 45.74235725402832,
        "P99": 57.48307394981384,
        "P100": 68.50073504447937
    },
    "decode_token_time_dict": {
        "P25": 156.29451481376108,
        "P50": 198.8109397137259,
        "P75": 317.07060055469907,
        "P90": 372.5180851192925,
        "P95": 390.7258153900387,
        "P99": 410.6086445605661,
        "P100": 4891.717404127121
    }
}