{
    "backend": "triton",
    "clients": 25,
    "request_num": 498,
    "Total QPS": 4.130328830815683,
    "Avg Input Length": 1031.778,
    "Avg Output Length": 127.06425702811245,
    "Total Throughput": 4809.502520829068,
    "Input Throughput": 4278.697209238298,
    "Output Throughput": 4278.697209238298,
    "request_time": {
        "P25": 5.728050470352173,
        "P50": 6.089494705200195,
        "P75": 6.339678049087524,
        "P90": 6.592482328414917,
        "P95": 6.694005012512207,
        "P99": 6.940147876739502,
        "P100": 6.949744701385498
    },
    "first_token_time_dict": {
        "P25": 1.2416460514068604,
        "P50": 2.7255165576934814,
        "P75": 3.3674354553222656,
        "P90": 3.9190382957458496,
        "P95": 4.26048731803894,
        "P99": 4.4817986488342285,
        "P100": 4.49203634262085
    },
    "decode_token_time_dict": {
        "P25": 20.127572412565936,
        "P50": 24.97411900617945,
        "P75": 37.94194018746924,
        "P90": 44.83804740305022,
        "P95": 47.02748088386115,
        "P99": 49.35464708823857,
        "P100": 174.50703274119982
    }
}