{
    "backend": "triton",
    "clients": 25,
    "request_num": 495,
    "Total QPS": 0.6207668312972405,
    "Avg Input Length": 8250.884,
    "Avg Output Length": 127.56767676767677,
    "Total Throughput": 5253.871990391059,
    "Input Throughput": 5173.611228364749,
    "Output Throughput": 5173.611228364749,
    "request_time": {
        "P25": 36.267719745635986,
        "P50": 39.983402729034424,
        "P75": 42.84990835189819,
        "P90": 45.78424787521362,
        "P95": 46.85036635398865,
        "P99": 48.15150284767151,
        "P100": 48.36020064353943
    },
    "first_token_time_dict": {
        "P25": 25.41386580467224,
        "P50": 26.68031072616577,
        "P75": 27.58959674835205,
        "P90": 28.558985233306885,
        "P95": 32.446229457855225,
        "P99": 40.821144580841064,
        "P100": 40.84324669837952
    },
    "decode_token_time_dict": {
        "P25": 75.1004632063738,
        "P50": 109.09603336664635,
        "P75": 146.8269355653778,
        "P90": 290.3974112563246,
        "P95": 315.3059163431483,
        "P99": 351.2875695866863,
        "P100": 365.2429430503545
    }
}