{
    "backend": "triton",
    "clients": 50,
    "request_num": 499,
    "Total QPS": 1.3331856552482375,
    "Avg Input Length": 4125.696,
    "Avg Output Length": 127.38877755511022,
    "Total Throughput": 5682.331151289385,
    "Input Throughput": 5511.341407930894,
    "Output Throughput": 5511.341407930894,
    "request_time": {
        "P25": 36.33797574043274,
        "P50": 37.59664988517761,
        "P75": 39.255131006240845,
        "P90": 39.80969738960266,
        "P95": 41.37413167953491,
        "P99": 41.40825700759888,
        "P100": 41.8895947933197
    },
    "first_token_time_dict": {
        "P25": 21.941522359848022,
        "P50": 23.794591665267944,
        "P75": 25.392220973968506,
        "P90": 31.24551248550415,
        "P95": 32.928431272506714,
        "P99": 33.99955105781555,
        "P100": 34.82350397109985
    },
    "decode_token_time_dict": {
        "P25": 89.26045049832562,
        "P50": 101.49651437293826,
        "P75": 125.66096576180044,
        "P90": 132.66701210202194,
        "P95": 262.6837745426208,
        "P99": 308.6789799487497,
        "P100": 1001.7803907394409
    }
}