{
    "backend": "triton",
    "clients": 100,
    "request_num": 499,
    "Total QPS": 0.2738021655834545,
    "Avg Input Length": 16469.37,
    "Avg Output Length": 127.52104208416834,
    "Total Throughput": 4553.502854699259,
    "Input Throughput": 4518.385943682543,
    "Output Throughput": 4518.385943682543,
    "request_time": {
        "P25": 340.50802421569824,
        "P50": 366.7754440307617,
        "P75": 378.90676188468933,
        "P90": 389.68918108940125,
        "P95": 395.20241928100586,
        "P99": 405.98320722579956,
        "P100": 407.5458598136902
    },
    "first_token_time_dict": {
        "P25": 310.20546865463257,
        "P50": 334.9631402492523,
        "P75": 343.0150394439697,
        "P90": 357.1926498413086,
        "P95": 363.8950664997101,
        "P99": 374.304336309433,
        "P100": 378.90974378585815
    },
    "decode_token_time_dict": {
        "P25": 211.18867678905096,
        "P50": 248.20412237813153,
        "P75": 301.9213319763424,
        "P90": 344.96582774665416,
        "P95": 365.6524316532405,
        "P99": 405.5171069197767,
        "P100": 2593.9545929431915
    }
}