{
    "backend": "triton",
    "clients": 10,
    "request_num": 499,
    "Total QPS": 0.2698378781247041,
    "Avg Input Length": 16469.37,
    "Avg Output Length": 127.71142284569139,
    "Total Throughput": 4487.574251754128,
    "Input Throughput": 4452.965786423505,
    "Output Throughput": 4452.965786423505,
    "request_time": {
        "P25": 33.97817063331604,
        "P50": 37.380277156829834,
        "P75": 40.75109052658081,
        "P90": 42.430192708969116,
        "P95": 45.423877000808716,
        "P99": 47.689518451690674,
        "P100": 47.83030676841736
    },
    "first_token_time_dict": {
        "P25": 22.745076656341553,
        "P50": 28.617475271224976,
        "P75": 31.47826910018921,
        "P90": 33.77336573600769,
        "P95": 34.6467125415802,
        "P99": 35.971564531326294,
        "P100": 40.969900608062744
    },
    "decode_token_time_dict": {
        "P25": 50.597446171317515,
        "P50": 63.30687417758732,
        "P75": 94.40593644389956,
        "P90": 264.930747625396,
        "P95": 287.0719338965228,
        "P99": 331.96602280684345,
        "P100": 836.8113040924072
    }
}