{
    "backend": "triton",
    "clients": 50,
    "request_num": 495,
    "Total QPS": 0.6211753105084922,
    "Avg Input Length": 8250.884,
    "Avg Output Length": 127.62222222222222,
    "Total Throughput": 5257.329162034987,
    "Input Throughput": 5177.015586534899,
    "Output Throughput": 5177.015586534899,
    "request_time": {
        "P25": 70.23545432090759,
        "P50": 80.13739156723022,
        "P75": 92.85797929763794,
        "P90": 95.62227845191956,
        "P95": 96.46442985534668,
        "P99": 97.45907068252563,
        "P100": 118.53890299797058
    },
    "first_token_time_dict": {
        "P25": 40.582388162612915,
        "P50": 46.122082233428955,
        "P75": 65.90982985496521,
        "P90": 69.08586049079895,
        "P95": 70.20765209197998,
        "P99": 73.2813835144043,
        "P100": 90.18681597709656
    },
    "decode_token_time_dict": {
        "P25": 188.00369210130586,
        "P50": 222.23176167705867,
        "P75": 257.5436389352393,
        "P90": 320.7634640490915,
        "P95": 347.2532550180991,
        "P99": 370.80750690670465,
        "P100": 380.921371339813
    }
}