{
    "backend": "triton",
    "clients": 5,
    "request_num": 498,
    "Total QPS": 1.9162078323624891,
    "Avg Input Length": 1031.778,
    "Avg Output Length": 127.05622489959839,
    "Total Throughput": 2231.3008909655655,
    "Input Throughput": 1985.0412498587393,
    "Output Throughput": 1985.0412498587393,
    "request_time": {
        "P25": 2.5318076610565186,
        "P50": 2.619932174682617,
        "P75": 2.7099685668945312,
        "P90": 2.7941672801971436,
        "P95": 2.8274600505828857,
        "P99": 2.858320713043213,
        "P100": 2.9150846004486084
    },
    "first_token_time_dict": {
        "P25": 0.1494297981262207,
        "P50": 0.22295451164245605,
        "P75": 0.5337314605712891,
        "P90": 0.6586310863494873,
        "P95": 0.7810115814208984,
        "P99": 0.8971786499023438,
        "P100": 0.9004049301147461
    },
    "decode_token_time_dict": {
        "P25": 16.15920029287263,
        "P50": 18.558316343412624,
        "P75": 19.483157030240758,
        "P90": 20.11886168652632,
        "P95": 20.54238694859302,
        "P99": 21.17612418227308,
        "P100": 23.65625776895663
    }
}