{
    "backend": "triton",
    "clients": 5,
    "request_num": 499,
    "Total QPS": 0.2554315840433235,
    "Avg Input Length": 16469.37,
    "Avg Output Length": 127.62925851703407,
    "Total Throughput": 4247.988487027191,
    "Input Throughput": 4215.227722741073,
    "Output Throughput": 4215.227722741073,
    "request_time": {
        "P25": 16.795095682144165,
        "P50": 19.071139574050903,
        "P75": 21.93811321258545,
        "P90": 24.55204153060913,
        "P95": 26.951536178588867,
        "P99": 28.587461471557617,
        "P100": 28.836668252944946
    },
    "first_token_time_dict": {
        "P25": 3.5792620182037354,
        "P50": 10.928521394729614,
        "P75": 15.645324230194092,
        "P90": 18.757797241210938,
        "P95": 19.48026728630066,
        "P99": 21.669552326202393,
        "P100": 22.26774263381958
    },
    "decode_token_time_dict": {
        "P25": 37.984209736501136,
        "P50": 54.78116658728892,
        "P75": 112.13828635028028,
        "P90": 146.351864957434,
        "P95": 160.6627843511386,
        "P99": 189.18215759157195,
        "P100": 277.6049434161577
    }
}