{
    "backend": "triton",
    "clients": 100,
    "request_num": 499,
    "Total QPS": 1.3382991506064985,
    "Avg Input Length": 4125.696,
    "Avg Output Length": 127.52104208416834,
    "Total Throughput": 5704.12599572972,
    "Input Throughput": 5532.480413287203,
    "Output Throughput": 5532.480413287203,
    "request_time": {
        "P25": 63.78193211555481,
        "P50": 67.90290069580078,
        "P75": 86.56277751922607,
        "P90": 86.93800449371338,
        "P95": 87.19121527671814,
        "P99": 88.14786982536316,
        "P100": 110.18700909614563
    },
    "first_token_time_dict": {
        "P25": 36.678390979766846,
        "P50": 43.12176275253296,
        "P75": 66.65444159507751,
        "P90": 67.3226330280304,
        "P95": 67.84707570075989,
        "P99": 67.88687658309937,
        "P100": 80.08053255081177
    },
    "decode_token_time_dict": {
        "P25": 148.10251438711572,
        "P50": 159.47742349519504,
        "P75": 237.1074627703569,
        "P90": 241.52543976550967,
        "P95": 244.47054187143883,
        "P99": 330.40577783359316,
        "P100": 1236.4959955215454
    }
}