{
    "backend": "triton",
    "clients": 10,
    "request_num": 495,
    "Total QPS": 0.58080222382663,
    "Avg Input Length": 8250.884,
    "Avg Output Length": 127.74343434343434,
    "Total Throughput": 4915.630768066029,
    "Input Throughput": 4840.537147207637,
    "Output Throughput": 4840.537147207637,
    "request_time": {
        "P25": 16.146690607070923,
        "P50": 17.158222675323486,
        "P75": 18.566054582595825,
        "P90": 19.977471590042114,
        "P95": 21.23126196861267,
        "P99": 22.41549849510193,
        "P100": 22.42437434196472
    },
    "first_token_time_dict": {
        "P25": 4.542804718017578,
        "P50": 11.42399549484253,
        "P75": 13.396552562713623,
        "P90": 15.008543491363525,
        "P95": 16.79917287826538,
        "P99": 18.362759113311768,
        "P100": 18.37718629837036
    },
    "decode_token_time_dict": {
        "P25": 32.01779981297771,
        "P50": 41.89570682255302,
        "P75": 60.540923922080694,
        "P90": 124.33644730275071,
        "P95": 134.82870642594466,
        "P99": 153.22488687169832,
        "P100": 164.87524265379417
    }
}