{
    "backend": "triton",
    "clients": 50,
    "request_num": 499,
    "Total QPS": 0.2738129495293211,
    "Avg Input Length": 16469.37,
    "Avg Output Length": 127.72545090180361,
    "Total Throughput": 4553.6821985265215,
    "Input Throughput": 4518.563904398512,
    "Output Throughput": 4518.563904398512,
    "request_time": {
        "P25": 171.7787265777588,
        "P50": 184.38828492164612,
        "P75": 190.54958868026733,
        "P90": 205.28748679161072,
        "P95": 211.6524133682251,
        "P99": 218.51125693321228,
        "P100": 221.79093074798584
    },
    "first_token_time_dict": {
        "P25": 141.72159671783447,
        "P50": 150.87368178367615,
        "P75": 159.01510548591614,
        "P90": 163.97286081314087,
        "P95": 185.44731831550598,
        "P99": 188.80543613433838,
        "P100": 191.075297832489
    },
    "decode_token_time_dict": {
        "P25": 204.28832121721402,
        "P50": 235.22814052311455,
        "P75": 295.3263887270229,
        "P90": 337.0450200058344,
        "P95": 349.4637800952581,
        "P99": 386.50908057145244,
        "P100": 2075.753688812256
    }
}