{
    "backend": "triton",
    "clients": 15,
    "request_num": 495,
    "Total QPS": 0.6016155073880429,
    "Avg Input Length": 8250.884,
    "Avg Output Length": 127.79191919191919,
    "Total Throughput": 5091.784392934904,
    "Input Throughput": 5013.999761676651,
    "Output Throughput": 5013.999761676651,
    "request_time": {
        "P25": 22.61685585975647,
        "P50": 25.054893016815186,
        "P75": 27.386255025863647,
        "P90": 28.091179847717285,
        "P95": 29.383447408676147,
        "P99": 31.198134660720825,
        "P100": 31.20983648300171
    },
    "first_token_time_dict": {
        "P25": 16.38171935081482,
        "P50": 19.43096137046814,
        "P75": 21.353885412216187,
        "P90": 22.819520950317383,
        "P95": 24.299161434173584,
        "P99": 25.77784299850464,
        "P100": 25.791353464126587
    },
    "decode_token_time_dict": {
        "P25": 34.536006882434755,
        "P50": 38.13017259432575,
        "P75": 50.542093637421374,
        "P90": 157.31519976938804,
        "P95": 190.09107679832638,
        "P99": 210.6530253342756,
        "P100": 220.96164958683525
    }
}