{
    "backend": "triton",
    "clients": 15,
    "request_num": 499,
    "Total QPS": 1.2093046326844188,
    "Avg Input Length": 4125.696,
    "Avg Output Length": 127.33066132264528,
    "Total Throughput": 5154.322924680542,
    "Input Throughput": 4999.221729306188,
    "Output Throughput": 4999.221729306188,
    "request_time": {
        "P25": 11.43424129486084,
        "P50": 12.228832006454468,
        "P75": 13.387967586517334,
        "P90": 14.111587285995483,
        "P95": 14.520861864089966,
        "P99": 15.18364143371582,
        "P100": 15.18977165222168
    },
    "first_token_time_dict": {
        "P25": 6.830996990203857,
        "P50": 8.115327835083008,
        "P75": 9.151456117630005,
        "P90": 11.238173246383667,
        "P95": 11.476306676864624,
        "P99": 11.63267993927002,
        "P100": 11.64093565940857
    },
    "decode_token_time_dict": {
        "P25": 22.61980499808244,
        "P50": 30.670209193792868,
        "P75": 38.86362511341966,
        "P90": 89.93148428248608,
        "P95": 96.88468054523618,
        "P99": 104.46426436657042,
        "P100": 110.9805501352145
    }
}