{
    "backend": "triton",
    "clients": 50,
    "request_num": 498,
    "Total QPS": 4.793812612543282,
    "Avg Input Length": 1031.778,
    "Avg Output Length": 126.93373493975903,
    "Total Throughput": 5582.086751154841,
    "Input Throughput": 4966.014447534822,
    "Output Throughput": 4966.014447534822,
    "request_time": {
        "P25": 10.300866842269897,
        "P50": 10.568071603775024,
        "P75": 10.75726866722107,
        "P90": 10.880744695663452,
        "P95": 11.305140256881714,
        "P99": 11.335607290267944,
        "P100": 11.359083890914917
    },
    "first_token_time_dict": {
        "P25": 5.539494514465332,
        "P50": 6.3063530921936035,
        "P75": 7.4418699741363525,
        "P90": 7.4986302852630615,
        "P95": 7.5207226276397705,
        "P99": 7.546838283538818,
        "P100": 7.5592200756073
    },
    "decode_token_time_dict": {
        "P25": 26.627570625365248,
        "P50": 31.351151428823393,
        "P75": 35.36518915431706,
        "P90": 79.49224419481173,
        "P95": 81.7729488132507,
        "P99": 83.93363314350759,
        "P100": 191.21074676513672
    }
}