{
    "backend": "triton",
    "clients": 100,
    "request_num": 495,
    "Total QPS": 0.6204394668688474,
    "Avg Input Length": 8250.884,
    "Avg Output Length": 127.75353535353536,
    "Total Throughput": 5251.101335268602,
    "Input Throughput": 5170.882899148186,
    "Output Throughput": 5170.882899148186,
    "request_time": {
        "P25": 142.56587767601013,
        "P50": 162.18271684646606,
        "P75": 166.7031750679016,
        "P90": 169.8686842918396,
        "P95": 185.45292472839355,
        "P99": 192.79468774795532,
        "P100": 194.5693233013153
    },
    "first_token_time_dict": {
        "P25": 117.33894920349121,
        "P50": 131.53831791877747,
        "P75": 140.18454432487488,
        "P90": 143.23513388633728,
        "P95": 143.85718822479248,
        "P99": 167.6733157634735,
        "P100": 168.99812412261963
    },
    "decode_token_time_dict": {
        "P25": 186.86190552598848,
        "P50": 201.2765294923557,
        "P75": 241.5601531351645,
        "P90": 259.78314782690813,
        "P95": 332.31916953259565,
        "P99": 358.7897724992647,
        "P100": 368.3514031838244
    }
}