{
    "backend": "triton",
    "clients": 5,
    "request_num": 499,
    "Total QPS": 0.9478343779567678,
    "Avg Input Length": 4125.696,
    "Avg Output Length": 127.37675350701403,
    "Total Throughput": 4039.879060297787,
    "Input Throughput": 3918.3131280548346,
    "Output Throughput": 3918.3131280548346,
    "request_time": {
        "P25": 4.811410427093506,
        "P50": 5.208700180053711,
        "P75": 5.679044485092163,
        "P90": 6.15057110786438,
        "P95": 6.5809102058410645,
        "P99": 6.729665040969849,
        "P100": 6.825124025344849
    },
    "first_token_time_dict": {
        "P25": 0.7162344455718994,
        "P50": 2.005427360534668,
        "P75": 2.8195178508758545,
        "P90": 3.498439073562622,
        "P95": 4.016089916229248,
        "P99": 4.435867786407471,
        "P100": 4.535067558288574
    },
    "decode_token_time_dict": {
        "P25": 17.78771745877003,
        "P50": 24.20866958738312,
        "P75": 34.057836832962636,
        "P90": 38.545920154241124,
        "P95": 41.11812809320885,
        "P99": 45.15109287472222,
        "P100": 132.78914942885888
    }
}