{
    "backend": "triton",
    "clients": 10,
    "request_num": 499,
    "Total QPS": 1.1372539585822972,
    "Avg Input Length": 4125.696,
    "Avg Output Length": 127.38877755511022,
    "Total Throughput": 4847.227068743169,
    "Input Throughput": 4701.366841590329,
    "Output Throughput": 4701.366841590329,
    "request_time": {
        "P25": 8.068284273147583,
        "P50": 8.803866147994995,
        "P75": 9.543210506439209,
        "P90": 10.186835527420044,
        "P95": 10.456505537033081,
        "P99": 11.045747518539429,
        "P100": 11.056857824325562
    },
    "first_token_time_dict": {
        "P25": 0.9073295593261719,
        "P50": 4.373729467391968,
        "P75": 5.700144052505493,
        "P90": 7.246654510498047,
        "P95": 7.63197135925293,
        "P99": 8.433232545852661,
        "P100": 8.445053339004517
    },
    "decode_token_time_dict": {
        "P25": 20.00672986188273,
        "P50": 30.65636777502345,
        "P75": 58.1666653550516,
        "P90": 65.53004482599694,
        "P95": 68.87086169926201,
        "P99": 75.87334677929015,
        "P100": 215.33729090835106
    }
}