{
    "backend": "triton",
    "clients": 25,
    "request_num": 499,
    "Total QPS": 0.273943456140373,
    "Avg Input Length": 16469.37,
    "Avg Output Length": 127.71943887775551,
    "Total Throughput": 4555.852605852247,
    "Input Throughput": 4520.717573401377,
    "Output Throughput": 4520.717573401377,
    "request_time": {
        "P25": 77.43371868133545,
        "P50": 91.53817391395569,
        "P75": 105.46562314033508,
        "P90": 107.64288330078125,
        "P95": 108.91689205169678,
        "P99": 111.57007312774658,
        "P100": 117.59988284111023
    },
    "first_token_time_dict": {
        "P25": 48.95114016532898,
        "P50": 53.29717421531677,
        "P75": 75.25704884529114,
        "P90": 80.53547883033752,
        "P95": 82.04312062263489,
        "P99": 82.62762665748596,
        "P100": 82.68065023422241
    },
    "decode_token_time_dict": {
        "P25": 212.88604811420592,
        "P50": 250.50386105935408,
        "P75": 289.9100142201101,
        "P90": 331.3484191894531,
        "P95": 366.60618481673595,
        "P99": 395.8209462053194,
        "P100": 3086.156278848648
    }
}