{
    "backend": "triton",
    "clients": 10,
    "request_num": 498,
    "Total QPS": 2.8754599944183328,
    "Avg Input Length": 1031.778,
    "Avg Output Length": 126.92771084337349,
    "Total Throughput": 3348.288394986451,
    "Input Throughput": 2978.7513675913237,
    "Output Throughput": 2978.7513675913237,
    "request_time": {
        "P25": 3.330336809158325,
        "P50": 3.473893642425537,
        "P75": 3.6101748943328857,
        "P90": 3.75016450881958,
        "P95": 3.806299924850464,
        "P99": 3.910879135131836,
        "P100": 3.9176552295684814
    },
    "first_token_time_dict": {
        "P25": 0.17535138130187988,
        "P50": 0.5182111263275146,
        "P75": 1.0754902362823486,
        "P90": 1.3856995105743408,
        "P95": 1.5748140811920166,
        "P99": 1.6606576442718506,
        "P100": 1.667341709136963
    },
    "decode_token_time_dict": {
        "P25": 18.42529567207877,
        "P50": 22.652813768762304,
        "P75": 25.836619805163284,
        "P90": 26.775912037045938,
        "P95": 27.462839141605407,
        "P99": 28.317740583044337,
        "P100": 30.83153486251831
    }
}