{
    "backend": "triton",
    "clients": 100,
    "request_num": 498,
    "Total QPS": 5.0997243749404655,
    "Avg Input Length": 1031.778,
    "Avg Output Length": 126.98192771084338,
    "Total Throughput": 5938.301341485646,
    "Input Throughput": 5282.915076433056,
    "Output Throughput": 5282.915076433056,
    "request_time": {
        "P25": 19.255319595336914,
        "P50": 19.793511867523193,
        "P75": 19.906837224960327,
        "P90": 20.167481660842896,
        "P95": 20.208066701889038,
        "P99": 20.249934434890747,
        "P100": 20.297510623931885
    },
    "first_token_time_dict": {
        "P25": 13.89845871925354,
        "P50": 14.390600204467773,
        "P75": 15.27709436416626,
        "P90": 15.366851806640625,
        "P95": 15.385938167572021,
        "P99": 15.415780544281006,
        "P100": 15.43689513206482
    },
    "decode_token_time_dict": {
        "P25": 35.41951292143093,
        "P50": 38.05170659943828,
        "P75": 42.824784601767234,
        "P90": 43.26611428748904,
        "P95": 147.6160785344642,
        "P99": 154.27867258627583,
        "P100": 156.09609611391082
    }
}