{
    "backend": "lmdeploy",
    "clients": 10,
    "request_num": 500,
    "Total QPS": 0.5354126259181895,
    "Avg Input Length": 8250.884,
    "Avg Output Length": 121.204,
    "Total Throughput": 4486.160284703903,
    "Input Throughput": 4417.627468586375,
    "Output Throughput": 4417.627468586375,
    "request_time": {
        "P25": 17.314253330230713,
        "P50": 18.714133977890015,
        "P75": 20.052703142166138,
        "P90": 21.405150651931763,
        "P95": 22.160725355148315,
        "P99": 24.941149711608887,
        "P100": 25.946276426315308
    },
    "first_token_time_dict": {
        "P25": 1.4193131923675537,
        "P50": 2.193067789077759,
        "P75": 3.350522041320801,
        "P90": 5.010849714279175,
        "P95": 6.703229188919067,
        "P99": 10.990848541259766,
        "P100": 14.458794832229614
    },
    "decode_token_time_dict": {
        "P25": 118.29590225219727,
        "P50": 134.68150229289614,
        "P75": 148.74927545415946,
        "P90": 157.24074436446367,
        "P95": 161.54898829379326,
        "P99": 170.6191897392273,
        "P100": 179.94734951268845
    }
}