{
    "backend": "lmdeploy",
    "clients": 100,
    "request_num": 500,
    "Total QPS": 0.2841894637662343,
    "Avg Input Length": 16469.37,
    "Avg Output Length": 119.472,
    "Total Throughput": 4716.7976802297835,
    "Input Throughput": 4680.421428867706,
    "Output Throughput": 4680.421428867706,
    "request_time": {
        "P25": 337.83155846595764,
        "P50": 352.98154854774475,
        "P75": 363.9107277393341,
        "P90": 369.7279977798462,
        "P95": 373.7194700241089,
        "P99": 418.2725088596344,
        "P100": 438.7701370716095
    },
    "first_token_time_dict": {
        "P25": 241.5072464942932,
        "P50": 257.8371753692627,
        "P75": 268.47607231140137,
        "P90": 273.7051532268524,
        "P95": 277.18902492523193,
        "P99": 322.14465832710266,
        "P100": 347.7626461982727
    },
    "decode_token_time_dict": {
        "P25": 785.4140976728019,
        "P50": 814.0191805773768,
        "P75": 840.3729252193285,
        "P90": 884.2934443887356,
        "P95": 948.1368002138639,
        "P99": 1821.2376279490334,
        "P100": 2770.0010173576925
    }
}