{
    "backend": "lmdeploy",
    "clients": 25,
    "request_num": 500,
    "Total QPS": 0.3003985789081336,
    "Avg Input Length": 16469.37,
    "Avg Output Length": 119.85,
    "Total Throughput": 4985.826361612489,
    "Input Throughput": 4947.375343512248,
    "Output Throughput": 4947.375343512248,
    "request_time": {
        "P25": 79.03460264205933,
        "P50": 85.61553359031677,
        "P75": 89.1949417591095,
        "P90": 93.23159742355347,
        "P95": 94.92822527885437,
        "P99": 119.23470139503479,
        "P100": 132.2149956226349
    },
    "first_token_time_dict": {
        "P25": 4.980287551879883,
        "P50": 6.774852752685547,
        "P75": 10.384143114089966,
        "P90": 14.964058876037598,
        "P95": 24.911683559417725,
        "P99": 54.24956440925598,
        "P100": 65.80284643173218
    },
    "decode_token_time_dict": {
        "P25": 588.0569367369345,
        "P50": 647.0011502754788,
        "P75": 682.57265255369,
        "P90": 706.5811778316978,
        "P95": 715.0344298436091,
        "P99": 733.6391594098963,
        "P100": 751.8712664962909
    }
}