{
    "backend": "lmdeploy",
    "clients": 50,
    "request_num": 500,
    "Total QPS": 0.6431507414678379,
    "Avg Input Length": 8250.884,
    "Avg Output Length": 124.534,
    "Total Throughput": 5388.885457273003,
    "Input Throughput": 5306.5621623651205,
    "Output Throughput": 5306.5621623651205,
    "request_time": {
        "P25": 74.0529534816742,
        "P50": 78.97477316856384,
        "P75": 83.11849784851074,
        "P90": 88.42124581336975,
        "P95": 96.93896555900574,
        "P99": 129.56660962104797,
        "P100": 137.3407301902771
    },
    "first_token_time_dict": {
        "P25": 4.355103492736816,
        "P50": 6.022726774215698,
        "P75": 9.34570050239563,
        "P90": 14.298334836959839,
        "P95": 32.031293630599976,
        "P99": 64.9080240726471,
        "P100": 71.45383262634277
    },
    "decode_token_time_dict": {
        "P25": 536.9146476026441,
        "P50": 583.4392195656186,
        "P75": 608.4035979814765,
        "P90": 621.6391650113192,
        "P95": 638.4034024344551,
        "P99": 655.5073338170205,
        "P100": 664.5508293182619
    }
}