{
    "backend": "lmdeploy",
    "clients": 15,
    "request_num": 500,
    "Total QPS": 0.2914843341686559,
    "Avg Input Length": 16469.37,
    "Avg Output Length": 118.078,
    "Total Throughput": 4837.873343400824,
    "Input Throughput": 4800.563348627235,
    "Output Throughput": 4800.563348627235,
    "request_time": {
        "P25": 48.0513117313385,
        "P50": 52.099550008773804,
        "P75": 56.024776220321655,
        "P90": 59.34035015106201,
        "P95": 60.92189812660217,
        "P99": 66.47347688674927,
        "P100": 72.51125645637512
    },
    "first_token_time_dict": {
        "P25": 4.364389896392822,
        "P50": 6.506113052368164,
        "P75": 9.764327049255371,
        "P90": 12.19489598274231,
        "P95": 14.592210054397583,
        "P99": 31.82549786567688,
        "P100": 42.32132339477539
    },
    "decode_token_time_dict": {
        "P25": 347.9287819428877,
        "P50": 389.4921406622856,
        "P75": 414.4837245468266,
        "P90": 434.0228693825858,
        "P95": 447.50920171323025,
        "P99": 466.06142542003533,
        "P100": 512.0259620047905
    }
}