{
    "backend": "lmdeploy",
    "clients": 100,
    "request_num": 500,
    "Total QPS": 0.6237751321487096,
    "Avg Input Length": 8250.884,
    "Avg Output Length": 125.694,
    "Total Throughput": 5226.5394743587085,
    "Input Throughput": 5146.696257443674,
    "Output Throughput": 5146.696257443674,
    "request_time": {
        "P25": 153.08905863761902,
        "P50": 160.08734965324402,
        "P75": 165.80374717712402,
        "P90": 173.15658593177795,
        "P95": 198.7146396636963,
        "P99": 233.05346035957336,
        "P100": 242.40479111671448
    },
    "first_token_time_dict": {
        "P25": 68.1601049900055,
        "P50": 73.61922717094421,
        "P75": 78.50223970413208,
        "P90": 84.01071882247925,
        "P95": 111.07676935195923,
        "P99": 145.54855108261108,
        "P100": 155.00422143936157
    },
    "decode_token_time_dict": {
        "P25": 684.6291034940689,
        "P50": 696.9105743226552,
        "P75": 720.5631885528564,
        "P90": 729.433581111877,
        "P95": 743.1090905414363,
        "P99": 827.8437173070986,
        "P100": 1232.0284882212075
    }
}