{
    "backend": "lmdeploy",
    "clients": 50,
    "request_num": 500,
    "Total QPS": 3.81846748148289,
    "Avg Input Length": 1031.778,
    "Avg Output Length": 127.072,
    "Total Throughput": 4428.574578739263,
    "Input Throughput": 3939.8107411094534,
    "Output Throughput": 3939.8107411094534,
    "request_time": {
        "P25": 12.877774715423584,
        "P50": 13.140366792678833,
        "P75": 13.401796340942383,
        "P90": 14.20270848274231,
        "P95": 14.872592449188232,
        "P99": 18.158305168151855,
        "P100": 18.178234815597534
    },
    "first_token_time_dict": {
        "P25": 2.1180875301361084,
        "P50": 2.426267623901367,
        "P75": 2.666905164718628,
        "P90": 3.9029359817504883,
        "P95": 4.462689638137817,
        "P99": 8.01260757446289,
        "P100": 8.063100337982178
    },
    "decode_token_time_dict": {
        "P25": 81.3615960398997,
        "P50": 84.38259457784986,
        "P75": 87.21884727478027,
        "P90": 91.53162331140342,
        "P95": 94.89772811768547,
        "P99": 101.29203872075158,
        "P100": 106.8177490234375
    }
}