{
    "backend": "lmdeploy",
    "clients": 100,
    "request_num": 500,
    "Total QPS": 1.31792328433537,
    "Avg Input Length": 4125.696,
    "Avg Output Length": 127.252,
    "Total Throughput": 5606.045002884227,
    "Input Throughput": 5437.350822489299,
    "Output Throughput": 5437.350822489299,
    "request_time": {
        "P25": 72.42758679389954,
        "P50": 75.72247815132141,
        "P75": 80.57836151123047,
        "P90": 105.17085576057434,
        "P95": 121.07103490829468,
        "P99": 137.42664504051208,
        "P100": 141.72234630584717
    },
    "first_token_time_dict": {
        "P25": 2.978280544281006,
        "P50": 4.342327117919922,
        "P75": 7.238159894943237,
        "P90": 34.62144088745117,
        "P95": 50.76383852958679,
        "P99": 67.15854048728943,
        "P100": 70.39782786369324
    },
    "decode_token_time_dict": {
        "P25": 539.534856015303,
        "P50": 561.0608153455839,
        "P75": 570.8010934648061,
        "P90": 592.7182568444146,
        "P95": 598.7341766357422,
        "P99": 601.640059834435,
        "P100": 625.780617672464
    }
}