{
    "backend": "lmdeploy",
    "clients": 5,
    "request_num": 500,
    "Total QPS": 0.6652736043445546,
    "Avg Input Length": 4125.696,
    "Avg Output Length": 127.632,
    "Total Throughput": 2829.8716697060145,
    "Input Throughput": 2744.7166483499113,
    "Output Throughput": 2744.7166483499113,
    "request_time": {
        "P25": 7.020154237747192,
        "P50": 7.448969841003418,
        "P75": 7.950631141662598,
        "P90": 8.355236768722534,
        "P95": 8.611265659332275,
        "P99": 9.27936577796936,
        "P100": 10.27401328086853
    },
    "first_token_time_dict": {
        "P25": 1.0171349048614502,
        "P50": 1.381180763244629,
        "P75": 1.7260591983795166,
        "P90": 2.0892856121063232,
        "P95": 2.4977529048919678,
        "P99": 3.7294883728027344,
        "P100": 4.684691667556763
    },
    "decode_token_time_dict": {
        "P25": 44.19103382140633,
        "P50": 47.77079116641067,
        "P75": 51.26660589187864,
        "P90": 54.6897058411846,
        "P95": 56.82764545319572,
        "P99": 60.34732428122693,
        "P100": 62.73899115915374
    }
}