{
    "backend": "lmdeploy",
    "clients": 15,
    "request_num": 500,
    "Total QPS": 2.2129150079189235,
    "Avg Input Length": 1031.778,
    "Avg Output Length": 127.69,
    "Total Throughput": 2566.490142054193,
    "Input Throughput": 2283.2370210405707,
    "Output Throughput": 2283.2370210405707,
    "request_time": {
        "P25": 6.562615633010864,
        "P50": 6.689775466918945,
        "P75": 6.8815016746521,
        "P90": 7.047073125839233,
        "P95": 7.127899408340454,
        "P99": 7.16389536857605,
        "P100": 7.978517770767212
    },
    "first_token_time_dict": {
        "P25": 1.2018036842346191,
        "P50": 1.5862374305725098,
        "P75": 2.1487228870391846,
        "P90": 2.3696300983428955,
        "P95": 2.6218297481536865,
        "P99": 2.6867003440856934,
        "P100": 2.9052700996398926
    },
    "decode_token_time_dict": {
        "P25": 35.63489313200703,
        "P50": 40.933496370090275,
        "P75": 43.29068374633789,
        "P90": 44.49927525257501,
        "P95": 50.0464852400652,
        "P99": 53.4506576267753,
        "P100": 54.4798805957704
    }
}