{
    "backend": "lmdeploy",
    "clients": 10,
    "request_num": 500,
    "Total QPS": 0.8993384659698294,
    "Avg Input Length": 4125.696,
    "Avg Output Length": 127.438,
    "Total Throughput": 3825.512435341999,
    "Input Throughput": 3710.397111697861,
    "Output Throughput": 3710.397111697861,
    "request_time": {
        "P25": 10.507938623428345,
        "P50": 11.124390840530396,
        "P75": 11.765640497207642,
        "P90": 12.370260238647461,
        "P95": 12.724831342697144,
        "P99": 13.56589961051941,
        "P100": 14.571371793746948
    },
    "first_token_time_dict": {
        "P25": 1.1484296321868896,
        "P50": 1.4648759365081787,
        "P75": 1.798462152481079,
        "P90": 2.2955615520477295,
        "P95": 3.5147225856781006,
        "P99": 5.343080282211304,
        "P100": 6.8401007652282715
    },
    "decode_token_time_dict": {
        "P25": 70.13705609336732,
        "P50": 76.33746237981886,
        "P75": 80.41660369388642,
        "P90": 84.3966423519074,
        "P95": 86.75793995932928,
        "P99": 92.50492709023612,
        "P100": 104.14056911646763
    }
}