{
    "backend": "lmdeploy",
    "clients": 5,
    "request_num": 500,
    "Total QPS": 0.2529924477389974,
    "Avg Input Length": 16469.37,
    "Avg Output Length": 117.446,
    "Total Throughput": 4199.009262329802,
    "Input Throughput": 4166.626229019211,
    "Output Throughput": 4166.626229019211,
    "request_time": {
        "P25": 17.50676465034485,
        "P50": 19.792693376541138,
        "P75": 21.879390954971313,
        "P90": 23.684940338134766,
        "P95": 25.015226125717163,
        "P99": 27.314510345458984,
        "P100": 31.29103136062622
    },
    "first_token_time_dict": {
        "P25": 2.940504312515259,
        "P50": 4.048926830291748,
        "P75": 5.553759336471558,
        "P90": 7.738637208938599,
        "P95": 8.864103078842163,
        "P99": 12.703348636627197,
        "P100": 17.883920192718506
    },
    "decode_token_time_dict": {
        "P25": 109.81052800228721,
        "P50": 132.66570351340553,
        "P75": 153.49667995899645,
        "P90": 167.5280165254024,
        "P95": 180.23851814619994,
        "P99": 194.2263611959755,
        "P100": 206.59211359986472
    }
}