{
    "backend": "lmdeploy",
    "clients": 15,
    "request_num": 500,
    "Total QPS": 0.5721558850237248,
    "Avg Input Length": 8250.884,
    "Avg Output Length": 123.018,
    "Total Throughput": 4794.027790531128,
    "Input Throughput": 4720.791837248091,
    "Output Throughput": 4720.791837248091,
    "request_time": {
        "P25": 24.36061954498291,
        "P50": 26.38690161705017,
        "P75": 28.22154974937439,
        "P90": 30.1741726398468,
        "P95": 30.923889875411987,
        "P99": 33.25242257118225,
        "P100": 36.438814878463745
    },
    "first_token_time_dict": {
        "P25": 2.2439451217651367,
        "P50": 3.6746010780334473,
        "P75": 5.257368803024292,
        "P90": 7.473496198654175,
        "P95": 8.645190477371216,
        "P99": 15.403408527374268,
        "P100": 19.535890817642212
    },
    "decode_token_time_dict": {
        "P25": 167.16378593444824,
        "P50": 183.31387350636143,
        "P75": 197.87889769097336,
        "P90": 211.62954298388055,
        "P95": 217.59265084420483,
        "P99": 224.94292451489355,
        "P100": 235.702383518219
    }
}