{
    "backend": "lmdeploy",
    "clients": 50,
    "request_num": 500,
    "Total QPS": 1.2629322218132004,
    "Avg Input Length": 4125.696,
    "Avg Output Length": 127.076,
    "Total Throughput": 5372.129740197924,
    "Input Throughput": 5210.474415805834,
    "Output Throughput": 5210.474415805834,
    "request_time": {
        "P25": 38.29849147796631,
        "P50": 39.99959468841553,
        "P75": 41.714707136154175,
        "P90": 43.87982535362244,
        "P95": 49.9116370677948,
        "P99": 65.4476408958435,
        "P100": 68.22597098350525
    },
    "first_token_time_dict": {
        "P25": 2.3214852809906006,
        "P50": 2.893477201461792,
        "P75": 4.263401985168457,
        "P90": 5.780076026916504,
        "P95": 15.439684391021729,
        "P99": 31.642504692077637,
        "P100": 33.9737446308136
    },
    "decode_token_time_dict": {
        "P25": 275.5600109100342,
        "P50": 289.1646339779809,
        "P75": 298.55837329985604,
        "P90": 303.56738511032944,
        "P95": 312.76264077141167,
        "P99": 322.1924419403076,
        "P100": 323.842378616333
    }
}