{
    "backend": "lmdeploy",
    "clients": 50,
    "request_num": 500,
    "Total QPS": 0.2869189494258114,
    "Avg Input Length": 16469.37,
    "Avg Output Length": 120.434,
    "Total Throughput": 4762.099963631479,
    "Input Throughput": 4725.374338104975,
    "Output Throughput": 4725.374338104975,
    "request_time": {
        "P25": 166.36468648910522,
        "P50": 175.34630632400513,
        "P75": 182.38330793380737,
        "P90": 188.13466691970825,
        "P95": 193.62999200820923,
        "P99": 237.1048469543457,
        "P100": 251.4032108783722
    },
    "first_token_time_dict": {
        "P25": 71.90337133407593,
        "P50": 81.93608808517456,
        "P75": 88.50752568244934,
        "P90": 93.73592138290405,
        "P95": 97.38602256774902,
        "P99": 149.74168491363525,
        "P100": 163.1949541568756
    },
    "decode_token_time_dict": {
        "P25": 764.8948499979067,
        "P50": 796.2617106356863,
        "P75": 825.9378457680727,
        "P90": 854.1476436283277,
        "P95": 893.4597634086924,
        "P99": 1108.1996933888581,
        "P100": 1301.4691051889638
    }
}