{
    "backend": "lmdeploy",
    "clients": 10,
    "request_num": 500,
    "Total QPS": 0.28197653473934464,
    "Avg Input Length": 16469.37,
    "Avg Output Length": 113.114,
    "Total Throughput": 4680.068878386757,
    "Input Throughput": 4643.97588194012,
    "Output Throughput": 4643.97588194012,
    "request_time": {
        "P25": 32.22810673713684,
        "P50": 35.75975060462952,
        "P75": 38.79283285140991,
        "P90": 41.819514989852905,
        "P95": 43.95559859275818,
        "P99": 49.20118832588196,
        "P100": 52.05901002883911
    },
    "first_token_time_dict": {
        "P25": 3.226750373840332,
        "P50": 4.8715620040893555,
        "P75": 7.145008087158203,
        "P90": 10.57052993774414,
        "P95": 13.777984380722046,
        "P99": 23.92630434036255,
        "P100": 31.504684925079346
    },
    "decode_token_time_dict": {
        "P25": 233.08992178543755,
        "P50": 270.7504297779725,
        "P75": 303.1538989808824,
        "P90": 327.0814374641136,
        "P95": 345.0770306587219,
        "P99": 370.3064139072711,
        "P100": 379.9634049239668
    }
}