{
    "backend": "lmdeploy",
    "clients": 5,
    "request_num": 500,
    "Total QPS": 0.44101803311628013,
    "Avg Input Length": 8250.884,
    "Avg Output Length": 123.298,
    "Total Throughput": 3695.23894138947,
    "Input Throughput": 3638.7886331505856,
    "Output Throughput": 3638.7886331505856,
    "request_time": {
        "P25": 10.317259788513184,
        "P50": 11.322553396224976,
        "P75": 12.273744344711304,
        "P90": 13.05270528793335,
        "P95": 13.630423069000244,
        "P99": 15.315706014633179,
        "P100": 18.250816583633423
    },
    "first_token_time_dict": {
        "P25": 1.2550544738769531,
        "P50": 1.7544987201690674,
        "P75": 2.7591724395751953,
        "P90": 4.297863483428955,
        "P95": 4.679004430770874,
        "P99": 6.860391855239868,
        "P100": 8.405826807022095
    },
    "decode_token_time_dict": {
        "P25": 67.18297735337288,
        "P50": 76.62491682099133,
        "P75": 85.03294188129016,
        "P90": 90.47577794918344,
        "P95": 95.91288687819142,
        "P99": 102.08244444960255,
        "P100": 105.68831706869192
    }
}