{
    "backend": "lmdeploy",
    "clients": 100,
    "request_num": 500,
    "Total QPS": 4.389056037180533,
    "Avg Input Length": 1031.778,
    "Avg Output Length": 127.726,
    "Total Throughput": 5090.330632689165,
    "Input Throughput": 4528.531459930056,
    "Output Throughput": 4528.531459930056,
    "request_time": {
        "P25": 21.85550308227539,
        "P50": 22.697692394256592,
        "P75": 23.7569899559021,
        "P90": 28.14198660850525,
        "P95": 32.089781761169434,
        "P99": 36.1778199672699,
        "P100": 36.19626975059509
    },
    "first_token_time_dict": {
        "P25": 2.6278247833251953,
        "P50": 2.7767648696899414,
        "P75": 4.076646327972412,
        "P90": 8.48516321182251,
        "P95": 12.63379716873169,
        "P99": 16.45734739303589,
        "P100": 16.48970127105713
    },
    "decode_token_time_dict": {
        "P25": 150.33544517877533,
        "P50": 155.96512358958327,
        "P75": 159.28088961623786,
        "P90": 161.17383175947535,
        "P95": 167.85952800840843,
        "P99": 170.68661104037068,
        "P100": 179.30017493841217
    }
}