{
    "backend": "lmdeploy",
    "clients": 10,
    "request_num": 500,
    "Total QPS": 1.7549977890053232,
    "Avg Input Length": 1031.778,
    "Avg Output Length": 127.738,
    "Total Throughput": 2035.4078257370156,
    "Input Throughput": 1810.7681087443343,
    "Output Throughput": 1810.7681087443343,
    "request_time": {
        "P25": 5.551941871643066,
        "P50": 5.696488380432129,
        "P75": 5.850782632827759,
        "P90": 5.9656267166137695,
        "P95": 6.036048173904419,
        "P99": 6.1175501346588135,
        "P100": 6.1260035037994385
    },
    "first_token_time_dict": {
        "P25": 1.0773000717163086,
        "P50": 1.29152250289917,
        "P75": 1.4689791202545166,
        "P90": 1.6683709621429443,
        "P95": 1.7237820625305176,
        "P99": 1.8817977905273438,
        "P100": 1.933135986328125
    },
    "decode_token_time_dict": {
        "P25": 32.90929944496455,
        "P50": 34.82957900039793,
        "P75": 36.095764901902946,
        "P90": 37.78396144745842,
        "P95": 43.18886291323684,
        "P99": 45.188539610134335,
        "P100": 46.12175310690572
    }
}