{
    "backend": "lmdeploy",
    "clients": 25,
    "request_num": 500,
    "Total QPS": 2.80030490052276,
    "Avg Input Length": 1031.778,
    "Avg Output Length": 127.38,
    "Total Throughput": 3247.7320169184854,
    "Input Throughput": 2889.2929896515725,
    "Output Throughput": 2889.2929896515725,
    "request_time": {
        "P25": 8.635352611541748,
        "P50": 8.974940776824951,
        "P75": 9.223485708236694,
        "P90": 9.406684875488281,
        "P95": 9.66422176361084,
        "P99": 10.027720212936401,
        "P100": 10.390621662139893
    },
    "first_token_time_dict": {
        "P25": 1.5821833610534668,
        "P50": 1.9474897384643555,
        "P75": 2.2070424556732178,
        "P90": 2.679746150970459,
        "P95": 2.9678728580474854,
        "P99": 3.832103967666626,
        "P100": 4.131545543670654
    },
    "decode_token_time_dict": {
        "P25": 52.48031044006348,
        "P50": 55.04969755808512,
        "P75": 58.710542936173695,
        "P90": 63.97376285763237,
        "P95": 66.2568485926068,
        "P99": 71.33788574398972,
        "P100": 74.69522385370165
    }
}