{
    "backend": "lmdeploy",
    "clients": 5,
    "request_num": 500,
    "Total QPS": 1.0389904002848107,
    "Avg Input Length": 1031.778,
    "Avg Output Length": 127.824,
    "Total Throughput": 1204.9982084615174,
    "Input Throughput": 1072.0074372250615,
    "Output Throughput": 1072.0074372250615,
    "request_time": {
        "P25": 4.702610492706299,
        "P50": 4.81394362449646,
        "P75": 4.9106125831604,
        "P90": 5.011889219284058,
        "P95": 5.059859991073608,
        "P99": 5.090219974517822,
        "P100": 5.229894161224365
    },
    "first_token_time_dict": {
        "P25": 0.6600565910339355,
        "P50": 0.8464221954345703,
        "P75": 0.9668760299682617,
        "P90": 1.0532147884368896,
        "P95": 1.1248626708984375,
        "P99": 1.1736998558044434,
        "P100": 1.303800106048584
    },
    "decode_token_time_dict": {
        "P25": 30.757780150165708,
        "P50": 30.884339114812416,
        "P75": 31.81104960404043,
        "P90": 36.03019676809236,
        "P95": 36.902016542089264,
        "P99": 38.10060681320551,
        "P100": 46.44513867565037
    }
}