{
    "backend": "lmdeploy",
    "clients": 25,
    "request_num": 500,
    "Total QPS": 1.1193592962697962,
    "Avg Input Length": 4125.696,
    "Avg Output Length": 127.418,
    "Total Throughput": 4761.4141611056475,
    "Input Throughput": 4618.136171183113,
    "Output Throughput": 4618.136171183113,
    "request_time": {
        "P25": 21.6222186088562,
        "P50": 22.59642219543457,
        "P75": 23.651740074157715,
        "P90": 24.383110523223877,
        "P95": 25.111613512039185,
        "P99": 28.718069076538086,
        "P100": 31.456900358200073
    },
    "first_token_time_dict": {
        "P25": 1.57672119140625,
        "P50": 2.051959276199341,
        "P75": 2.814012289047241,
        "P90": 4.286454916000366,
        "P95": 6.77963399887085,
        "P99": 12.584969997406006,
        "P100": 14.647828102111816
    },
    "decode_token_time_dict": {
        "P25": 150.9718125260721,
        "P50": 159.3236488009256,
        "P75": 167.44333411019946,
        "P90": 173.42119557516915,
        "P95": 176.16447948274157,
        "P99": 181.83510644095284,
        "P100": 196.52197096082898
    }
}