{
    "backend": "lmdeploy",
    "clients": 15,
    "request_num": 500,
    "Total QPS": 1.0092187141461124,
    "Avg Input Length": 4125.696,
    "Avg Output Length": 127.262,
    "Total Throughput": 4292.909607488462,
    "Input Throughput": 4163.72961207776,
    "Output Throughput": 4163.72961207776,
    "request_time": {
        "P25": 14.175878047943115,
        "P50": 14.936970710754395,
        "P75": 15.681087017059326,
        "P90": 16.373780965805054,
        "P95": 16.767343044281006,
        "P99": 17.629425525665283,
        "P100": 18.329508066177368
    },
    "first_token_time_dict": {
        "P25": 1.3604652881622314,
        "P50": 1.8023803234100342,
        "P75": 2.4661355018615723,
        "P90": 3.316863775253296,
        "P95": 4.238917112350464,
        "P99": 8.075822591781616,
        "P100": 9.379765033721924
    },
    "decode_token_time_dict": {
        "P25": 96.36747180007573,
        "P50": 102.43308825755683,
        "P75": 108.42687364608523,
        "P90": 112.02775675152975,
        "P95": 114.824858922807,
        "P99": 120.12974739074707,
        "P100": 126.65296168554396
    }
}