{
    "backend": "lmdeploy",
    "clients": 25,
    "request_num": 500,
    "Total QPS": 0.6065334912083713,
    "Avg Input Length": 8250.884,
    "Avg Output Length": 122.742,
    "Total Throughput": 5082.073764949963,
    "Input Throughput": 5004.437478075291,
    "Output Throughput": 5004.437478075291,
    "request_time": {
        "P25": 38.678441524505615,
        "P50": 41.99305057525635,
        "P75": 44.3122341632843,
        "P90": 46.348878145217896,
        "P95": 48.24260687828064,
        "P99": 56.715760707855225,
        "P100": 62.780176639556885
    },
    "first_token_time_dict": {
        "P25": 2.6466546058654785,
        "P50": 4.3529253005981445,
        "P75": 6.030588150024414,
        "P90": 9.34430980682373,
        "P95": 14.07455325126648,
        "P99": 25.914278984069824,
        "P100": 30.594022512435913
    },
    "decode_token_time_dict": {
        "P25": 279.9454556136835,
        "P50": 306.2731475830078,
        "P75": 326.551513593705,
        "P90": 338.9985344626687,
        "P95": 347.79155254364014,
        "P99": 357.68467585245764,
        "P100": 379.1111349090328
    }
}