{
    "backend": "lmdeploy",
    "clients": 10,
    "request_num": 500,
    "Total QPS": 3.4780443236212286,
    "Avg Input Length": 1031.778,
    "Avg Output Length": 126.982,
    "Total Throughput": 4033.759289560781,
    "Input Throughput": 3588.569616137264,
    "Output Throughput": 3588.569616137264,
    "request_time": {
        "P25": 2.8081307411193848,
        "P50": 2.841482162475586,
        "P75": 2.878323554992676,
        "P90": 2.9283759593963623,
        "P95": 2.94290828704834,
        "P99": 3.024974822998047,
        "P100": 3.0315170288085938
    },
    "first_token_time_dict": {
        "P25": 0.21296477317810059,
        "P50": 0.24090170860290527,
        "P75": 0.26656079292297363,
        "P90": 0.2928307056427002,
        "P95": 0.3119826316833496,
        "P99": 0.3416867256164551,
        "P100": 0.35093021392822266
    },
    "decode_token_time_dict": {
        "P25": 20.392802026536728,
        "P50": 20.631379551357693,
        "P75": 20.998510103377086,
        "P90": 21.463318476601252,
        "P95": 21.629172658163405,
        "P99": 22.092313993544803,
        "P100": 22.913504819400977
    }
}