{
    "backend": "lmdeploy",
    "clients": 5,
    "request_num": 500,
    "Total QPS": 1.395617533270726,
    "Avg Input Length": 8250.884,
    "Avg Output Length": 126.928,
    "Total Throughput": 11693.717419641553,
    "Input Throughput": 11515.0783753829,
    "Output Throughput": 11515.0783753829,
    "request_time": {
        "P25": 3.3884825706481934,
        "P50": 3.571877956390381,
        "P75": 3.713653326034546,
        "P90": 3.8355395793914795,
        "P95": 3.936371326446533,
        "P99": 3.989309787750244,
        "P100": 4.029362201690674
    },
    "first_token_time_dict": {
        "P25": 0.45520496368408203,
        "P50": 0.6817319393157959,
        "P75": 0.9123020172119141,
        "P90": 1.0960464477539062,
        "P95": 1.1767091751098633,
        "P99": 1.333892822265625,
        "P100": 1.4248363971710205
    },
    "decode_token_time_dict": {
        "P25": 20.73691761682904,
        "P50": 22.499186652047293,
        "P75": 24.541818906390475,
        "P90": 26.093920071919758,
        "P95": 26.98752212524414,
        "P99": 28.065242464580233,
        "P100": 28.75543019128224
    }
}