{
    "backend": "lmdeploy",
    "clients": 50,
    "request_num": 500,
    "Total QPS": 6.425570035132237,
    "Avg Input Length": 4125.696,
    "Avg Output Length": 126.93,
    "Total Throughput": 27332.42155616186,
    "Input Throughput": 26509.948591664932,
    "Output Throughput": 26509.948591664932,
    "request_time": {
        "P25": 7.58273983001709,
        "P50": 7.674931049346924,
        "P75": 7.919355392456055,
        "P90": 8.09966516494751,
        "P95": 8.133898735046387,
        "P99": 8.155889511108398,
        "P100": 8.163324356079102
    },
    "first_token_time_dict": {
        "P25": 1.5715384483337402,
        "P50": 2.5812253952026367,
        "P75": 3.6915955543518066,
        "P90": 4.397719621658325,
        "P95": 4.5970540046691895,
        "P99": 4.954271554946899,
        "P100": 5.085073471069336
    },
    "decode_token_time_dict": {
        "P25": 31.789037916395397,
        "P50": 40.89849146585616,
        "P75": 48.97132563212561,
        "P90": 53.83280534592886,
        "P95": 55.96440557449583,
        "P99": 58.74950166732546,
        "P100": 59.99652923099578
    }
}