{
    "backend": "lmdeploy",
    "clients": 100,
    "request_num": 500,
    "Total QPS": 2.1730562417214707,
    "Avg Input Length": 16469.37,
    "Avg Output Length": 126.976,
    "Total Throughput": 36067.01847466069,
    "Input Throughput": 35788.86727572034,
    "Output Throughput": 35788.86727572034,
    "request_time": {
        "P25": 45.1709463596344,
        "P50": 46.40861940383911,
        "P75": 46.82935857772827,
        "P90": 46.8727240562439,
        "P95": 46.889304876327515,
        "P99": 46.90684247016907,
        "P100": 46.91225337982178
    },
    "first_token_time_dict": {
        "P25": 11.58031940460205,
        "P50": 21.366291284561157,
        "P75": 29.76643443107605,
        "P90": 37.00019812583923,
        "P95": 39.614553928375244,
        "P99": 41.91790294647217,
        "P100": 42.80291438102722
    },
    "decode_token_time_dict": {
        "P25": 126.57261083996485,
        "P50": 194.86590226491293,
        "P75": 271.0596985287136,
        "P90": 317.3191963680207,
        "P95": 328.3220226802523,
        "P99": 342.38635358356294,
        "P100": 347.1120520243569
    }
}