{
    "backend": "lmdeploy",
    "clients": 50,
    "request_num": 500,
    "Total QPS": 3.7792298070892754,
    "Avg Input Length": 8250.884,
    "Avg Output Length": 126.91,
    "Total Throughput": 31665.72816294342,
    "Input Throughput": 31181.98674763599,
    "Output Throughput": 31181.98674763599,
    "request_time": {
        "P25": 12.986823320388794,
        "P50": 13.112693548202515,
        "P75": 13.60774278640747,
        "P90": 13.669088125228882,
        "P95": 13.933863401412964,
        "P99": 13.959046363830566,
        "P100": 13.964430809020996
    },
    "first_token_time_dict": {
        "P25": 2.9983861446380615,
        "P50": 5.2614405155181885,
        "P75": 7.574039459228516,
        "P90": 9.075948715209961,
        "P95": 9.587588787078857,
        "P99": 10.219664812088013,
        "P100": 10.85621976852417
    },
    "decode_token_time_dict": {
        "P25": 43.961265730479404,
        "P50": 62.2136290111239,
        "P75": 80.65052259536017,
        "P90": 91.44376573108491,
        "P95": 95.63386251056005,
        "P99": 101.09765945918976,
        "P100": 102.58673602699214
    }
}