{
    "backend": "lmdeploy",
    "clients": 5,
    "request_num": 500,
    "Total QPS": 2.0325260930297824,
    "Avg Input Length": 1031.778,
    "Avg Output Length": 126.978,
    "Total Throughput": 2357.279047121895,
    "Input Throughput": 2097.1157072140827,
    "Output Throughput": 2097.1157072140827,
    "request_time": {
        "P25": 2.4151928424835205,
        "P50": 2.441938638687134,
        "P75": 2.4665331840515137,
        "P90": 2.4915318489074707,
        "P95": 2.5048530101776123,
        "P99": 2.5209977626800537,
        "P100": 2.532846689224243
    },
    "first_token_time_dict": {
        "P25": 0.09551000595092773,
        "P50": 0.10597920417785645,
        "P75": 0.12063407897949219,
        "P90": 0.13187789916992188,
        "P95": 0.13880705833435059,
        "P99": 0.15352082252502441,
        "P100": 0.20744943618774414
    },
    "decode_token_time_dict": {
        "P25": 18.29464662642706,
        "P50": 18.530768061441087,
        "P75": 18.709633085462784,
        "P90": 18.845582765246196,
        "P95": 18.9593822237045,
        "P99": 19.188040778750462,
        "P100": 19.689769279666063
    }
}