{
    "backend": "lmdeploy",
    "clients": 100,
    "request_num": 500,
    "Total QPS": 7.907878482688637,
    "Avg Input Length": 4125.696,
    "Avg Output Length": 126.91,
    "Total Throughput": 33637.71107029873,
    "Input Throughput": 32625.50262451458,
    "Output Throughput": 32625.50262451458,
    "request_time": {
        "P25": 12.51883339881897,
        "P50": 12.63408637046814,
        "P75": 12.70233941078186,
        "P90": 12.832982301712036,
        "P95": 12.857255458831787,
        "P99": 12.882240056991577,
        "P100": 12.886791944503784
    },
    "first_token_time_dict": {
        "P25": 2.9585013389587402,
        "P50": 5.119831562042236,
        "P75": 7.3400044441223145,
        "P90": 8.598480224609375,
        "P95": 9.080076456069946,
        "P99": 9.480504989624023,
        "P100": 9.773886919021606
    },
    "decode_token_time_dict": {
        "P25": 41.208723234751865,
        "P50": 58.369611936902245,
        "P75": 76.06394517989386,
        "P90": 86.21339570908319,
        "P95": 90.14983404250373,
        "P99": 93.1274417846922,
        "P100": 97.5191593170166
    }
}