{
    "backend": "lmdeploy",
    "clients": 15,
    "request_num": 500,
    "Total QPS": 1.5700467536366303,
    "Avg Input Length": 16469.37,
    "Avg Output Length": 126.976,
    "Total Throughput": 26058.646887405997,
    "Input Throughput": 25857.68090294051,
    "Output Throughput": 25857.68090294051,
    "request_time": {
        "P25": 9.106614828109741,
        "P50": 9.502087354660034,
        "P75": 9.912478685379028,
        "P90": 10.361517906188965,
        "P95": 10.53964352607727,
        "P99": 10.67676067352295,
        "P100": 10.68381929397583
    },
    "first_token_time_dict": {
        "P25": 1.8729779720306396,
        "P50": 3.064457654953003,
        "P75": 4.672051429748535,
        "P90": 5.833550453186035,
        "P95": 6.333554983139038,
        "P99": 7.097309112548828,
        "P100": 7.382027864456177
    },
    "decode_token_time_dict": {
        "P25": 37.43544835892935,
        "P50": 49.17909228612506,
        "P75": 59.46327201903812,
        "P90": 66.76085033113995,
        "P95": 69.26627007741777,
        "P99": 74.69397499447777,
        "P100": 77.98460930112809
    }
}