{
    "backend": "lmdeploy",
    "clients": 25,
    "request_num": 500,
    "Total QPS": 3.0791549653371377,
    "Avg Input Length": 8250.884,
    "Avg Output Length": 126.938,
    "Total Throughput": 25799.882272583898,
    "Input Throughput": 25405.750437020746,
    "Output Throughput": 25405.750437020746,
    "request_time": {
        "P25": 7.552532196044922,
        "P50": 8.048382043838501,
        "P75": 8.495886087417603,
        "P90": 8.666749238967896,
        "P95": 8.722407817840576,
        "P99": 9.08198881149292,
        "P100": 9.088490724563599
    },
    "first_token_time_dict": {
        "P25": 1.6049442291259766,
        "P50": 2.7453365325927734,
        "P75": 3.9069957733154297,
        "P90": 4.64406156539917,
        "P95": 5.007750988006592,
        "P99": 5.525314092636108,
        "P100": 5.980878829956055
    },
    "decode_token_time_dict": {
        "P25": 32.40315876309833,
        "P50": 41.985070894634916,
        "P75": 51.1932487487793,
        "P90": 57.54317177666558,
        "P95": 60.13467765989758,
        "P99": 63.46461508009168,
        "P100": 67.54472520616319
    }
}