{
    "backend": "triton",
    "clients": 10,
    "request_num": 500,
    "Total QPS": 1.2675242080830862,
    "Avg Input Length": 16469.37,
    "Avg Output Length": 127.544,
    "Total Throughput": 21037.56826551197,
    "Input Throughput": 20875.325166877337,
    "Output Throughput": 20875.325166877337,
    "request_time": {
        "P25": 7.2967846393585205,
        "P50": 7.923057794570923,
        "P75": 8.619153261184692,
        "P90": 9.149394750595093,
        "P95": 9.281213283538818,
        "P99": 9.932071208953857,
        "P100": 9.943592071533203
    },
    "first_token_time_dict": {
        "P25": 4.488595008850098,
        "P50": 5.705679893493652,
        "P75": 6.099003076553345,
        "P90": 6.601924896240234,
        "P95": 6.734415531158447,
        "P99": 7.122523546218872,
        "P100": 7.129491806030273
    },
    "decode_token_time_dict": {
        "P25": 16.34287458705151,
        "P50": 16.924965100025567,
        "P75": 20.732487280537764,
        "P90": 52.003608913872185,
        "P95": 60.92581786508635,
        "P99": 68.73888669051523,
        "P100": 340.5831257502238
    }
}