{
    "backend": "triton",
    "clients": 15,
    "request_num": 500,
    "Total QPS": 2.5645749958000335,
    "Avg Input Length": 8250.884,
    "Avg Output Length": 127.746,
    "Total Throughput": 21488.276399108967,
    "Input Throughput": 21160.010799646563,
    "Output Throughput": 21160.010799646563,
    "request_time": {
        "P25": 5.593507766723633,
        "P50": 5.782972097396851,
        "P75": 6.199197292327881,
        "P90": 6.5297980308532715,
        "P95": 6.660712480545044,
        "P99": 6.741933345794678,
        "P100": 6.745439291000366
    },
    "first_token_time_dict": {
        "P25": 3.375576972961426,
        "P50": 3.682326316833496,
        "P75": 4.095496654510498,
        "P90": 4.550594806671143,
        "P95": 4.679066181182861,
        "P99": 4.749606609344482,
        "P100": 4.754780292510986
    },
    "decode_token_time_dict": {
        "P25": 14.712742933138149,
        "P50": 15.366289559311754,
        "P75": 17.71389593289593,
        "P90": 37.42541290643647,
        "P95": 43.62673646821751,
        "P99": 47.85439536327452,
        "P100": 49.74741823091282
    }
}