{
    "backend": "triton",
    "clients": 25,
    "request_num": 500,
    "Total QPS": 11.243697538642946,
    "Avg Input Length": 1031.778,
    "Avg Output Length": 127.89,
    "Total Throughput": 13040.193043972238,
    "Input Throughput": 11600.99975902594,
    "Output Throughput": 11600.99975902594,
    "request_time": {
        "P25": 2.1426923274993896,
        "P50": 2.2367377281188965,
        "P75": 2.2754642963409424,
        "P90": 2.3312594890594482,
        "P95": 2.349008798599243,
        "P99": 2.4152534008026123,
        "P100": 2.4217042922973633
    },
    "first_token_time_dict": {
        "P25": 0.537036657333374,
        "P50": 0.6287600994110107,
        "P75": 0.7053041458129883,
        "P90": 0.7602710723876953,
        "P95": 0.8142619132995605,
        "P99": 0.8386776447296143,
        "P100": 0.8963332176208496
    },
    "decode_token_time_dict": {
        "P25": 12.109221435907319,
        "P50": 12.294179811252384,
        "P75": 12.881393507709653,
        "P90": 16.752220514252432,
        "P95": 17.211501053937777,
        "P99": 17.574364744772122,
        "P100": 18.58750103026863
    }
}