{
    "backend": "triton",
    "clients": 5,
    "request_num": 500,
    "Total QPS": 1.7697970694124399,
    "Avg Input Length": 8250.884,
    "Avg Output Length": 127.748,
    "Total Throughput": 14828.924348146782,
    "Input Throughput": 14602.390323261989,
    "Output Throughput": 14602.390323261989,
    "request_time": {
        "P25": 2.630521535873413,
        "P50": 2.825899362564087,
        "P75": 3.0227341651916504,
        "P90": 3.1718523502349854,
        "P95": 3.267688512802124,
        "P99": 3.41975474357605,
        "P100": 3.507718324661255
    },
    "first_token_time_dict": {
        "P25": 0.3230304718017578,
        "P50": 1.053238868713379,
        "P75": 1.339895248413086,
        "P90": 1.5491864681243896,
        "P95": 1.6385893821716309,
        "P99": 1.8535289764404297,
        "P100": 1.9438014030456543
    },
    "decode_token_time_dict": {
        "P25": 11.671064406868041,
        "P50": 12.205424271230623,
        "P75": 18.923952823548806,
        "P90": 21.28327737643024,
        "P95": 22.098413602573665,
        "P99": 23.593020251416785,
        "P100": 25.61648248687504
    }
}