{
    "backend": "triton",
    "clients": 10,
    "request_num": 500,
    "Total QPS": 6.036871789662996,
    "Avg Input Length": 1031.778,
    "Avg Output Length": 127.894,
    "Total Throughput": 7001.43109047177,
    "Input Throughput": 6228.711501394907,
    "Output Throughput": 6228.711501394907,
    "request_time": {
        "P25": 1.624072790145874,
        "P50": 1.658337116241455,
        "P75": 1.6866309642791748,
        "P90": 1.7084403038024902,
        "P95": 1.7216978073120117,
        "P99": 1.7459876537322998,
        "P100": 1.7496654987335205
    },
    "first_token_time_dict": {
        "P25": 0.2245643138885498,
        "P50": 0.2664754390716553,
        "P75": 0.29638099670410156,
        "P90": 0.3466763496398926,
        "P95": 0.362959623336792,
        "P99": 0.3830549716949463,
        "P100": 0.3881347179412842
    },
    "decode_token_time_dict": {
        "P25": 10.621527048546499,
        "P50": 10.81756719454067,
        "P75": 11.116508423812746,
        "P90": 12.673289757075272,
        "P95": 12.8478478258989,
        "P99": 13.122750079537939,
        "P100": 13.323883372028982
    }
}