{
    "backend": "triton",
    "clients": 15,
    "request_num": 500,
    "Total QPS": 8.033702451949233,
    "Avg Input Length": 1031.778,
    "Avg Output Length": 127.894,
    "Total Throughput": 9317.311362316777,
    "Input Throughput": 8288.997448467275,
    "Output Throughput": 8288.997448467275,
    "request_time": {
        "P25": 1.811497449874878,
        "P50": 1.8370654582977295,
        "P75": 1.888042688369751,
        "P90": 1.921175479888916,
        "P95": 1.931272268295288,
        "P99": 1.9361064434051514,
        "P100": 1.9387977123260498
    },
    "first_token_time_dict": {
        "P25": 0.38193583488464355,
        "P50": 0.41222143173217773,
        "P75": 0.45254063606262207,
        "P90": 0.5227303504943848,
        "P95": 0.527862548828125,
        "P99": 0.5343942642211914,
        "P100": 0.538337230682373
    },
    "decode_token_time_dict": {
        "P25": 10.910265089020015,
        "P50": 11.12121108948715,
        "P75": 11.40094742061585,
        "P90": 13.90991248483733,
        "P95": 14.226650628517932,
        "P99": 14.669386420662947,
        "P100": 14.941091612568052
    }
}