{
    "backend": "triton",
    "clients": 5,
    "request_num": 500,
    "Total QPS": 1.085681243164496,
    "Avg Input Length": 16469.37,
    "Avg Output Length": 127.544,
    "Total Throughput": 18019.453294861112,
    "Input Throughput": 17880.486095736054,
    "Output Throughput": 17880.486095736054,
    "request_time": {
        "P25": 4.140994548797607,
        "P50": 4.5509419441223145,
        "P75": 5.056017637252808,
        "P90": 5.461212873458862,
        "P95": 5.631900310516357,
        "P99": 5.913788557052612,
        "P100": 5.9613037109375
    },
    "first_token_time_dict": {
        "P25": 0.6862733364105225,
        "P50": 2.1640453338623047,
        "P75": 2.8009068965911865,
        "P90": 3.331181287765503,
        "P95": 3.5148041248321533,
        "P99": 3.7117207050323486,
        "P100": 4.100011348724365
    },
    "decode_token_time_dict": {
        "P25": 13.721083092877246,
        "P50": 17.83443623640406,
        "P75": 29.071025022371547,
        "P90": 34.51555920398142,
        "P95": 37.166663042203645,
        "P99": 41.244471167016215,
        "P100": 210.51683028539023
    }
}