{
    "backend": "triton",
    "clients": 5,
    "request_num": 500,
    "Total QPS": 3.477641778692703,
    "Avg Input Length": 1031.778,
    "Avg Output Length": 127.894,
    "Total Throughput": 4033.292426808666,
    "Input Throughput": 3588.154279136,
    "Output Throughput": 3588.154279136,
    "request_time": {
        "P25": 1.414041519165039,
        "P50": 1.4365406036376953,
        "P75": 1.4591338634490967,
        "P90": 1.4787077903747559,
        "P95": 1.4892184734344482,
        "P99": 1.5080792903900146,
        "P100": 1.5223426818847656
    },
    "first_token_time_dict": {
        "P25": 0.06804776191711426,
        "P50": 0.1194300651550293,
        "P75": 0.15087628364562988,
        "P90": 0.18418455123901367,
        "P95": 0.1972954273223877,
        "P99": 0.21568584442138672,
        "P100": 0.22623324394226074
    },
    "decode_token_time_dict": {
        "P25": 10.080393843763456,
        "P50": 10.350201073593981,
        "P75": 10.663881076602484,
        "P90": 10.938604985635111,
        "P95": 11.11276881901298,
        "P99": 11.397654615987943,
        "P100": 11.490951372882511
    }
}