{
    "backend": "triton",
    "clients": 25,
    "request_num": 500,
    "Total QPS": 2.826867256225672,
    "Avg Input Length": 8250.884,
    "Avg Output Length": 127.754,
    "Total Throughput": 23685.992823313183,
    "Input Throughput": 23324.153814516296,
    "Output Throughput": 23324.153814516296,
    "request_time": {
        "P25": 8.123706817626953,
        "P50": 8.934148073196411,
        "P75": 9.397748231887817,
        "P90": 9.784060001373291,
        "P95": 9.824212074279785,
        "P99": 10.318769454956055,
        "P100": 10.331314086914062
    },
    "first_token_time_dict": {
        "P25": 5.662800550460815,
        "P50": 6.240241050720215,
        "P75": 6.805910587310791,
        "P90": 7.357563018798828,
        "P95": 7.388659477233887,
        "P99": 7.8126137256622314,
        "P100": 7.8186633586883545
    },
    "decode_token_time_dict": {
        "P25": 17.699861151026926,
        "P50": 18.906471297496886,
        "P75": 20.22867690859817,
        "P90": 23.94112639539824,
        "P95": 62.76830162589006,
        "P99": 72.39400683425542,
        "P100": 105.6378357846972
    }
}