{
    "backend": "triton",
    "clients": 10,
    "request_num": 500,
    "Total QPS": 2.3124549495413693,
    "Avg Input Length": 8250.884,
    "Avg Output Length": 127.61,
    "Total Throughput": 19375.791777432987,
    "Input Throughput": 19079.79754389169,
    "Output Throughput": 19079.79754389169,
    "request_time": {
        "P25": 4.070049047470093,
        "P50": 4.330278635025024,
        "P75": 4.5742027759552,
        "P90": 4.805552244186401,
        "P95": 5.013737440109253,
        "P99": 5.2741804122924805,
        "P100": 5.278252363204956
    },
    "first_token_time_dict": {
        "P25": 2.0328195095062256,
        "P50": 2.3502538204193115,
        "P75": 2.7677206993103027,
        "P90": 3.052199363708496,
        "P95": 3.245961904525757,
        "P99": 3.4703454971313477,
        "P100": 3.4749045372009277
    },
    "decode_token_time_dict": {
        "P25": 13.189715663279136,
        "P50": 13.708185961866002,
        "P75": 17.402971823384444,
        "P90": 31.550471238263945,
        "P95": 33.29498373617337,
        "P99": 36.101423849271036,
        "P100": 38.93764938895158
    }
}