{
    "backend": "triton",
    "clients": 100,
    "request_num": 500,
    "Total QPS": 20.057470194722402,
    "Avg Input Length": 1031.778,
    "Avg Output Length": 127.932,
    "Total Throughput": 23262.212667494758,
    "Input Throughput": 20694.85648257029,
    "Output Throughput": 20694.85648257029,
    "request_time": {
        "P25": 4.844682931900024,
        "P50": 4.985812664031982,
        "P75": 5.0472092628479,
        "P90": 5.093259334564209,
        "P95": 5.232579469680786,
        "P99": 5.276277780532837,
        "P100": 5.300370454788208
    },
    "first_token_time_dict": {
        "P25": 1.7560498714447021,
        "P50": 1.812229871749878,
        "P75": 2.746466636657715,
        "P90": 2.948237895965576,
        "P95": 2.964005470275879,
        "P99": 2.9983482360839844,
        "P100": 3.0187289714813232
    },
    "decode_token_time_dict": {
        "P25": 17.553395173681064,
        "P50": 24.076626995417076,
        "P75": 25.75038737199438,
        "P90": 27.0688533782959,
        "P95": 36.18304560503622,
        "P99": 38.38366035401352,
        "P100": 39.488345619261736
    }
}