{
    "backend": "triton",
    "clients": 100,
    "request_num": 500,
    "Total QPS": 2.979914020351298,
    "Avg Input Length": 8250.884,
    "Avg Output Length": 127.812,
    "Total Throughput": 24968.353906497163,
    "Input Throughput": 24586.924911892198,
    "Output Throughput": 24586.924911892198,
    "request_time": {
        "P25": 25.938016176223755,
        "P50": 37.71473026275635,
        "P75": 38.935914278030396,
        "P90": 39.025553703308105,
        "P95": 39.05774450302124,
        "P99": 39.240564584732056,
        "P100": 39.24961614608765
    },
    "first_token_time_dict": {
        "P25": 22.885592460632324,
        "P50": 25.21725296974182,
        "P75": 35.840338468551636,
        "P90": 35.99530291557312,
        "P95": 36.059834003448486,
        "P99": 36.07625198364258,
        "P100": 36.08809852600098
    },
    "decode_token_time_dict": {
        "P25": 23.070003104022167,
        "P50": 23.431543290145754,
        "P75": 25.53902273103008,
        "P90": 26.852823617890127,
        "P95": 27.444101694062002,
        "P99": 99.65531657061238,
        "P100": 101.8385079901988
    }
}