{
    "backend": "triton",
    "clients": 50,
    "request_num": 500,
    "Total QPS": 5.8373578678546245,
    "Avg Input Length": 4125.696,
    "Avg Output Length": 127.474,
    "Total Throughput": 24830.345813061744,
    "Input Throughput": 24083.164005976352,
    "Output Throughput": 24083.164005976352,
    "request_time": {
        "P25": 8.292206287384033,
        "P50": 8.55948519706726,
        "P75": 8.805343866348267,
        "P90": 8.933189153671265,
        "P95": 9.059196472167969,
        "P99": 9.079593420028687,
        "P100": 9.093880414962769
    },
    "first_token_time_dict": {
        "P25": 5.682259559631348,
        "P50": 5.939379692077637,
        "P75": 6.264693975448608,
        "P90": 6.470499038696289,
        "P95": 6.578141450881958,
        "P99": 6.600588798522949,
        "P100": 6.604878664016724
    },
    "decode_token_time_dict": {
        "P25": 18.831050302099992,
        "P50": 19.666123577928918,
        "P75": 21.844358894768664,
        "P90": 24.19275749386765,
        "P95": 64.25272573636273,
        "P99": 68.98228390010323,
        "P100": 81.37897326021779
    }
}