{
    "backend": "triton",
    "clients": 100,
    "request_num": 500,
    "Total QPS": 6.096063905094844,
    "Avg Input Length": 4125.696,
    "Avg Output Length": 127.59,
    "Total Throughput": 25930.80264884632,
    "Input Throughput": 25150.50646899418,
    "Output Throughput": 25150.50646899418,
    "request_time": {
        "P25": 15.048727989196777,
        "P50": 15.353036403656006,
        "P75": 15.770827770233154,
        "P90": 21.371139526367188,
        "P95": 24.53679847717285,
        "P99": 24.61351490020752,
        "P100": 24.673494338989258
    },
    "first_token_time_dict": {
        "P25": 5.993873596191406,
        "P50": 7.60450553894043,
        "P75": 9.284218311309814,
        "P90": 12.29979944229126,
        "P95": 15.565935373306274,
        "P99": 15.588826656341553,
        "P100": 15.75065541267395
    },
    "decode_token_time_dict": {
        "P25": 49.736537332609885,
        "P50": 70.87303897527259,
        "P75": 72.77160554420291,
        "P90": 76.07232491801103,
        "P95": 76.62092231390044,
        "P99": 95.46380155668484,
        "P100": 98.07103449904073
    }
}