{
    "backend": "triton",
    "clients": 10,
    "request_num": 500,
    "Total QPS": 3.606797365052798,
    "Avg Input Length": 4125.696,
    "Avg Output Length": 127.53,
    "Total Throughput": 15342.219524535627,
    "Input Throughput": 14880.549461808869,
    "Output Throughput": 14880.549461808869,
    "request_time": {
        "P25": 2.633323907852173,
        "P50": 2.778695821762085,
        "P75": 2.932727575302124,
        "P90": 3.0199294090270996,
        "P95": 3.032214641571045,
        "P99": 3.167433738708496,
        "P100": 3.171612501144409
    },
    "first_token_time_dict": {
        "P25": 0.26022958755493164,
        "P50": 0.9908359050750732,
        "P75": 1.2028217315673828,
        "P90": 1.4304373264312744,
        "P95": 1.4990639686584473,
        "P99": 1.6139283180236816,
        "P100": 1.619642972946167
    },
    "decode_token_time_dict": {
        "P25": 11.966598315501775,
        "P50": 13.982115768072173,
        "P75": 18.78011320519635,
        "P90": 21.156799136184333,
        "P95": 21.81774424755667,
        "P99": 22.667556297122022,
        "P100": 24.757690036419742
    }
}