{
    "backend": "triton",
    "clients": 25,
    "request_num": 500,
    "Total QPS": 1.37477353083508,
    "Avg Input Length": 16469.37,
    "Avg Output Length": 127.544,
    "Total Throughput": 22817.62495747623,
    "Input Throughput": 22641.65394552934,
    "Output Throughput": 22641.65394552934,
    "request_time": {
        "P25": 16.24305272102356,
        "P50": 17.24470281600952,
        "P75": 19.768195867538452,
        "P90": 22.05889105796814,
        "P95": 23.755529403686523,
        "P99": 28.181283473968506,
        "P100": 29.608215808868408
    },
    "first_token_time_dict": {
        "P25": 5.893720626831055,
        "P50": 7.304510116577148,
        "P75": 8.962557554244995,
        "P90": 10.885907173156738,
        "P95": 11.629797220230103,
        "P99": 16.620065689086914,
        "P100": 20.36329460144043
    },
    "decode_token_time_dict": {
        "P25": 77.95022979496032,
        "P50": 86.73946688494344,
        "P75": 92.17266773614358,
        "P90": 97.91649795892671,
        "P95": 102.10062387421375,
        "P99": 106.76348303246685,
        "P100": 109.14313887047955
    }
}