{
    "backend": "triton",
    "clients": 15,
    "request_num": 500,
    "Total QPS": 4.325167478269413,
    "Avg Input Length": 4125.696,
    "Avg Output Length": 127.648,
    "Total Throughput": 18397.94760164469,
    "Input Throughput": 17844.326164426206,
    "Output Throughput": 17844.326164426206,
    "request_time": {
        "P25": 3.314310073852539,
        "P50": 3.438525915145874,
        "P75": 3.6082406044006348,
        "P90": 3.824622869491577,
        "P95": 3.844636917114258,
        "P99": 3.8973724842071533,
        "P100": 3.9022390842437744
    },
    "first_token_time_dict": {
        "P25": 1.3752624988555908,
        "P50": 1.624145746231079,
        "P75": 1.76735258102417,
        "P90": 2.1588962078094482,
        "P95": 2.1954901218414307,
        "P99": 2.20827317237854,
        "P100": 2.215043783187866
    },
    "decode_token_time_dict": {
        "P25": 12.816776440838192,
        "P50": 13.694552924689345,
        "P75": 15.362546199888696,
        "P90": 25.243190329844555,
        "P95": 26.356635131235198,
        "P99": 28.27558367271123,
        "P100": 29.883632509727178
    }
}