{
    "backend": "triton",
    "clients": 50,
    "request_num": 500,
    "Total QPS": 16.025413960046,
    "Avg Input Length": 1031.778,
    "Avg Output Length": 127.88,
    "Total Throughput": 18585.92255175423,
    "Input Throughput": 16534.66956486834,
    "Output Throughput": 16534.66956486834,
    "request_time": {
        "P25": 3.048231840133667,
        "P50": 3.1049931049346924,
        "P75": 3.1810381412506104,
        "P90": 3.227811098098755,
        "P95": 3.2808730602264404,
        "P99": 3.3013100624084473,
        "P100": 3.319462537765503
    },
    "first_token_time_dict": {
        "P25": 1.2866792678833008,
        "P50": 1.3792011737823486,
        "P75": 1.430800199508667,
        "P90": 1.5341856479644775,
        "P95": 1.5480072498321533,
        "P99": 1.5582911968231201,
        "P100": 1.5621824264526367
    },
    "decode_token_time_dict": {
        "P25": 13.076887356014703,
        "P50": 13.68868069385919,
        "P75": 13.902412624809687,
        "P90": 22.891414447093574,
        "P95": 24.020957195852684,
        "P99": 24.749459244134858,
        "P100": 24.997142356211743
    }
}