{
    "backend": "triton",
    "clients": 25,
    "request_num": 500,
    "Total QPS": 5.099325025714103,
    "Avg Input Length": 4125.696,
    "Avg Output Length": 127.662,
    "Total Throughput": 21690.978464579977,
    "Input Throughput": 21038.26486128857,
    "Output Throughput": 21038.26486128857,
    "request_time": {
        "P25": 4.5613853931427,
        "P50": 4.9545371532440186,
        "P75": 5.140262603759766,
        "P90": 5.318005800247192,
        "P95": 5.353698253631592,
        "P99": 5.629502773284912,
        "P100": 5.647360324859619
    },
    "first_token_time_dict": {
        "P25": 2.6655280590057373,
        "P50": 2.933044672012329,
        "P75": 3.220210075378418,
        "P90": 3.4414925575256348,
        "P95": 3.4731452465057373,
        "P99": 3.719430923461914,
        "P100": 3.725877046585083
    },
    "decode_token_time_dict": {
        "P25": 14.574931362482507,
        "P50": 14.975388219037393,
        "P75": 15.159980518611397,
        "P90": 16.503446684108944,
        "P95": 34.931165965523306,
        "P99": 39.808363426388716,
        "P100": 46.52972472341437
    }
}