{
    "backend": "triton",
    "clients": 50,
    "request_num": 500,
    "Total QPS": 1.38630328242644,
    "Avg Input Length": 16469.37,
    "Avg Output Length": 127.544,
    "Total Throughput": 23008.988510646122,
    "Input Throughput": 22831.54169049554,
    "Output Throughput": 22831.54169049554,
    "request_time": {
        "P25": 33.88939428329468,
        "P50": 34.96743679046631,
        "P75": 41.11918377876282,
        "P90": 42.04390573501587,
        "P95": 42.175655364990234,
        "P99": 42.54621887207031,
        "P100": 42.55864644050598
    },
    "first_token_time_dict": {
        "P25": 24.984319925308228,
        "P50": 27.40134310722351,
        "P75": 33.079776763916016,
        "P90": 36.05730319023132,
        "P95": 36.19932246208191,
        "P99": 36.60262393951416,
        "P100": 36.614434480667114
    },
    "decode_token_time_dict": {
        "P25": 46.72363048463356,
        "P50": 56.25521667360321,
        "P75": 76.52597727738028,
        "P90": 85.56552383843369,
        "P95": 87.31284103994294,
        "P99": 90.6871885765256,
        "P100": 415.2226646741231
    }
}