{
    "backend": "triton",
    "clients": 5,
    "request_num": 500,
    "Total QPS": 2.504094859557804,
    "Avg Input Length": 4125.696,
    "Avg Output Length": 127.554,
    "Total Throughput": 10651.658287721591,
    "Input Throughput": 10331.134145698194,
    "Output Throughput": 10331.134145698194,
    "request_time": {
        "P25": 1.904284954071045,
        "P50": 1.9953200817108154,
        "P75": 2.089597225189209,
        "P90": 2.1829264163970947,
        "P95": 2.227238178253174,
        "P99": 2.33595871925354,
        "P100": 2.338590145111084
    },
    "first_token_time_dict": {
        "P25": 0.13591766357421875,
        "P50": 0.2236156463623047,
        "P75": 0.5967583656311035,
        "P90": 0.7311699390411377,
        "P95": 0.7960536479949951,
        "P99": 0.9087965488433838,
        "P100": 0.9248967170715332
    },
    "decode_token_time_dict": {
        "P25": 10.899979298509011,
        "P50": 13.301693548367718,
        "P75": 14.539553424504797,
        "P90": 15.29643103832335,
        "P95": 15.639444035807932,
        "P99": 16.4570827183761,
        "P100": 24.14471452886408
    }
}