{
    "backend": "triton",
    "clients": 15,
    "request_num": 500,
    "Total QPS": 1.3418157892444238,
    "Avg Input Length": 16469.37,
    "Avg Output Length": 127.544,
    "Total Throughput": 22270.613125931723,
    "Input Throughput": 22098.86070490844,
    "Output Throughput": 22098.86070490844,
    "request_time": {
        "P25": 10.370775699615479,
        "P50": 11.274471044540405,
        "P75": 11.832448244094849,
        "P90": 12.595978736877441,
        "P95": 12.919089794158936,
        "P99": 13.110145092010498,
        "P100": 13.11641001701355
    },
    "first_token_time_dict": {
        "P25": 7.572275638580322,
        "P50": 8.317410707473755,
        "P75": 8.865570783615112,
        "P90": 9.611688375473022,
        "P95": 9.839229345321655,
        "P99": 10.415875434875488,
        "P100": 10.428250551223755
    },
    "decode_token_time_dict": {
        "P25": 20.010469466682494,
        "P50": 23.47868821752353,
        "P75": 25.473414443609283,
        "P90": 66.63286592078022,
        "P95": 85.43959565050021,
        "P99": 94.73934323768917,
        "P100": 101.05133807565284
    }
}