{
    "backend": "triton",
    "clients": 100,
    "request_num": 500,
    "Total QPS": 1.382361954570838,
    "Avg Input Length": 16469.37,
    "Avg Output Length": 127.544,
    "Total Throughput": 22943.572833935392,
    "Input Throughput": 22766.630503750323,
    "Output Throughput": 22766.630503750323,
    "request_time": {
        "P25": 68.4737298488617,
        "P50": 69.46880006790161,
        "P75": 76.36805725097656,
        "P90": 77.15531849861145,
        "P95": 82.06343507766724,
        "P99": 83.62861323356628,
        "P100": 84.16720652580261
    },
    "first_token_time_dict": {
        "P25": 62.61064648628235,
        "P50": 63.393776178359985,
        "P75": 67.37429738044739,
        "P90": 69.88547205924988,
        "P95": 76.43192219734192,
        "P99": 77.04013681411743,
        "P100": 77.24552273750305
    },
    "decode_token_time_dict": {
        "P25": 42.86726628701518,
        "P50": 50.45102337213952,
        "P75": 73.21975738044799,
        "P90": 83.97449846342793,
        "P95": 88.68310770650548,
        "P99": 94.08561075766256,
        "P100": 302.7942180633545
    }
}