{
    "backend": "triton",
    "clients": 50,
    "request_num": 500,
    "Total QPS": 2.9630404101443646,
    "Avg Input Length": 8250.884,
    "Avg Output Length": 127.76,
    "Total Throughput": 24826.971883912054,
    "Input Throughput": 24447.702711413574,
    "Output Throughput": 24447.702711413574,
    "request_time": {
        "P25": 15.227375745773315,
        "P50": 15.803961753845215,
        "P75": 18.336323261260986,
        "P90": 20.660033226013184,
        "P95": 22.972196578979492,
        "P99": 25.746415376663208,
        "P100": 28.52078342437744
    },
    "first_token_time_dict": {
        "P25": 5.341944217681885,
        "P50": 7.1781840324401855,
        "P75": 9.814764738082886,
        "P90": 10.2864990234375,
        "P95": 12.889713287353516,
        "P99": 15.767091751098633,
        "P100": 19.533376455307007
    },
    "decode_token_time_dict": {
        "P25": 70.7869604816587,
        "P50": 78.36755805128202,
        "P75": 81.44697054164617,
        "P90": 84.06279218478466,
        "P95": 85.55747392609364,
        "P99": 97.42428374102735,
        "P100": 128.0825138092041
    }
}