{
    "backend": "triton",
    "clients": 100,
    "request_num": 497,
    "Total QPS": 7.676381239388431,
    "Avg Input Length": 1031.778,
    "Avg Output Length": 122.73038229376257,
    "Total Throughput": 8956.637908506475,
    "Input Throughput": 7968.130062790459,
    "Output Throughput": 7968.130062790459,
    "request_time": {
        "P25": 12.668298244476318,
        "P50": 13.467135906219482,
        "P75": 13.662691593170166,
        "P90": 13.911661148071289,
        "P95": 13.949654579162598,
        "P99": 14.094701290130615,
        "P100": 14.112918853759766
    },
    "first_token_time_dict": {
        "P25": 5.621377944946289,
        "P50": 6.469230651855469,
        "P75": 7.936120510101318,
        "P90": 8.3109769821167,
        "P95": 8.33842158317566,
        "P99": 8.356405973434448,
        "P100": 8.359575748443604
    },
    "decode_token_time_dict": {
        "P25": 40.47340483177366,
        "P50": 48.42276085080125,
        "P75": 57.50880091209111,
        "P90": 101.9235520850955,
        "P95": 105.9514762848381,
        "P99": 132.39336013793945,
        "P100": 6028.572082519531
    }
}