{
    "backend": "triton",
    "clients": 10,
    "request_num": 497,
    "Total QPS": 2.418226781714686,
    "Avg Input Length": 1031.778,
    "Avg Output Length": 122.67203219315896,
    "Total Throughput": 2821.535433041746,
    "Input Throughput": 2510.1339963621886,
    "Output Throughput": 2510.1339963621886,
    "request_time": {
        "P25": 4.147298812866211,
        "P50": 4.253305435180664,
        "P75": 4.344087362289429,
        "P90": 4.448676586151123,
        "P95": 4.5467188358306885,
        "P99": 5.149625778198242,
        "P100": 5.698947429656982
    },
    "first_token_time_dict": {
        "P25": 0.1236727237701416,
        "P50": 0.16319727897644043,
        "P75": 0.21398091316223145,
        "P90": 0.53733229637146,
        "P95": 0.6902740001678467,
        "P99": 0.8480062484741211,
        "P100": 0.8557305335998535
    },
    "decode_token_time_dict": {
        "P25": 31.09368564575676,
        "P50": 32.19217202794834,
        "P75": 32.905051088708596,
        "P90": 33.87151928398553,
        "P95": 34.57848108731783,
        "P99": 42.84796376866618,
        "P100": 45.43597670807235
    }
}