{
    "backend": "triton",
    "clients": 25,
    "request_num": 497,
    "Total QPS": 4.426589958241982,
    "Avg Input Length": 1031.778,
    "Avg Output Length": 122.35010060362173,
    "Total Throughput": 5164.850753108621,
    "Input Throughput": 4594.827096514079,
    "Output Throughput": 4594.827096514079,
    "request_time": {
        "P25": 5.657242059707642,
        "P50": 5.830557584762573,
        "P75": 6.027400016784668,
        "P90": 6.088786363601685,
        "P95": 6.158064365386963,
        "P99": 6.2054595947265625,
        "P100": 6.247128009796143
    },
    "first_token_time_dict": {
        "P25": 0.16366815567016602,
        "P50": 0.329775333404541,
        "P75": 1.4744071960449219,
        "P90": 1.7988708019256592,
        "P95": 2.14024019241333,
        "P99": 2.2605271339416504,
        "P100": 2.2665250301361084
    },
    "decode_token_time_dict": {
        "P25": 33.11467170715332,
        "P50": 41.287771360142024,
        "P75": 44.858404970544534,
        "P90": 46.311278981486645,
        "P95": 47.072928721510515,
        "P99": 62.1098832386296,
        "P100": 85.36052703857422
    }
}