{
    "backend": "triton",
    "clients": 15,
    "request_num": 497,
    "Total QPS": 3.187130818889358,
    "Avg Input Length": 1031.778,
    "Avg Output Length": 123.18712273641852,
    "Total Throughput": 3718.676264456601,
    "Input Throughput": 3308.261028221352,
    "Output Throughput": 3308.261028221352,
    "request_time": {
        "P25": 4.6587560176849365,
        "P50": 4.802664756774902,
        "P75": 4.911253929138184,
        "P90": 5.066739559173584,
        "P95": 5.462468385696411,
        "P99": 6.1992316246032715,
        "P100": 6.365157604217529
    },
    "first_token_time_dict": {
        "P25": 0.16281461715698242,
        "P50": 0.21799898147583008,
        "P75": 0.6127173900604248,
        "P90": 1.1371915340423584,
        "P95": 1.2234899997711182,
        "P99": 1.29475998878479,
        "P100": 1.3006126880645752
    },
    "decode_token_time_dict": {
        "P25": 32.285219102393924,
        "P50": 35.712381047526684,
        "P75": 36.84030367633489,
        "P90": 38.228585025456944,
        "P95": 42.333182387464625,
        "P99": 48.24250326381894,
        "P100": 74.59266980489095
    }
}