{
    "backend": "triton",
    "clients": 50,
    "request_num": 497,
    "Total QPS": 6.033285847395232,
    "Avg Input Length": 1031.778,
    "Avg Output Length": 123.20120724346077,
    "Total Throughput": 7039.509249014435,
    "Input Throughput": 6262.587127820682,
    "Output Throughput": 6262.587127820682,
    "request_time": {
        "P25": 8.25152039527893,
        "P50": 8.50963306427002,
        "P75": 8.649903059005737,
        "P90": 8.753066062927246,
        "P95": 8.915793418884277,
        "P99": 9.091709852218628,
        "P100": 9.156714916229248
    },
    "first_token_time_dict": {
        "P25": 0.30855774879455566,
        "P50": 2.6659226417541504,
        "P75": 3.6273529529571533,
        "P90": 4.078529596328735,
        "P95": 4.14780068397522,
        "P99": 4.164788007736206,
        "P100": 4.172731399536133
    },
    "decode_token_time_dict": {
        "P25": 39.23089860931156,
        "P50": 46.13702503714975,
        "P75": 63.13409767751618,
        "P90": 65.94905327624222,
        "P95": 67.47708733626239,
        "P99": 88.69175910949707,
        "P100": 158.07604789733887
    }
}