{
    "backend": "triton",
    "clients": 5,
    "request_num": 497,
    "Total QPS": 1.4093840957976482,
    "Avg Input Length": 1031.778,
    "Avg Output Length": 123.02012072434607,
    "Total Throughput": 1644.4393036780734,
    "Input Throughput": 1462.9491987866259,
    "Output Throughput": 1462.9491987866259,
    "request_time": {
        "P25": 3.5946600437164307,
        "P50": 3.6557765007019043,
        "P75": 3.7134997844696045,
        "P90": 3.7878923416137695,
        "P95": 3.8470544815063477,
        "P99": 4.031848907470703,
        "P100": 4.720024824142456
    },
    "first_token_time_dict": {
        "P25": 0.11270618438720703,
        "P50": 0.1518709659576416,
        "P75": 0.16326546669006348,
        "P90": 0.2960507869720459,
        "P95": 0.3818552494049072,
        "P99": 0.5019874572753906,
        "P100": 0.6008710861206055
    },
    "decode_token_time_dict": {
        "P25": 27.06596607298363,
        "P50": 27.696511876864694,
        "P75": 28.14898903914324,
        "P90": 28.630237879715565,
        "P95": 29.077779589675544,
        "P99": 35.0432452254408,
        "P100": 38.3908748626709
    }
}