{
    "backend": "lightllm",
    "clients": 100,
    "request_num": 500,
    "Total QPS": 10.457568121842254,
    "Avg Input Length": 1031.778,
    "Avg Output Length": 128.0,
    "Total Throughput": 12128.457441213965,
    "Input Throughput": 10789.888721618156,
    "Output Throughput": 10789.888721618156,
    "request_time": {
        "P25": 9.477518022060394,
        "P50": 9.52353310585022,
        "P75": 9.564512431621552,
        "P90": 9.598522281646728,
        "P95": 9.616510272026062,
        "P99": 9.666277503967285,
        "P100": 9.689740896224976
    },
    "first_token_time_dict": {
        "P25": 1.1896294951438904,
        "P50": 1.7830179929733276,
        "P75": 2.661818563938141,
        "P90": 3.0109201669692993,
        "P95": 3.149198722839355,
        "P99": 3.2040398597717283,
        "P100": 3.257439136505127
    },
    "decode_token_time_dict": {
        "P25": 53.708495586875856,
        "P50": 60.79511379632424,
        "P75": 66.00330758282519,
        "P90": 70.24338020114449,
        "P95": 70.43012061456994,
        "P99": 71.91280517052479,
        "P100": 74.22227183664877
    }
}