{
    "backend": "lightllm",
    "clients": 10,
    "request_num": 500,
    "Total QPS": 2.7876006514085416,
    "Avg Input Length": 1031.778,
    "Avg Output Length": 128.0,
    "Total Throughput": 3232.9979082892955,
    "Input Throughput": 2876.185024909002,
    "Output Throughput": 2876.185024909002,
    "request_time": {
        "P25": 3.556688368320465,
        "P50": 3.5827674865722656,
        "P75": 3.600710093975067,
        "P90": 3.632511329650879,
        "P95": 3.6576032042503357,
        "P99": 3.6672449851036073,
        "P100": 3.6704258918762207
    },
    "first_token_time_dict": {
        "P25": 0.3743528127670288,
        "P50": 0.4030572175979614,
        "P75": 0.42946118116378784,
        "P90": 0.44168112277984617,
        "P95": 0.44838788509368893,
        "P99": 0.4787168622016907,
        "P100": 0.48810863494873047
    },
    "decode_token_time_dict": {
        "P25": 24.90166650982354,
        "P50": 24.978299779216137,
        "P75": 25.19421690092312,
        "P90": 26.965507747620112,
        "P95": 27.306333301574227,
        "P99": 27.62481492335402,
        "P100": 27.97541092699907
    }
}