{
    "backend": "lightllm",
    "clients": 50,
    "request_num": 500,
    "Total QPS": 7.121833223835301,
    "Avg Input Length": 1031.778,
    "Avg Output Length": 128.0,
    "Total Throughput": 8259.745492673259,
    "Input Throughput": 7348.150840022339,
    "Output Throughput": 7348.150840022339,
    "request_time": {
        "P25": 6.931544780731201,
        "P50": 7.013693928718567,
        "P75": 7.0554065108299255,
        "P90": 7.087101769447327,
        "P95": 7.105404782295227,
        "P99": 7.134289386272431,
        "P100": 7.162077188491821
    },
    "first_token_time_dict": {
        "P25": 0.6983855366706848,
        "P50": 1.2135957479476929,
        "P75": 1.49087256193161,
        "P90": 1.6587544202804565,
        "P95": 1.6868546366691588,
        "P99": 1.7287725806236267,
        "P100": 1.7510437965393066
    },
    "decode_token_time_dict": {
        "P25": 42.70306159192183,
        "P50": 45.67396077584094,
        "P75": 49.566590879845805,
        "P90": 50.16303681951808,
        "P95": 50.47036587722658,
        "P99": 54.06738645448459,
        "P100": 54.66738648301973
    }
}