{
    "backend": "lightllm",
    "clients": 15,
    "request_num": 500,
    "Total QPS": 2.395630555891504,
    "Avg Input Length": 4125.696,
    "Avg Output Length": 128.0,
    "Total Throughput": 10190.284113073467,
    "Input Throughput": 9883.643401919355,
    "Output Throughput": 9883.643401919355,
    "request_time": {
        "P25": 6.0761749148368835,
        "P50": 6.241746425628662,
        "P75": 6.367030322551727,
        "P90": 6.441547417640686,
        "P95": 6.454129147529602,
        "P99": 6.467329065799714,
        "P100": 6.474729061126709
    },
    "first_token_time_dict": {
        "P25": 0.8310495018959045,
        "P50": 1.4211019277572632,
        "P75": 1.9670952558517456,
        "P90": 2.131560301780701,
        "P95": 2.334926342964172,
        "P99": 2.4274565720558168,
        "P100": 2.455146074295044
    },
    "decode_token_time_dict": {
        "P25": 33.71219841514047,
        "P50": 37.857150468300645,
        "P75": 42.057744630678435,
        "P90": 44.03438774619516,
        "P95": 46.251992541035335,
        "P99": 48.69534128294217,
        "P100": 49.25625343022384
    }
}