{
    "backend": "lightllm",
    "clients": 5,
    "request_num": 500,
    "Total QPS": 1.6246041937230746,
    "Avg Input Length": 1031.778,
    "Avg Output Length": 128.0,
    "Total Throughput": 1884.18020258776,
    "Input Throughput": 1676.2308657912065,
    "Output Throughput": 1676.2308657912065,
    "request_time": {
        "P25": 3.055273175239563,
        "P50": 3.0764756202697754,
        "P75": 3.0982553362846375,
        "P90": 3.11728150844574,
        "P95": 3.1258580327033996,
        "P99": 3.1439145278930662,
        "P100": 3.1780619621276855
    },
    "first_token_time_dict": {
        "P25": 0.1612120270729065,
        "P50": 0.22199594974517822,
        "P75": 0.26812708377838135,
        "P90": 0.2825023174285889,
        "P95": 0.2874354839324951,
        "P99": 0.303293080329895,
        "P100": 0.31993770599365234
    },
    "decode_token_time_dict": {
        "P25": 22.096092306722806,
        "P50": 22.342188151802603,
        "P75": 22.98646367441012,
        "P90": 23.276356261546216,
        "P95": 23.39632745802872,
        "P99": 23.697375594161628,
        "P100": 23.872856080062746
    }
}