{
    "backend": "lightllm",
    "clients": 100,
    "request_num": 500,
    "Total QPS": 3.276237557036517,
    "Avg Input Length": 4125.696,
    "Avg Output Length": 128.0,
    "Total Throughput": 13936.118591416003,
    "Input Throughput": 13516.76018411533,
    "Output Throughput": 13516.76018411533,
    "request_time": {
        "P25": 22.783518075942993,
        "P50": 33.9153436422348,
        "P75": 34.058604061603546,
        "P90": 34.168074345588686,
        "P95": 34.2647288441658,
        "P99": 34.31447635173797,
        "P100": 34.33946871757507
    },
    "first_token_time_dict": {
        "P25": 15.829888880252838,
        "P50": 23.40885031223297,
        "P75": 24.956405699253082,
        "P90": 25.85000946521759,
        "P95": 26.128516805171955,
        "P99": 26.611012806892393,
        "P100": 27.045770168304443
    },
    "decode_token_time_dict": {
        "P25": 54.576835763736035,
        "P50": 65.41483421025312,
        "P75": 75.99452208346268,
        "P90": 82.59512289302555,
        "P95": 84.12054842851293,
        "P99": 86.13170608760804,
        "P100": 86.51543602230042
    }
}