{
    "backend": "lightllm",
    "clients": 50,
    "request_num": 500,
    "Total QPS": 3.270920474449857,
    "Avg Input Length": 4125.696,
    "Avg Output Length": 128.0,
    "Total Throughput": 13913.50133848546,
    "Input Throughput": 13494.823517755878,
    "Output Throughput": 13494.823517755878,
    "request_time": {
        "P25": 11.360088884830475,
        "P50": 11.447910904884338,
        "P75": 22.71020394563675,
        "P90": 22.783755898475647,
        "P95": 22.852001571655272,
        "P99": 22.92146311044693,
        "P100": 22.957242488861084
    },
    "first_token_time_dict": {
        "P25": 3.229371190071106,
        "P50": 4.669607877731323,
        "P75": 12.034153044223785,
        "P90": 12.696074271202088,
        "P95": 13.134237539768218,
        "P99": 13.489765198230742,
        "P100": 13.791167736053467
    },
    "decode_token_time_dict": {
        "P25": 55.65238468290313,
        "P50": 66.2296325203002,
        "P75": 76.25272471135057,
        "P90": 84.0890178530235,
        "P95": 84.92431471666951,
        "P99": 86.05301714318944,
        "P100": 87.0021121708427
    }
}