{
    "backend": "lightllm",
    "clients": 25,
    "request_num": 500,
    "Total QPS": 4.94081206578634,
    "Avg Input Length": 1031.778,
    "Avg Output Length": 128.0,
    "Total Throughput": 5730.24513603355,
    "Input Throughput": 5097.8211916128985,
    "Output Throughput": 5097.8211916128985,
    "request_time": {
        "P25": 5.006263196468353,
        "P50": 5.046451807022095,
        "P75": 5.093745052814484,
        "P90": 5.114167618751526,
        "P95": 5.124145114421845,
        "P99": 5.150639898777008,
        "P100": 5.176025390625
    },
    "first_token_time_dict": {
        "P25": 0.6741154193878174,
        "P50": 0.6970783472061157,
        "P75": 0.7350761890411377,
        "P90": 0.8950097322463989,
        "P95": 0.9221136927604675,
        "P99": 0.9487294912338257,
        "P100": 0.9598140716552734
    },
    "decode_token_time_dict": {
        "P25": 33.603512396023966,
        "P50": 34.043760750237404,
        "P75": 34.688826621048094,
        "P90": 35.02808180380994,
        "P95": 38.23648991547231,
        "P99": 39.10417216969287,
        "P100": 39.635386053971416
    }
}