{
    "backend": "lightllm",
    "clients": 15,
    "request_num": 500,
    "Total QPS": 3.6213057976098213,
    "Avg Input Length": 1031.778,
    "Avg Output Length": 128.0,
    "Total Throughput": 4199.910795340324,
    "Input Throughput": 3736.383653246266,
    "Output Throughput": 3736.383653246266,
    "request_time": {
        "P25": 4.052201986312866,
        "P50": 4.083463072776794,
        "P75": 4.112462341785431,
        "P90": 4.131238293647766,
        "P95": 4.141911256313324,
        "P99": 4.162676522731781,
        "P100": 4.169178009033203
    },
    "first_token_time_dict": {
        "P25": 0.5013083815574646,
        "P50": 0.5534632205963135,
        "P75": 0.5771236419677734,
        "P90": 0.5928561449050903,
        "P95": 0.6010115742683411,
        "P99": 0.6107878899574279,
        "P100": 0.6133184432983398
    },
    "decode_token_time_dict": {
        "P25": 27.668686363640735,
        "P50": 27.790574576911023,
        "P75": 27.981459625123993,
        "P90": 30.643135731614482,
        "P95": 31.069221740632546,
        "P99": 31.521586433170352,
        "P100": 31.893538677786278
    }
}