{
    "backend": "lightllm",
    "clients": 25,
    "request_num": 500,
    "Total QPS": 2.9473821829384343,
    "Avg Input Length": 4125.696,
    "Avg Output Length": 128.0,
    "Total Throughput": 12537.267802036487,
    "Input Throughput": 12160.002882620367,
    "Output Throughput": 12160.002882620367,
    "request_time": {
        "P25": 8.30321204662323,
        "P50": 8.563900232315063,
        "P75": 8.677974998950958,
        "P90": 8.758304762840272,
        "P95": 8.833854925632473,
        "P99": 8.971014895439147,
        "P100": 8.98141884803772
    },
    "first_token_time_dict": {
        "P25": 1.3677065968513489,
        "P50": 2.046849489212036,
        "P75": 3.069844901561737,
        "P90": 3.5572303056716925,
        "P95": 3.7075191378593444,
        "P99": 3.9372939801216122,
        "P100": 4.085847854614258
    },
    "decode_token_time_dict": {
        "P25": 42.69914786646685,
        "P50": 49.33088783204086,
        "P75": 56.316447539592346,
        "P90": 60.942257483174494,
        "P95": 62.75986104499637,
        "P99": 65.61681458330528,
        "P100": 67.85239760331281
    }
}