{
    "backend": "lmdeploy",
    "clients": 10,
    "request_num": 500,
    "Total QPS": 4.652337205178668,
    "Avg Input Length": 4125.696,
    "Avg Output Length": 125.904,
    "Total Throughput": 19789.628160319677,
    "Input Throughput": 19194.128998056807,
    "Output Throughput": 19194.128998056807,
    "request_time": {
        "P25": 2.0222928524017334,
        "P50": 2.151019811630249,
        "P75": 2.281688928604126,
        "P90": 2.4133644104003906,
        "P95": 2.526275873184204,
        "P99": 2.6129937171936035,
        "P100": 2.664943218231201
    },
    "first_token_time_dict": {
        "P25": 0.33167147636413574,
        "P50": 0.49107980728149414,
        "P75": 0.6711635589599609,
        "P90": 0.7814328670501709,
        "P95": 0.9089856147766113,
        "P99": 0.9674124717712402,
        "P100": 1.1413118839263916
    },
    "decode_token_time_dict": {
        "P25": 12.0385071587941,
        "P50": 13.005624771118164,
        "P75": 14.102047489535424,
        "P90": 15.64585393474948,
        "P95": 16.474607514172064,
        "P99": 17.842815768334173,
        "P100": 19.114423751831055
    }
}