{
    "backend": "lmdeploy",
    "clients": 25,
    "request_num": 500,
    "Total QPS": 14.93927734328947,
    "Avg Input Length": 1031.778,
    "Avg Output Length": 126.23,
    "Total Throughput": 17326.245198645574,
    "Input Throughput": 15414.017698704523,
    "Output Throughput": 15414.017698704523,
    "request_time": {
        "P25": 1.6110057830810547,
        "P50": 1.684697151184082,
        "P75": 1.7267417907714844,
        "P90": 1.763770580291748,
        "P95": 1.805659532546997,
        "P99": 1.8712987899780273,
        "P100": 1.9344608783721924
    },
    "first_token_time_dict": {
        "P25": 0.24359679222106934,
        "P50": 0.29747724533081055,
        "P75": 0.422835111618042,
        "P90": 0.47019219398498535,
        "P95": 0.5755479335784912,
        "P99": 0.6025252342224121,
        "P100": 0.6173293590545654
    },
    "decode_token_time_dict": {
        "P25": 10.053871169922845,
        "P50": 10.69180549137176,
        "P75": 11.537819139419062,
        "P90": 12.281518936157227,
        "P95": 12.907943725585938,
        "P99": 13.452436447143555,
        "P100": 14.204409814650012
    }
}