{
    "backend": "lmdeploy",
    "clients": 5,
    "request_num": 500,
    "Total QPS": 4.903683645324914,
    "Avg Input Length": 1031.778,
    "Avg Output Length": 127.308,
    "Total Throughput": 5687.184410807638,
    "Input Throughput": 5059.51290420605,
    "Output Throughput": 5059.51290420605,
    "request_time": {
        "P25": 1.0005476474761963,
        "P50": 1.0198817253112793,
        "P75": 1.036527395248413,
        "P90": 1.0529394149780273,
        "P95": 1.0618035793304443,
        "P99": 1.072028636932373,
        "P100": 1.0815696716308594
    },
    "first_token_time_dict": {
        "P25": 0.06137895584106445,
        "P50": 0.10190796852111816,
        "P75": 0.13256335258483887,
        "P90": 0.14783906936645508,
        "P95": 0.15793299674987793,
        "P99": 0.17686748504638672,
        "P100": 0.19051265716552734
    },
    "decode_token_time_dict": {
        "P25": 7.0544083913167315,
        "P50": 7.135866195198119,
        "P75": 7.520014845480131,
        "P90": 7.75992302667527,
        "P95": 7.929292936173697,
        "P99": 8.20458984375,
        "P100": 9.276942564890934
    }
}