{
    "backend": "lmdeploy",
    "clients": 25,
    "request_num": 500,
    "Total QPS": 1.4740336482646346,
    "Avg Input Length": 16469.37,
    "Avg Output Length": 118.382,
    "Total Throughput": 24465.081852698,
    "Input Throughput": 24276.405545720125,
    "Output Throughput": 24276.405545720125,
    "request_time": {
        "P25": 16.01791739463806,
        "P50": 17.253962993621826,
        "P75": 18.261249780654907,
        "P90": 19.57593870162964,
        "P95": 20.177452087402344,
        "P99": 23.079623460769653,
        "P100": 25.889064073562622
    },
    "first_token_time_dict": {
        "P25": 1.0048000812530518,
        "P50": 1.5888893604278564,
        "P75": 2.407996892929077,
        "P90": 3.358280658721924,
        "P95": 5.177839040756226,
        "P99": 9.094602584838867,
        "P100": 11.970213890075684
    },
    "decode_token_time_dict": {
        "P25": 121.47111597314344,
        "P50": 132.70164411002344,
        "P75": 140.20424767544395,
        "P90": 145.4110406026119,
        "P95": 147.90453376441164,
        "P99": 150.92518167980649,
        "P100": 153.35373593191815
    }
}