{
    "backend": "lmdeploy",
    "clients": 50,
    "request_num": 500,
    "Total QPS": 3.4388398589466846,
    "Avg Input Length": 8250.884,
    "Avg Output Length": 124.552,
    "Total Throughput": 28813.64027269063,
    "Input Throughput": 28373.468770745458,
    "Output Throughput": 28373.468770745458,
    "request_time": {
        "P25": 13.976283311843872,
        "P50": 14.601409673690796,
        "P75": 15.39573073387146,
        "P90": 16.340540647506714,
        "P95": 17.895013093948364,
        "P99": 23.25984025001526,
        "P100": 24.712937593460083
    },
    "first_token_time_dict": {
        "P25": 0.7772023677825928,
        "P50": 1.0711133480072021,
        "P75": 1.4108803272247314,
        "P90": 2.3551504611968994,
        "P95": 4.98622727394104,
        "P99": 10.35223388671875,
        "P100": 11.879076719284058
    },
    "decode_token_time_dict": {
        "P25": 103.01424789428711,
        "P50": 108.30291499936484,
        "P75": 113.44268629627844,
        "P90": 116.35264587402344,
        "P95": 118.4030290572874,
        "P99": 120.5816734127882,
        "P100": 132.10520277852598
    }
}