{
    "backend": "lmdeploy",
    "clients": 100,
    "request_num": 500,
    "Total QPS": 1.4276498661228,
    "Avg Input Length": 16469.37,
    "Avg Output Length": 119.96,
    "Total Throughput": 23695.23305849058,
    "Input Throughput": 23512.49387562686,
    "Output Throughput": 23512.49387562686,
    "request_time": {
        "P25": 67.06137347221375,
        "P50": 70.2027907371521,
        "P75": 72.32763147354126,
        "P90": 74.34082865715027,
        "P95": 75.61313819885254,
        "P99": 82.44798445701599,
        "P100": 86.55829882621765
    },
    "first_token_time_dict": {
        "P25": 48.49600386619568,
        "P50": 52.02052450180054,
        "P75": 54.005380392074585,
        "P90": 56.11932182312012,
        "P95": 56.878061056137085,
        "P99": 64.58648180961609,
        "P100": 69.26876950263977
    },
    "decode_token_time_dict": {
        "P25": 150.2462443658861,
        "P50": 155.5139760176341,
        "P75": 160.31665115033167,
        "P90": 164.29080963134766,
        "P95": 184.84213545515732,
        "P99": 324.8667176030263,
        "P100": 449.88248711925445
    }
}