{
    "backend": "lmdeploy",
    "clients": 50,
    "request_num": 500,
    "Total QPS": 1.4316177955614888,
    "Avg Input Length": 16469.37,
    "Avg Output Length": 121.234,
    "Total Throughput": 23761.090251518388,
    "Input Throughput": 23577.843173686517,
    "Output Throughput": 23577.843173686517,
    "request_time": {
        "P25": 33.221473932266235,
        "P50": 35.283873319625854,
        "P75": 36.61136293411255,
        "P90": 37.81607270240784,
        "P95": 38.739378452301025,
        "P99": 46.68571472167969,
        "P100": 50.47356653213501
    },
    "first_token_time_dict": {
        "P25": 15.19157361984253,
        "P50": 16.955516576766968,
        "P75": 18.440160751342773,
        "P90": 19.63415503501892,
        "P95": 20.505114316940308,
        "P99": 29.651387929916382,
        "P100": 33.00707721710205
    },
    "decode_token_time_dict": {
        "P25": 148.09927145640057,
        "P50": 152.75788898310387,
        "P75": 156.92769397388807,
        "P90": 161.1535490536299,
        "P95": 171.54608789037485,
        "P99": 235.1382059209487,
        "P100": 278.29101706753255
    }
}