{
    "backend": "lmdeploy",
    "clients": 5,
    "request_num": 500,
    "Total QPS": 2.2182116834339185,
    "Avg Input Length": 8250.884,
    "Avg Output Length": 121.632,
    "Total Throughput": 18586.138382937526,
    "Input Throughput": 18302.207287457986,
    "Output Throughput": 18302.207287457986,
    "request_time": {
        "P25": 2.0356574058532715,
        "P50": 2.2503573894500732,
        "P75": 2.4332096576690674,
        "P90": 2.6011440753936768,
        "P95": 2.7234761714935303,
        "P99": 3.007294178009033,
        "P100": 3.579470157623291
    },
    "first_token_time_dict": {
        "P25": 0.37552690505981445,
        "P50": 0.5645298957824707,
        "P75": 0.7446672916412354,
        "P90": 0.997809886932373,
        "P95": 1.1010525226593018,
        "P99": 1.4426937103271484,
        "P100": 1.7766945362091064
    },
    "decode_token_time_dict": {
        "P25": 11.967660934944464,
        "P50": 13.881950542844576,
        "P75": 15.565377621611288,
        "P90": 17.201860745747883,
        "P95": 18.296056780321845,
        "P99": 19.592060306207923,
        "P100": 29.747250792268034
    }
}