{
    "backend": "lmdeploy",
    "clients": 15,
    "request_num": 500,
    "Total QPS": 1.4173076539143366,
    "Avg Input Length": 16469.37,
    "Avg Output Length": 112.362,
    "Total Throughput": 23523.579535848192,
    "Input Throughput": 23342.16415614716,
    "Output Throughput": 23342.16415614716,
    "request_time": {
        "P25": 9.817073345184326,
        "P50": 10.70588231086731,
        "P75": 11.556740522384644,
        "P90": 12.351999282836914,
        "P95": 12.785775184631348,
        "P99": 13.637799978256226,
        "P100": 14.742802381515503
    },
    "first_token_time_dict": {
        "P25": 0.7887303829193115,
        "P50": 1.2614293098449707,
        "P75": 2.0361831188201904,
        "P90": 2.8731439113616943,
        "P95": 3.3588154315948486,
        "P99": 5.1972291469573975,
        "P100": 7.804917335510254
    },
    "decode_token_time_dict": {
        "P25": 75.36903051572426,
        "P50": 82.94279410921294,
        "P75": 91.05352152173764,
        "P90": 97.26370068696829,
        "P95": 100.63388018772521,
        "P99": 104.42358016967773,
        "P100": 111.4592600350428
    }
}