{
    "backend": "triton",
    "clients": 50,
    "request_num": 497,
    "Total QPS": 2.91500685822656,
    "Avg Input Length": 4125.696,
    "Avg Output Length": 122.60965794768612,
    "Total Throughput": 12474.399409266485,
    "Input Throughput": 12099.02629271417,
    "Output Throughput": 12099.02629271417,
    "request_time": {
        "P25": 17.191736698150635,
        "P50": 17.885844469070435,
        "P75": 18.44186043739319,
        "P90": 18.693246364593506,
        "P95": 20.209968090057373,
        "P99": 20.23866105079651,
        "P100": 20.258917808532715
    },
    "first_token_time_dict": {
        "P25": 0.45520973205566406,
        "P50": 7.650187730789185,
        "P75": 11.894163846969604,
        "P90": 13.310192823410034,
        "P95": 13.637629985809326,
        "P99": 13.654883623123169,
        "P100": 13.663254261016846
    },
    "decode_token_time_dict": {
        "P25": 49.62740920660064,
        "P50": 74.92258041862428,
        "P75": 129.15146632457342,
        "P90": 139.25728647727666,
        "P95": 143.73469915915663,
        "P99": 154.02625489422655,
        "P100": 281.15993557554305
    }
}