{
    "backend": "triton",
    "clients": 25,
    "request_num": 489,
    "Total QPS": 1.4075796223756314,
    "Avg Input Length": 8250.884,
    "Avg Output Length": 121.4601226993865,
    "Total Throughput": 12059.249873874458,
    "Input Throughput": 11875.026774013435,
    "Output Throughput": 11875.026774013435,
    "request_time": {
        "P25": 16.40102791786194,
        "P50": 18.594992637634277,
        "P75": 19.736653089523315,
        "P90": 20.36478853225708,
        "P95": 21.03511118888855,
        "P99": 21.408402919769287,
        "P100": 21.537429571151733
    },
    "first_token_time_dict": {
        "P25": 0.6867821216583252,
        "P50": 1.8228631019592285,
        "P75": 9.063417673110962,
        "P90": 11.741436004638672,
        "P95": 13.38222336769104,
        "P99": 15.282821655273438,
        "P100": 15.288388967514038
    },
    "decode_token_time_dict": {
        "P25": 66.8235256915956,
        "P50": 123.89460886557272,
        "P75": 141.34537704347625,
        "P90": 153.3956809306708,
        "P95": 159.1344405346968,
        "P99": 243.93015919309673,
        "P100": 662.9760265350342
    }
}