{
    "backend": "triton",
    "clients": 100,
    "request_num": 489,
    "Total QPS": 1.4661111316062594,
    "Avg Input Length": 8250.884,
    "Avg Output Length": 120.83435582822086,
    "Total Throughput": 12560.710739097733,
    "Input Throughput": 12368.827073611432,
    "Output Throughput": 12368.827073611432,
    "request_time": {
        "P25": 62.782328367233276,
        "P50": 67.97848200798035,
        "P75": 72.69780540466309,
        "P90": 75.21018052101135,
        "P95": 76.12152409553528,
        "P99": 78.02171182632446,
        "P100": 87.47827219963074
    },
    "first_token_time_dict": {
        "P25": 42.97032928466797,
        "P50": 46.114701986312866,
        "P75": 49.38264298439026,
        "P90": 61.644805669784546,
        "P95": 62.88227462768555,
        "P99": 63.131378173828125,
        "P100": 65.61450624465942
    },
    "decode_token_time_dict": {
        "P25": 92.99751032482493,
        "P50": 173.0747166581041,
        "P75": 186.35203331474244,
        "P90": 194.41207187382255,
        "P95": 198.58952206889475,
        "P99": 414.4640862941742,
        "P100": 2507.4520111083984
    }
}