{
    "backend": "triton",
    "clients": 50,
    "request_num": 489,
    "Total QPS": 1.4652318839477887,
    "Avg Input Length": 8250.884,
    "Avg Output Length": 120.91411042944786,
    "Total Throughput": 12553.177902556221,
    "Input Throughput": 12361.409312428084,
    "Output Throughput": 12361.409312428084,
    "request_time": {
        "P25": 31.220628261566162,
        "P50": 34.12954235076904,
        "P75": 37.01031422615051,
        "P90": 42.2785120010376,
        "P95": 44.37187099456787,
        "P99": 51.54861354827881,
        "P100": 51.57119345664978
    },
    "first_token_time_dict": {
        "P25": 11.836763858795166,
        "P50": 13.89010739326477,
        "P75": 16.85539221763611,
        "P90": 18.835643768310547,
        "P95": 24.9523446559906,
        "P99": 32.504311084747314,
        "P100": 32.52255320549011
    },
    "decode_token_time_dict": {
        "P25": 132.55306116239294,
        "P50": 170.32411154799573,
        "P75": 182.64268139215906,
        "P90": 191.83812929889348,
        "P95": 196.1149174397386,
        "P99": 523.0253338813782,
        "P100": 3581.8482637405396
    }
}