{
    "backend": "triton",
    "clients": 15,
    "request_num": 497,
    "Total QPS": 2.210645086491547,
    "Avg Input Length": 4125.696,
    "Avg Output Length": 122.58551307847083,
    "Total Throughput": 9460.173201034957,
    "Input Throughput": 9175.502606396205,
    "Output Throughput": 9175.502606396205,
    "request_time": {
        "P25": 6.647077322006226,
        "P50": 7.002311706542969,
        "P75": 7.363191366195679,
        "P90": 7.713050365447998,
        "P95": 7.956788539886475,
        "P99": 8.325628995895386,
        "P100": 8.329947710037231
    },
    "first_token_time_dict": {
        "P25": 0.29416489601135254,
        "P50": 0.42723584175109863,
        "P75": 0.8343405723571777,
        "P90": 2.9192399978637695,
        "P95": 3.603069305419922,
        "P99": 3.794952154159546,
        "P100": 3.801112413406372
    },
    "decode_token_time_dict": {
        "P25": 45.67981517221045,
        "P50": 50.82702448987585,
        "P75": 53.62779324448953,
        "P90": 57.03876900860644,
        "P95": 59.41233297032634,
        "P99": 62.26638485403622,
        "P100": 77.11536543709892
    }
}