{
    "backend": "triton",
    "clients": 10,
    "request_num": 497,
    "Total QPS": 1.8936783751646862,
    "Avg Input Length": 4125.696,
    "Avg Output Length": 122.53118712273641,
    "Total Throughput": 8103.754657670548,
    "Input Throughput": 7859.900701914934,
    "Output Throughput": 7859.900701914934,
    "request_time": {
        "P25": 5.094899892807007,
        "P50": 5.4449241161346436,
        "P75": 5.6988561153411865,
        "P90": 6.019483327865601,
        "P95": 6.2083117961883545,
        "P99": 6.492006778717041,
        "P100": 6.715565204620361
    },
    "first_token_time_dict": {
        "P25": 0.2598600387573242,
        "P50": 0.3446052074432373,
        "P75": 0.5333003997802734,
        "P90": 1.6303331851959229,
        "P95": 2.1055610179901123,
        "P99": 2.67000675201416,
        "P100": 2.6784920692443848
    },
    "decode_token_time_dict": {
        "P25": 36.86063308415451,
        "P50": 39.770728959811954,
        "P75": 41.868979536642236,
        "P90": 44.354521383450724,
        "P95": 45.9846211230661,
        "P99": 50.9597297728531,
        "P100": 124.19046674455915
    }
}