{
    "backend": "triton",
    "clients": 100,
    "request_num": 500,
    "Total QPS": 9.769883191087017,
    "Avg Input Length": 1031.778,
    "Avg Output Length": 125.352,
    "Total Throughput": 11330.895587592518,
    "Input Throughput": 10080.35053913338,
    "Output Throughput": 10080.35053913338,
    "request_time": {
        "P25": 10.257781982421875,
        "P50": 10.505619049072266,
        "P75": 10.597638130187988,
        "P90": 10.889660596847534,
        "P95": 10.907475233078003,
        "P99": 10.927975416183472,
        "P100": 10.946617841720581
    },
    "first_token_time_dict": {
        "P25": 3.2736010551452637,
        "P50": 3.4500198364257812,
        "P75": 5.622469186782837,
        "P90": 6.552551507949829,
        "P95": 6.6088645458221436,
        "P99": 6.700248956680298,
        "P100": 6.706164836883545
    },
    "decode_token_time_dict": {
        "P25": 36.93115054153082,
        "P50": 54.50040899862454,
        "P75": 57.774213355357254,
        "P90": 73.22415404432401,
        "P95": 80.6932599525752,
        "P99": 82.76862985505832,
        "P100": 145.97110748291016
    }
}