{
    "backend": "triton",
    "clients": 10,
    "request_num": 500,
    "Total QPS": 3.177732424066079,
    "Avg Input Length": 1031.778,
    "Avg Output Length": 125.54,
    "Total Throughput": 3685.4641553185093,
    "Input Throughput": 3278.714405038051,
    "Output Throughput": 3278.714405038051,
    "request_time": {
        "P25": 3.127190113067627,
        "P50": 3.1952333450317383,
        "P75": 3.241997718811035,
        "P90": 3.3000314235687256,
        "P95": 3.3366689682006836,
        "P99": 3.4063405990600586,
        "P100": 3.4102749824523926
    },
    "first_token_time_dict": {
        "P25": 0.10812187194824219,
        "P50": 0.15319490432739258,
        "P75": 0.46376514434814453,
        "P90": 0.580721378326416,
        "P95": 0.6496272087097168,
        "P99": 0.6883397102355957,
        "P100": 0.692939281463623
    },
    "decode_token_time_dict": {
        "P25": 21.50808732340655,
        "P50": 23.67306506539893,
        "P75": 24.354703783050297,
        "P90": 24.762003440556565,
        "P95": 24.945035694152352,
        "P99": 25.75585973544384,
        "P100": 26.792396439446343
    }
}