{
    "backend": "triton",
    "clients": 5,
    "request_num": 500,
    "Total QPS": 1.8172394209228329,
    "Avg Input Length": 1031.778,
    "Avg Output Length": 125.212,
    "Total Throughput": 2107.594301119041,
    "Input Throughput": 1874.9876552409187,
    "Output Throughput": 1874.9876552409187,
    "request_time": {
        "P25": 2.7484688758850098,
        "P50": 2.7970755100250244,
        "P75": 2.8367650508880615,
        "P90": 2.876781463623047,
        "P95": 2.8981525897979736,
        "P99": 2.965449810028076,
        "P100": 3.027744770050049
    },
    "first_token_time_dict": {
        "P25": 0.08544206619262695,
        "P50": 0.10642433166503906,
        "P75": 0.12530183792114258,
        "P90": 0.15561199188232422,
        "P95": 0.21396946907043457,
        "P99": 0.34698939323425293,
        "P100": 0.370328426361084
    },
    "decode_token_time_dict": {
        "P25": 20.870507232786164,
        "P50": 21.22637981504906,
        "P75": 21.516706061175487,
        "P90": 21.77744399844192,
        "P95": 21.99255575345257,
        "P99": 22.542123794555664,
        "P100": 22.998208349401303
    }
}