{
    "backend": "triton",
    "clients": 5,
    "request_num": 489,
    "Total QPS": 0.9294205948448235,
    "Avg Input Length": 8250.884,
    "Avg Output Length": 120.94069529652351,
    "Total Throughput": 7962.686453390363,
    "Input Throughput": 7841.044494146869,
    "Output Throughput": 7841.044494146869,
    "request_time": {
        "P25": 4.955444097518921,
        "P50": 5.458691835403442,
        "P75": 6.011906385421753,
        "P90": 6.477582693099976,
        "P95": 6.866518259048462,
        "P99": 7.286073446273804,
        "P100": 8.284622192382812
    },
    "first_token_time_dict": {
        "P25": 0.46334362030029297,
        "P50": 0.634239912033081,
        "P75": 0.8703820705413818,
        "P90": 1.3443388938903809,
        "P95": 1.9711287021636963,
        "P99": 2.774318218231201,
        "P100": 3.106837272644043
    },
    "decode_token_time_dict": {
        "P25": 34.30342298793042,
        "P50": 38.040395010085334,
        "P75": 41.94887792031596,
        "P90": 45.504395417341094,
        "P95": 49.003593564972164,
        "P99": 59.05610933078555,
        "P100": 194.85914707183838
    }
}