{
    "backend": "triton",
    "clients": 50,
    "request_num": 500,
    "Total QPS": 7.880693727207887,
    "Avg Input Length": 1031.778,
    "Avg Output Length": 125.578,
    "Total Throughput": 9139.855209553709,
    "Input Throughput": 8131.126412471099,
    "Output Throughput": 8131.126412471099,
    "request_time": {
        "P25": 6.270443677902222,
        "P50": 6.436777353286743,
        "P75": 6.571637392044067,
        "P90": 6.729305028915405,
        "P95": 6.9779698848724365,
        "P99": 6.986125707626343,
        "P100": 6.994678497314453
    },
    "first_token_time_dict": {
        "P25": 0.6649765968322754,
        "P50": 1.8526902198791504,
        "P75": 2.882112741470337,
        "P90": 3.245260238647461,
        "P95": 3.345661163330078,
        "P99": 3.367600202560425,
        "P100": 3.383068084716797
    },
    "decode_token_time_dict": {
        "P25": 26.629782098484792,
        "P50": 34.02503081194059,
        "P75": 44.94403290936327,
        "P90": 49.49412571163628,
        "P95": 50.37695591843973,
        "P99": 53.45505992258628,
        "P100": 73.03966175426137
    }
}