{
    "backend": "triton",
    "clients": 25,
    "request_num": 495,
    "Total QPS": 0.6985962406321445,
    "Avg Input Length": 16469.37,
    "Avg Output Length": 124.39191919191919,
    "Total Throughput": 11711.98008725327,
    "Input Throughput": 11621.656532908912,
    "Output Throughput": 11621.656532908912,
    "request_time": {
        "P25": 31.880234003067017,
        "P50": 36.23362684249878,
        "P75": 39.435786724090576,
        "P90": 43.33613181114197,
        "P95": 45.371482610702515,
        "P99": 50.15303635597229,
        "P100": 54.93320274353027
    },
    "first_token_time_dict": {
        "P25": 14.025962114334106,
        "P50": 16.505120277404785,
        "P75": 19.71964955329895,
        "P90": 24.185175895690918,
        "P95": 25.03702688217163,
        "P99": 34.00979948043823,
        "P100": 43.70691442489624
    },
    "decode_token_time_dict": {
        "P25": 134.2040516260102,
        "P50": 154.77769393620528,
        "P75": 172.5678068446362,
        "P90": 182.82224061920888,
        "P95": 187.72420169800284,
        "P99": 436.61249311346756,
        "P100": 8540.394306182861
    }
}