{
    "backend": "triton",
    "clients": 15,
    "request_num": 494,
    "Total QPS": 0.6884396991305466,
    "Avg Input Length": 16469.37,
    "Avg Output Length": 124.34412955465586,
    "Total Throughput": 11565.069240038825,
    "Input Throughput": 11475.878671730414,
    "Output Throughput": 11475.878671730414,
    "request_time": {
        "P25": 20.126518726348877,
        "P50": 22.2062087059021,
        "P75": 23.850782871246338,
        "P90": 25.079943656921387,
        "P95": 26.381688117980957,
        "P99": 27.026543617248535,
        "P100": 40.35598802566528
    },
    "first_token_time_dict": {
        "P25": 1.6947016716003418,
        "P50": 3.824068784713745,
        "P75": 9.078572750091553,
        "P90": 13.707374811172485,
        "P95": 16.23164939880371,
        "P99": 18.914885997772217,
        "P100": 21.46842050552368
    },
    "decode_token_time_dict": {
        "P25": 96.92993689709762,
        "P50": 139.2362925011342,
        "P75": 161.6371804334986,
        "P90": 174.94049034719393,
        "P95": 183.92940205851878,
        "P99": 229.24407958984375,
        "P100": 788.5996500651041
    }
}