{
    "backend": "triton",
    "clients": 25,
    "request_num": 500,
    "Total QPS": 5.661270583675482,
    "Avg Input Length": 1031.778,
    "Avg Output Length": 124.92,
    "Total Throughput": 6565.817074993984,
    "Input Throughput": 5841.174440283522,
    "Output Throughput": 5841.174440283522,
    "request_time": {
        "P25": 4.315946102142334,
        "P50": 4.445714950561523,
        "P75": 4.558841943740845,
        "P90": 4.766185522079468,
        "P95": 4.795586347579956,
        "P99": 4.806200742721558,
        "P100": 4.847426176071167
    },
    "first_token_time_dict": {
        "P25": 0.1177208423614502,
        "P50": 0.48059606552124023,
        "P75": 1.3666901588439941,
        "P90": 1.5424423217773438,
        "P95": 1.7194910049438477,
        "P99": 1.8300402164459229,
        "P100": 1.840742588043213
    },
    "decode_token_time_dict": {
        "P25": 24.65960172217662,
        "P50": 30.37943990211787,
        "P75": 33.87297983244648,
        "P90": 34.986770059180074,
        "P95": 35.59634441465843,
        "P99": 37.61049679347447,
        "P100": 56.29024138817421
    }
}