{
    "backend": "triton",
    "clients": 10,
    "request_num": 489,
    "Total QPS": 1.1832354366846718,
    "Avg Input Length": 8250.884,
    "Avg Output Length": 120.68916155419222,
    "Total Throughput": 10137.211113159723,
    "Input Throughput": 9982.350033511831,
    "Output Throughput": 9982.350033511831,
    "request_time": {
        "P25": 7.936010360717773,
        "P50": 8.601555824279785,
        "P75": 9.50723385810852,
        "P90": 10.192564010620117,
        "P95": 10.825256586074829,
        "P99": 11.883990287780762,
        "P100": 12.298523187637329
    },
    "first_token_time_dict": {
        "P25": 0.48265767097473145,
        "P50": 0.6785078048706055,
        "P75": 1.1532707214355469,
        "P90": 3.901850938796997,
        "P95": 5.320395231246948,
        "P99": 5.634591102600098,
        "P100": 5.642223596572876
    },
    "decode_token_time_dict": {
        "P25": 54.32400365514079,
        "P50": 61.65087129187396,
        "P75": 68.60902741199403,
        "P90": 75.91320022823304,
        "P95": 80.95309393746513,
        "P99": 92.48856484420656,
        "P100": 192.34991073608398
    }
}