{
    "backend": "triton",
    "clients": 100,
    "request_num": 497,
    "Total QPS": 2.9980606721153404,
    "Avg Input Length": 4125.696,
    "Avg Output Length": 122.47686116700201,
    "Total Throughput": 12829.817594300135,
    "Input Throughput": 12443.749419218884,
    "Output Throughput": 12443.749419218884,
    "request_time": {
        "P25": 25.36853337287903,
        "P50": 31.939265727996826,
        "P75": 37.82229995727539,
        "P90": 42.47785973548889,
        "P95": 46.976529598236084,
        "P99": 48.226446866989136,
        "P100": 48.25094556808472
    },
    "first_token_time_dict": {
        "P25": 13.517544507980347,
        "P50": 16.227064847946167,
        "P75": 17.348617553710938,
        "P90": 22.876697540283203,
        "P95": 31.925065279006958,
        "P99": 32.85873103141785,
        "P100": 32.87177395820618
    },
    "decode_token_time_dict": {
        "P25": 102.65618562698364,
        "P50": 128.56865492392714,
        "P75": 137.50357327498787,
        "P90": 178.06748893317277,
        "P95": 180.97965172895297,
        "P99": 225.92244488852364,
        "P100": 435.6840531031291
    }
}