{
    "backend": "triton",
    "clients": 50,
    "request_num": 495,
    "Total QPS": 0.6997737308464337,
    "Avg Input Length": 16469.37,
    "Avg Output Length": 124.53333333333333,
    "Total Throughput": 11731.720734483508,
    "Input Throughput": 11641.244938980131,
    "Output Throughput": 11641.244938980131,
    "request_time": {
        "P25": 67.68962597846985,
        "P50": 72.84255790710449,
        "P75": 74.60017824172974,
        "P90": 76.17118787765503,
        "P95": 79.68201851844788,
        "P99": 86.577481508255,
        "P100": 89.54582667350769
    },
    "first_token_time_dict": {
        "P25": 48.262821674346924,
        "P50": 52.92470335960388,
        "P75": 61.05199956893921,
        "P90": 65.89384746551514,
        "P95": 66.69971823692322,
        "P99": 67.98793172836304,
        "P100": 71.77069425582886
    },
    "decode_token_time_dict": {
        "P25": 79.2992115020752,
        "P50": 148.36919964767816,
        "P75": 166.23038945235604,
        "P90": 179.78361647898757,
        "P95": 184.20687059717855,
        "P99": 232.29805827140808,
        "P100": 3417.722463607788
    }
}