{
    "backend": "triton",
    "clients": 15,
    "request_num": 489,
    "Total QPS": 1.300308861215509,
    "Avg Input Length": 8250.884,
    "Avg Output Length": 120.87730061349693,
    "Total Throughput": 11140.221996213546,
    "Input Throughput": 10970.038423375525,
    "Output Throughput": 10970.038423375525,
    "request_time": {
        "P25": 10.804322719573975,
        "P50": 11.883872032165527,
        "P75": 12.894524812698364,
        "P90": 13.837817430496216,
        "P95": 14.304686307907104,
        "P99": 14.940499305725098,
        "P100": 15.519608497619629
    },
    "first_token_time_dict": {
        "P25": 0.591904878616333,
        "P50": 0.9082601070404053,
        "P75": 2.6478612422943115,
        "P90": 5.3570263385772705,
        "P95": 7.489154100418091,
        "P99": 8.782385349273682,
        "P100": 8.786540269851685
    },
    "decode_token_time_dict": {
        "P25": 69.8386609084963,
        "P50": 83.50741018460492,
        "P75": 93.79980507798082,
        "P90": 100.70536080307848,
        "P95": 106.40105300062284,
        "P99": 140.06476742880685,
        "P100": 1580.103039741516
    }
}