{
    "backend": "triton",
    "clients": 15,
    "request_num": 500,
    "Total QPS": 4.2244091929719865,
    "Avg Input Length": 1031.778,
    "Avg Output Length": 125.396,
    "Total Throughput": 4899.376845006665,
    "Input Throughput": 4358.65246830625,
    "Output Throughput": 4358.65246830625,
    "request_time": {
        "P25": 3.5114986896514893,
        "P50": 3.596221685409546,
        "P75": 3.675920009613037,
        "P90": 3.7532706260681152,
        "P95": 3.8078267574310303,
        "P99": 3.835742473602295,
        "P100": 3.8400328159332275
    },
    "first_token_time_dict": {
        "P25": 0.09922337532043457,
        "P50": 0.14896416664123535,
        "P75": 0.6453394889831543,
        "P90": 0.817784309387207,
        "P95": 0.8950381278991699,
        "P99": 1.0608549118041992,
        "P100": 1.0638203620910645
    },
    "decode_token_time_dict": {
        "P25": 23.348911540714774,
        "P50": 26.383709719800574,
        "P75": 27.576606104693074,
        "P90": 28.22085440628172,
        "P95": 28.514454683919592,
        "P99": 29.16511400478093,
        "P100": 43.40660572052002
    }
}