{
    "backend": "triton",
    "clients": 100,
    "request_num": 495,
    "Total QPS": 0.700315543826215,
    "Avg Input Length": 16469.37,
    "Avg Output Length": 123.86666666666666,
    "Total Throughput": 11740.804240035257,
    "Input Throughput": 11650.258391944595,
    "Output Throughput": 11650.258391944595,
    "request_time": {
        "P25": 133.52623105049133,
        "P50": 145.60302329063416,
        "P75": 148.12783336639404,
        "P90": 149.43866324424744,
        "P95": 150.7782461643219,
        "P99": 164.77249360084534,
        "P100": 169.09713578224182
    },
    "first_token_time_dict": {
        "P25": 116.67246079444885,
        "P50": 123.92370295524597,
        "P75": 135.86819314956665,
        "P90": 140.70106649398804,
        "P95": 140.80447435379028,
        "P99": 143.78156781196594,
        "P100": 146.4216923713684
    },
    "decode_token_time_dict": {
        "P25": 59.833138007817304,
        "P50": 105.70316802798294,
        "P75": 170.26842297531488,
        "P90": 180.3280819119431,
        "P95": 185.85201698964036,
        "P99": 212.0142126083374,
        "P100": 855.0968964894613
    }
}