{
    "backend": "triton",
    "clients": 25,
    "request_num": 497,
    "Total QPS": 2.5468296734970797,
    "Avg Input Length": 4125.696,
    "Avg Output Length": 122.19718309859155,
    "Total Throughput": 10898.832187963617,
    "Input Throughput": 10570.870217935822,
    "Output Throughput": 10570.870217935822,
    "request_time": {
        "P25": 9.721223592758179,
        "P50": 10.092615842819214,
        "P75": 10.710923433303833,
        "P90": 11.269880056381226,
        "P95": 11.43798303604126,
        "P99": 11.473995685577393,
        "P100": 11.632152318954468
    },
    "first_token_time_dict": {
        "P25": 0.31175708770751953,
        "P50": 0.5594329833984375,
        "P75": 4.8058249950408936,
        "P90": 5.789148807525635,
        "P95": 6.999537229537964,
        "P99": 7.381764650344849,
        "P100": 7.386857271194458
    },
    "decode_token_time_dict": {
        "P25": 38.94786895075931,
        "P50": 70.81328602287714,
        "P75": 77.57070871788686,
        "P90": 82.43622742299958,
        "P95": 85.81228894511545,
        "P99": 91.69762062303947,
        "P100": 109.79124903678894
    }
}