{
    "backend": "triton",
    "clients": 5,
    "request_num": 497,
    "Total QPS": 1.3097035238109038,
    "Avg Input Length": 4125.696,
    "Avg Output Length": 123.08853118712274,
    "Total Throughput": 5604.708893783045,
    "Input Throughput": 5436.054918885866,
    "Output Throughput": 5436.054918885866,
    "request_time": {
        "P25": 3.662212610244751,
        "P50": 3.9180636405944824,
        "P75": 4.12225341796875,
        "P90": 4.31807541847229,
        "P95": 4.441495180130005,
        "P99": 4.690492630004883,
        "P100": 4.985529899597168
    },
    "first_token_time_dict": {
        "P25": 0.2518618106842041,
        "P50": 0.32415246963500977,
        "P75": 0.4242990016937256,
        "P90": 0.5742964744567871,
        "P95": 0.987760066986084,
        "P99": 1.4679365158081055,
        "P100": 1.5832335948944092
    },
    "decode_token_time_dict": {
        "P25": 26.5210238028699,
        "P50": 28.2355387379804,
        "P75": 29.743446494048495,
        "P90": 31.39021452956312,
        "P95": 32.20619930057075,
        "P99": 35.64190489100659,
        "P100": 76.4748946480129
    }
}