{
    "backend": "triton",
    "clients": 10,
    "request_num": 495,
    "Total QPS": 0.653429603119871,
    "Avg Input Length": 16469.37,
    "Avg Output Length": 124.33939393939394,
    "Total Throughput": 10954.76049690268,
    "Input Throughput": 10870.276669428597,
    "Output Throughput": 10870.276669428597,
    "request_time": {
        "P25": 14.280529260635376,
        "P50": 15.489214897155762,
        "P75": 17.027584552764893,
        "P90": 17.970364570617676,
        "P95": 18.687535762786865,
        "P99": 19.216057062149048,
        "P100": 21.271076679229736
    },
    "first_token_time_dict": {
        "P25": 1.3415510654449463,
        "P50": 2.1786911487579346,
        "P75": 5.059200286865234,
        "P90": 11.904707908630371,
        "P95": 12.175836086273193,
        "P99": 14.376490354537964,
        "P100": 14.395360708236694
    },
    "decode_token_time_dict": {
        "P25": 78.2836272021917,
        "P50": 102.21058552659403,
        "P75": 115.48585028160275,
        "P90": 124.36182667889933,
        "P95": 131.06254517562746,
        "P99": 167.85029888153076,
        "P100": 4161.603371302287
    }
}