{
    "backend": "triton",
    "clients": 5,
    "request_num": 495,
    "Total QPS": 0.5642191641796505,
    "Avg Input Length": 16469.37,
    "Avg Output Length": 124.72727272727273,
    "Total Throughput": 9459.145685838794,
    "Input Throughput": 9386.196137338799,
    "Output Throughput": 9386.196137338799,
    "request_time": {
        "P25": 8.151403665542603,
        "P50": 9.113870859146118,
        "P75": 9.808732032775879,
        "P90": 10.52685284614563,
        "P95": 11.151536464691162,
        "P99": 12.050906658172607,
        "P100": 12.092337369918823
    },
    "first_token_time_dict": {
        "P25": 1.0198297500610352,
        "P50": 1.4010119438171387,
        "P75": 1.98183012008667,
        "P90": 3.6847283840179443,
        "P95": 5.304155111312866,
        "P99": 7.644590139389038,
        "P100": 8.355978727340698
    },
    "decode_token_time_dict": {
        "P25": 50.646355771642966,
        "P50": 59.12705669252891,
        "P75": 65.36170253603477,
        "P90": 70.04096939807802,
        "P95": 73.22097200108325,
        "P99": 79.13166046142578,
        "P100": 2281.332492828369
    }
}