{
    "backend": "openai",
    "clients": 10,
    "request_num": 500,
    "Total QPS": 3.5247769058188694,
    "Avg Input Length": 1031.778,
    "Avg Output Length": 127.75,
    "Total Throughput": 4087.958710276797,
    "Input Throughput": 3636.7872663319813,
    "Output Throughput": 3636.7872663319813,
    "request_time": {
        "P25": 2.7467031478881836,
        "P50": 2.819056510925293,
        "P75": 2.9224419593811035,
        "P90": 2.980111837387085,
        "P95": 3.025494337081909,
        "P99": 3.0516440868377686,
        "P100": 3.054766893386841
    },
    "first_token_time_dict": {
        "P25": 0.5263137817382812,
        "P50": 0.5640850067138672,
        "P75": 0.5834314823150635,
        "P90": 0.6136040687561035,
        "P95": 0.6714949607849121,
        "P99": 0.7550015449523926,
        "P100": 0.7791845798492432
    },
    "decode_token_time_dict": {
        "P25": 17.337162663617473,
        "P50": 17.776755836066297,
        "P75": 18.50611740542996,
        "P90": 19.953399192629835,
        "P95": 21.48436373613012,
        "P99": 22.529339227150746,
        "P100": 23.250562938179556
    }
}