{
    "backend": "openai",
    "clients": 25,
    "request_num": 500,
    "Total QPS": 6.323347683900145,
    "Avg Input Length": 1031.778,
    "Avg Output Length": 127.7,
    "Total Throughput": 7333.679530138342,
    "Input Throughput": 6524.291026599123,
    "Output Throughput": 6524.291026599123,
    "request_time": {
        "P25": 3.7966339588165283,
        "P50": 3.975775718688965,
        "P75": 4.08933424949646,
        "P90": 4.140519380569458,
        "P95": 4.157911539077759,
        "P99": 4.2615461349487305,
        "P100": 4.270589828491211
    },
    "first_token_time_dict": {
        "P25": 0.5775578022003174,
        "P50": 1.0509147644042969,
        "P75": 1.325852632522583,
        "P90": 1.513005018234253,
        "P95": 1.5606532096862793,
        "P99": 1.6537001132965088,
        "P100": 1.756910800933838
    },
    "decode_token_time_dict": {
        "P25": 20.171942673330232,
        "P50": 23.05815351290966,
        "P75": 25.965953436423472,
        "P90": 27.94629638477907,
        "P95": 28.700309071114393,
        "P99": 31.460967756086784,
        "P100": 32.577090376005394
    }
}