{
    "backend": "openai",
    "clients": 50,
    "request_num": 500,
    "Total QPS": 8.682470233726667,
    "Avg Input Length": 1031.778,
    "Avg Output Length": 127.774,
    "Total Throughput": 10069.737962731047,
    "Input Throughput": 8958.381772814033,
    "Output Throughput": 8958.381772814033,
    "request_time": {
        "P25": 5.653223037719727,
        "P50": 5.722083806991577,
        "P75": 5.8898656368255615,
        "P90": 5.942127227783203,
        "P95": 6.015715837478638,
        "P99": 6.032068252563477,
        "P100": 6.047563552856445
    },
    "first_token_time_dict": {
        "P25": 1.0461578369140625,
        "P50": 1.5798659324645996,
        "P75": 2.5001044273376465,
        "P90": 2.8112168312072754,
        "P95": 2.954965114593506,
        "P99": 3.0389564037323,
        "P100": 3.170595645904541
    },
    "decode_token_time_dict": {
        "P25": 26.51529542861446,
        "P50": 32.343262531718274,
        "P75": 37.20082635954609,
        "P90": 41.01967060659814,
        "P95": 42.13546017023522,
        "P99": 44.7184851789099,
        "P100": 46.49492887061412
    }
}