{
    "backend": "openai",
    "clients": 100,
    "request_num": 500,
    "Total QPS": 10.475573395296813,
    "Avg Input Length": 1031.778,
    "Avg Output Length": 127.722,
    "Total Throughput": 12149.339561250546,
    "Input Throughput": 10808.466166652555,
    "Output Throughput": 10808.466166652555,
    "request_time": {
        "P25": 9.431516408920288,
        "P50": 9.532443046569824,
        "P75": 9.58943247795105,
        "P90": 9.623675346374512,
        "P95": 9.63919973373413,
        "P99": 9.656530380249023,
        "P100": 9.677226543426514
    },
    "first_token_time_dict": {
        "P25": 1.5831685066223145,
        "P50": 3.047865390777588,
        "P75": 4.498996257781982,
        "P90": 5.460491895675659,
        "P95": 5.5057549476623535,
        "P99": 5.874113321304321,
        "P100": 5.888106822967529
    },
    "decode_token_time_dict": {
        "P25": 38.96889536399541,
        "P50": 50.58098214817798,
        "P75": 62.26532290300985,
        "P90": 69.37764729222944,
        "P95": 70.58549302769458,
        "P99": 73.53703806719442,
        "P100": 75.95051401029758
    }
}