{
    "backend": "openai",
    "clients": 10,
    "request_num": 500,
    "Total QPS": 3.0840706202159884,
    "Avg Input Length": 1031.778,
    "Avg Output Length": 127.734,
    "Total Throughput": 3576.8372557728585,
    "Input Throughput": 3182.076216385212,
    "Output Throughput": 3182.076216385212,
    "request_time": {
        "P25": 3.1537580490112305,
        "P50": 3.2251062393188477,
        "P75": 3.309237003326416,
        "P90": 3.382542610168457,
        "P95": 3.4342825412750244,
        "P99": 3.4697201251983643,
        "P100": 3.4730913639068604
    },
    "first_token_time_dict": {
        "P25": 0.6200830936431885,
        "P50": 0.6646721363067627,
        "P75": 0.6911509037017822,
        "P90": 0.7213449478149414,
        "P95": 0.7857797145843506,
        "P99": 0.8849880695343018,
        "P100": 0.9115629196166992
    },
    "decode_token_time_dict": {
        "P25": 19.73853524275652,
        "P50": 20.181277105885165,
        "P75": 20.8405810078298,
        "P90": 22.99101333918534,
        "P95": 24.889855872927686,
        "P99": 25.732973429161735,
        "P100": 27.83339222272237
    }
}