{
    "backend": "openai",
    "clients": 15,
    "request_num": 500,
    "Total QPS": 4.657698963605168,
    "Avg Input Length": 1031.778,
    "Avg Output Length": 127.7,
    "Total Throughput": 5401.8967886120745,
    "Input Throughput": 4805.711321270614,
    "Output Throughput": 4805.711321270614,
    "request_time": {
        "P25": 3.115222930908203,
        "P50": 3.170659303665161,
        "P75": 3.230700969696045,
        "P90": 3.3166284561157227,
        "P95": 3.3617422580718994,
        "P99": 3.38641619682312,
        "P100": 3.390162467956543
    },
    "first_token_time_dict": {
        "P25": 0.5599591732025146,
        "P50": 0.5831077098846436,
        "P75": 0.8755614757537842,
        "P90": 0.977372407913208,
        "P95": 1.026308536529541,
        "P99": 1.0693376064300537,
        "P100": 1.10221529006958
    },
    "decode_token_time_dict": {
        "P25": 17.965080231193483,
        "P50": 19.869582859549936,
        "P75": 20.66594033729373,
        "P90": 21.702541458991266,
        "P95": 23.874648912685124,
        "P99": 25.213574209520893,
        "P100": 25.968262529748632
    }
}