{
    "backend": "openai",
    "clients": 50,
    "request_num": 500,
    "Total QPS": 7.545727428011386,
    "Avg Input Length": 1031.778,
    "Avg Output Length": 127.694,
    "Total Throughput": 8751.36866500419,
    "Input Throughput": 7785.515554218731,
    "Output Throughput": 7785.515554218731,
    "request_time": {
        "P25": 6.514848470687866,
        "P50": 6.580064058303833,
        "P75": 6.794293642044067,
        "P90": 6.838923454284668,
        "P95": 6.928308486938477,
        "P99": 6.946228742599487,
        "P100": 6.963508605957031
    },
    "first_token_time_dict": {
        "P25": 1.2809019088745117,
        "P50": 1.944582462310791,
        "P75": 3.0916855335235596,
        "P90": 3.4930968284606934,
        "P95": 3.659667730331421,
        "P99": 3.749439239501953,
        "P100": 3.8621103763580322
    },
    "decode_token_time_dict": {
        "P25": 28.474665063572683,
        "P50": 36.16415234062615,
        "P75": 42.925046184870205,
        "P90": 46.74166957224448,
        "P95": 48.23740824001042,
        "P99": 50.99796310184509,
        "P100": 53.6429131124902
    }
}