{
    "backend": "openai",
    "clients": 5,
    "request_num": 500,
    "Total QPS": 2.044859927872068,
    "Avg Input Length": 1031.778,
    "Avg Output Length": 127.742,
    "Total Throughput": 2371.583557427611,
    "Input Throughput": 2109.8414866599865,
    "Output Throughput": 2109.8414866599865,
    "request_time": {
        "P25": 2.411884069442749,
        "P50": 2.4496896266937256,
        "P75": 2.4777603149414062,
        "P90": 2.503472328186035,
        "P95": 2.524637460708618,
        "P99": 2.5405232906341553,
        "P100": 2.5666956901550293
    },
    "first_token_time_dict": {
        "P25": 0.2511904239654541,
        "P50": 0.3155326843261719,
        "P75": 0.3540031909942627,
        "P90": 0.38362693786621094,
        "P95": 0.40431809425354004,
        "P99": 0.42403340339660645,
        "P100": 0.4472668170928955
    },
    "decode_token_time_dict": {
        "P25": 16.612792578269175,
        "P50": 16.648256872582625,
        "P75": 17.046407345802553,
        "P90": 18.56086197800524,
        "P95": 18.848659485343873,
        "P99": 19.145767534932784,
        "P100": 19.310245363731084
    }
}