{
    "backend": "openai",
    "clients": 100,
    "request_num": 500,
    "Total QPS": 9.245661884604665,
    "Avg Input Length": 1031.778,
    "Avg Output Length": 127.782,
    "Total Throughput": 10722.91524920303,
    "Input Throughput": 9539.470527973632,
    "Output Throughput": 9539.470527973632,
    "request_time": {
        "P25": 10.702435493469238,
        "P50": 10.83021092414856,
        "P75": 10.913933038711548,
        "P90": 10.95760726928711,
        "P95": 10.971954107284546,
        "P99": 10.99849820137024,
        "P100": 11.027090787887573
    },
    "first_token_time_dict": {
        "P25": 1.9207203388214111,
        "P50": 3.7364165782928467,
        "P75": 5.5424065589904785,
        "P90": 6.745490550994873,
        "P95": 6.786638975143433,
        "P99": 7.237958669662476,
        "P100": 7.262364864349365
    },
    "decode_token_time_dict": {
        "P25": 40.93329737505575,
        "P50": 54.80480757285291,
        "P75": 69.34274973407868,
        "P90": 77.39412878441998,
        "P95": 80.52093963923417,
        "P99": 83.22294302812712,
        "P100": 85.30579401752142
    }
}