{
    "backend": "openai",
    "clients": 25,
    "request_num": 500,
    "Total QPS": 5.388346496184238,
    "Avg Input Length": 1031.778,
    "Avg Output Length": 127.722,
    "Total Throughput": 6249.2857226515625,
    "Input Throughput": 5559.577371139981,
    "Output Throughput": 5559.577371139981,
    "request_time": {
        "P25": 4.47875189781189,
        "P50": 4.666659593582153,
        "P75": 4.784418344497681,
        "P90": 4.86228346824646,
        "P95": 4.95411229133606,
        "P99": 4.983372449874878,
        "P100": 4.994294166564941
    },
    "first_token_time_dict": {
        "P25": 0.6881701946258545,
        "P50": 1.3034014701843262,
        "P75": 1.6255247592926025,
        "P90": 1.8597426414489746,
        "P95": 1.9347906112670898,
        "P99": 2.013887882232666,
        "P100": 2.138607978820801
    },
    "decode_token_time_dict": {
        "P25": 22.89790153503418,
        "P50": 26.67480378639041,
        "P75": 30.433547778392402,
        "P90": 32.30068627304918,
        "P95": 33.5145221920464,
        "P99": 36.53728868078998,
        "P100": 38.57138025479054
    }
}