{
    "backend": "openai",
    "clients": 15,
    "request_num": 500,
    "Total QPS": 4.064339367872001,
    "Avg Input Length": 1031.778,
    "Avg Output Length": 127.74,
    "Total Throughput": 4713.731383391853,
    "Input Throughput": 4193.495944304237,
    "Output Throughput": 4193.495944304237,
    "request_time": {
        "P25": 3.5762038230895996,
        "P50": 3.635951280593872,
        "P75": 3.7201929092407227,
        "P90": 3.7896065711975098,
        "P95": 3.8360795974731445,
        "P99": 3.8439090251922607,
        "P100": 3.8479063510894775
    },
    "first_token_time_dict": {
        "P25": 0.6677439212799072,
        "P50": 0.7030062675476074,
        "P75": 1.0714795589447021,
        "P90": 1.200195550918579,
        "P95": 1.2458360195159912,
        "P99": 1.2718966007232666,
        "P100": 1.2786462306976318
    },
    "decode_token_time_dict": {
        "P25": 20.0517496724767,
        "P50": 21.94949210159422,
        "P75": 23.713900348332924,
        "P90": 24.520808317529873,
        "P95": 27.3919987866259,
        "P99": 28.77970087912775,
        "P100": 29.218243801687645
    }
}