{
    "backend": "openai",
    "clients": 5,
    "request_num": 500,
    "Total QPS": 1.7736853083037727,
    "Avg Input Length": 1031.778,
    "Avg Output Length": 127.762,
    "Total Throughput": 2057.081199493933,
    "Input Throughput": 1830.04948003105,
    "Output Throughput": 1830.04948003105,
    "request_time": {
        "P25": 2.7829716205596924,
        "P50": 2.817493200302124,
        "P75": 2.8524787425994873,
        "P90": 2.9003965854644775,
        "P95": 2.914130926132202,
        "P99": 2.9387052059173584,
        "P100": 2.9589099884033203
    },
    "first_token_time_dict": {
        "P25": 0.2853078842163086,
        "P50": 0.357377290725708,
        "P75": 0.40712690353393555,
        "P90": 0.44185709953308105,
        "P95": 0.4703488349914551,
        "P99": 0.4952399730682373,
        "P100": 0.5206613540649414
    },
    "decode_token_time_dict": {
        "P25": 19.177725934606837,
        "P50": 19.209105198777568,
        "P75": 19.641899293468843,
        "P90": 21.404611782764825,
        "P95": 21.717420713169368,
        "P99": 22.255133456132544,
        "P100": 22.67928854111702
    }
}