{
    "backend": "triton",
    "clients": 15,
    "request_num": 500,
    "Total QPS": 0.6496906833707539,
    "Avg Input Length": 16469.37,
    "Avg Output Length": 128.0,
    "Total Throughput": 10783.156657457248,
    "Input Throughput": 10699.996249985792,
    "Output Throughput": 10699.996249985792,
    "request_time": {
        "P25": 21.645126342773438,
        "P50": 23.368364334106445,
        "P75": 24.64811062812805,
        "P90": 26.198389291763306,
        "P95": 26.524189472198486,
        "P99": 27.06714630126953,
        "P100": 27.249643564224243
    },
    "first_token_time_dict": {
        "P25": 15.490410327911377,
        "P50": 16.666244506835938,
        "P75": 17.32634162902832,
        "P90": 18.833275079727173,
        "P95": 20.4758780002594,
        "P99": 22.68591332435608,
        "P100": 23.190030336380005
    },
    "decode_token_time_dict": {
        "P25": 42.2846576360267,
        "P50": 48.030168052733416,
        "P75": 64.85606741717481,
        "P90": 80.6566091973012,
        "P95": 164.35533433448612,
        "P99": 188.8756996064674,
        "P100": 206.6139780630277
    }
}