{
    "backend": "triton",
    "clients": 25,
    "request_num": 500,
    "Total QPS": 5.323423382468185,
    "Avg Input Length": 1031.778,
    "Avg Output Length": 128.0,
    "Total Throughput": 6173.989323672187,
    "Input Throughput": 5492.59113071626,
    "Output Throughput": 5492.59113071626,
    "request_time": {
        "P25": 4.517125844955444,
        "P50": 4.720791816711426,
        "P75": 4.840412378311157,
        "P90": 4.928404331207275,
        "P95": 4.959455728530884,
        "P99": 5.06256890296936,
        "P100": 5.076764822006226
    },
    "first_token_time_dict": {
        "P25": 1.6097352504730225,
        "P50": 1.820676565170288,
        "P75": 1.9280543327331543,
        "P90": 2.0050570964813232,
        "P95": 2.036673069000244,
        "P99": 2.1394588947296143,
        "P100": 2.144660472869873
    },
    "decode_token_time_dict": {
        "P25": 22.75568293774222,
        "P50": 22.827469457791548,
        "P75": 22.90466451269435,
        "P90": 22.969685201569806,
        "P95": 23.03998489079513,
        "P99": 37.224707641000826,
        "P100": 38.98474738353819
    }
}