{
    "backend": "triton",
    "clients": 25,
    "request_num": 500,
    "Total QPS": 2.364747882495257,
    "Avg Input Length": 4125.696,
    "Avg Output Length": 128.0,
    "Total Throughput": 10058.918608778544,
    "Input Throughput": 9756.230879819152,
    "Output Throughput": 9756.230879819152,
    "request_time": {
        "P25": 9.806591272354126,
        "P50": 10.64857530593872,
        "P75": 11.087336301803589,
        "P90": 11.35469388961792,
        "P95": 11.615888357162476,
        "P99": 12.074222803115845,
        "P100": 12.092873573303223
    },
    "first_token_time_dict": {
        "P25": 6.551737308502197,
        "P50": 7.382384538650513,
        "P75": 7.780764102935791,
        "P90": 8.057559728622437,
        "P95": 8.300976514816284,
        "P99": 8.731321334838867,
        "P100": 8.737548112869263
    },
    "decode_token_time_dict": {
        "P25": 25.469830655676173,
        "P50": 25.65307129086472,
        "P75": 25.894726355244796,
        "P90": 26.07433439239742,
        "P95": 26.32720076193021,
        "P99": 84.58222366693452,
        "P100": 92.4208689862349
    }
}