{
    "backend": "triton",
    "clients": 100,
    "request_num": 500,
    "Total QPS": 0.6635881301211144,
    "Avg Input Length": 16469.37,
    "Avg Output Length": 128.0,
    "Total Throughput": 11013.817723228281,
    "Input Throughput": 10928.878442572779,
    "Output Throughput": 10928.878442572779,
    "request_time": {
        "P25": 136.59663438796997,
        "P50": 149.47561240196228,
        "P75": 153.515198469162,
        "P90": 164.50858855247498,
        "P95": 164.71793842315674,
        "P99": 165.2110095024109,
        "P100": 165.25990533828735
    },
    "first_token_time_dict": {
        "P25": 124.64406299591064,
        "P50": 133.6476764678955,
        "P75": 137.69201016426086,
        "P90": 152.49170088768005,
        "P95": 153.11632370948792,
        "P99": 153.5141360759735,
        "P100": 153.52608513832092
    },
    "decode_token_time_dict": {
        "P25": 89.94508165074146,
        "P50": 94.74312789796845,
        "P75": 150.70454905352253,
        "P90": 155.99293408431404,
        "P95": 157.96415261396274,
        "P99": 161.81945613050087,
        "P100": 208.12455124742402
    }
}