{
    "backend": "triton",
    "clients": 50,
    "request_num": 500,
    "Total QPS": 2.727750019957827,
    "Avg Input Length": 4125.696,
    "Avg Output Length": 128.0,
    "Total Throughput": 11603.019348894528,
    "Input Throughput": 11253.867346339926,
    "Output Throughput": 11253.867346339926,
    "request_time": {
        "P25": 18.06596279144287,
        "P50": 18.151323795318604,
        "P75": 18.975841760635376,
        "P90": 19.2452175617218,
        "P95": 19.36095666885376,
        "P99": 19.38047695159912,
        "P100": 19.389578342437744
    },
    "first_token_time_dict": {
        "P25": 14.032299041748047,
        "P50": 14.38486099243164,
        "P75": 14.69147276878357,
        "P90": 15.129764080047607,
        "P95": 15.220123767852783,
        "P99": 15.237548351287842,
        "P100": 15.242095232009888
    },
    "decode_token_time_dict": {
        "P25": 30.6825806775431,
        "P50": 31.535067896204673,
        "P75": 32.58157151890552,
        "P90": 33.998286630224996,
        "P95": 34.13778590405081,
        "P99": 140.90745843301607,
        "P100": 148.8848577334186
    }
}