{
    "backend": "triton",
    "clients": 15,
    "request_num": 500,
    "Total QPS": 2.026451931180276,
    "Avg Input Length": 4125.696,
    "Avg Output Length": 128.0,
    "Total Throughput": 8619.910473853814,
    "Input Throughput": 8360.524626662738,
    "Output Throughput": 8360.524626662738,
    "request_time": {
        "P25": 7.053020238876343,
        "P50": 7.3200294971466064,
        "P75": 7.678589105606079,
        "P90": 8.09062147140503,
        "P95": 8.149962663650513,
        "P99": 8.197261095046997,
        "P100": 8.199924945831299
    },
    "first_token_time_dict": {
        "P25": 3.984410285949707,
        "P50": 4.3103227615356445,
        "P75": 4.694970607757568,
        "P90": 5.0949201583862305,
        "P95": 5.155359745025635,
        "P99": 5.198601961135864,
        "P100": 5.205667495727539
    },
    "decode_token_time_dict": {
        "P25": 23.125329355555255,
        "P50": 23.22407970278282,
        "P75": 23.485547914279728,
        "P90": 23.61125457943894,
        "P95": 53.1252256528599,
        "P99": 59.965096120759256,
        "P100": 62.01676496370571
    }
}