{
    "backend": "triton",
    "clients": 25,
    "request_num": 500,
    "Total QPS": 1.3316692902714204,
    "Avg Input Length": 8250.884,
    "Avg Output Length": 128.0,
    "Total Throughput": 11157.90250954656,
    "Input Throughput": 10987.448840391819,
    "Output Throughput": 10987.448840391819,
    "request_time": {
        "P25": 17.191046953201294,
        "P50": 19.10646080970764,
        "P75": 19.830391883850098,
        "P90": 20.74154496192932,
        "P95": 21.232044219970703,
        "P99": 21.849236011505127,
        "P100": 22.411946296691895
    },
    "first_token_time_dict": {
        "P25": 13.208338737487793,
        "P50": 14.764554738998413,
        "P75": 15.06667184829712,
        "P90": 15.555995464324951,
        "P95": 16.02542543411255,
        "P99": 16.906910181045532,
        "P100": 18.06099271774292
    },
    "decode_token_time_dict": {
        "P25": 31.640416993869575,
        "P50": 34.212606159720835,
        "P75": 37.85407261585626,
        "P90": 46.58792150302196,
        "P95": 50.278524714192066,
        "P99": 151.2132779819759,
        "P100": 166.97659079484114
    }
}