{
    "backend": "triton",
    "clients": 15,
    "request_num": 500,
    "Total QPS": 3.890063733657185,
    "Avg Input Length": 1031.778,
    "Avg Output Length": 128.0,
    "Total Throughput": 4511.610336893463,
    "Input Throughput": 4013.682178985343,
    "Output Throughput": 4013.682178985343,
    "request_time": {
        "P25": 3.736264944076538,
        "P50": 3.789185047149658,
        "P75": 3.8736746311187744,
        "P90": 3.9690284729003906,
        "P95": 3.9932050704956055,
        "P99": 3.9998550415039062,
        "P100": 4.0021727085113525
    },
    "first_token_time_dict": {
        "P25": 0.9862022399902344,
        "P50": 1.0589654445648193,
        "P75": 1.142679214477539,
        "P90": 1.225287914276123,
        "P95": 1.2565860748291016,
        "P99": 1.2625823020935059,
        "P100": 1.267571210861206
    },
    "decode_token_time_dict": {
        "P25": 21.39196245689092,
        "P50": 21.4426386074757,
        "P75": 21.506887721264455,
        "P90": 21.562809080589474,
        "P95": 28.729393726258767,
        "P99": 30.227886410210075,
        "P100": 30.800081613495596
    }
}