{
    "backend": "triton",
    "clients": 10,
    "request_num": 500,
    "Total QPS": 0.6149609022356426,
    "Avg Input Length": 16469.37,
    "Avg Output Length": 128.0,
    "Total Throughput": 10206.733629938788,
    "Input Throughput": 10128.018634452625,
    "Output Throughput": 10128.018634452625,
    "request_time": {
        "P25": 15.113598823547363,
        "P50": 16.265889644622803,
        "P75": 17.55965757369995,
        "P90": 18.45600175857544,
        "P95": 19.23760437965393,
        "P99": 20.393231630325317,
        "P100": 20.39821982383728
    },
    "first_token_time_dict": {
        "P25": 11.00894021987915,
        "P50": 12.796831369400024,
        "P75": 14.120830535888672,
        "P90": 14.959384441375732,
        "P95": 15.752375364303589,
        "P99": 16.873849868774414,
        "P100": 16.878723859786987
    },
    "decode_token_time_dict": {
        "P25": 25.998534180047944,
        "P50": 26.503480325533648,
        "P75": 26.992065700020376,
        "P90": 27.712566646065298,
        "P95": 120.2347128410039,
        "P99": 137.84133355448566,
        "P100": 148.87649431003362
    }
}