{
    "backend": "triton",
    "clients": 15,
    "request_num": 500,
    "Total QPS": 1.2138199064365947,
    "Avg Input Length": 8250.884,
    "Avg Output Length": 128.0,
    "Total Throughput": 10170.45619292308,
    "Input Throughput": 10015.087244899196,
    "Output Throughput": 10015.087244899196,
    "request_time": {
        "P25": 11.6530179977417,
        "P50": 12.352216958999634,
        "P75": 13.019320011138916,
        "P90": 13.855525493621826,
        "P95": 14.05622673034668,
        "P99": 14.081173419952393,
        "P100": 14.084389686584473
    },
    "first_token_time_dict": {
        "P25": 8.209524869918823,
        "P50": 8.92182993888855,
        "P75": 9.755821466445923,
        "P90": 10.542961359024048,
        "P95": 10.767624139785767,
        "P99": 10.777075290679932,
        "P100": 10.780638694763184
    },
    "decode_token_time_dict": {
        "P25": 25.086282745121032,
        "P50": 25.394955957968403,
        "P75": 25.864036064448317,
        "P90": 26.036872638492135,
        "P95": 87.13490381015568,
        "P99": 101.53581401494544,
        "P100": 105.3263427704338
    }
}