{
    "backend": "triton",
    "clients": 25,
    "request_num": 500,
    "Total QPS": 0.6629348334520062,
    "Avg Input Length": 16469.37,
    "Avg Output Length": 128.0,
    "Total Throughput": 11002.974716691324,
    "Input Throughput": 10918.119058009468,
    "Output Throughput": 10918.119058009468,
    "request_time": {
        "P25": 33.22469520568848,
        "P50": 36.232516288757324,
        "P75": 41.52014112472534,
        "P90": 46.35414671897888,
        "P95": 48.753705978393555,
        "P99": 54.50851917266846,
        "P100": 54.86643671989441
    },
    "first_token_time_dict": {
        "P25": 14.21950101852417,
        "P50": 17.63942575454712,
        "P75": 21.44063949584961,
        "P90": 26.87680959701538,
        "P95": 27.415038108825684,
        "P99": 38.96279716491699,
        "P100": 40.41163158416748
    },
    "decode_token_time_dict": {
        "P25": 139.52489912979246,
        "P50": 154.84269960658756,
        "P75": 172.9911706579013,
        "P90": 179.85426159355583,
        "P95": 185.17396393723376,
        "P99": 204.2059335182971,
        "P100": 212.14261392908773
    }
}