{
    "backend": "triton",
    "clients": 100,
    "request_num": 500,
    "Total QPS": 9.20230483608028,
    "Avg Input Length": 1031.778,
    "Avg Output Length": 128.0,
    "Total Throughput": 10672.630698179517,
    "Input Throughput": 9494.73567916124,
    "Output Throughput": 9494.73567916124,
    "request_time": {
        "P25": 10.70570993423462,
        "P50": 10.90735125541687,
        "P75": 10.99101448059082,
        "P90": 11.044071435928345,
        "P95": 11.078485488891602,
        "P99": 11.114134073257446,
        "P100": 11.15839171409607
    },
    "first_token_time_dict": {
        "P25": 6.698994159698486,
        "P50": 6.97118353843689,
        "P75": 7.155150890350342,
        "P90": 7.225823640823364,
        "P95": 7.268611907958984,
        "P99": 7.294574499130249,
        "P100": 7.307536602020264
    },
    "decode_token_time_dict": {
        "P25": 29.765301802026944,
        "P50": 29.975297882800966,
        "P75": 32.75731980331301,
        "P90": 73.85466042466051,
        "P95": 77.68626288166196,
        "P99": 77.99068398363009,
        "P100": 85.86643999955785
    }
}