{
    "backend": "triton",
    "clients": 50,
    "request_num": 500,
    "Total QPS": 7.367243041099052,
    "Avg Input Length": 1031.778,
    "Avg Output Length": 128.0,
    "Total Throughput": 8544.366399719776,
    "Input Throughput": 7601.359290459099,
    "Output Throughput": 7601.359290459099,
    "request_time": {
        "P25": 6.714248895645142,
        "P50": 6.764007568359375,
        "P75": 6.891580581665039,
        "P90": 6.983216762542725,
        "P95": 6.996666669845581,
        "P99": 7.013142824172974,
        "P100": 7.034982204437256
    },
    "first_token_time_dict": {
        "P25": 2.896681308746338,
        "P50": 2.992424726486206,
        "P75": 3.1226816177368164,
        "P90": 3.512448787689209,
        "P95": 3.5646910667419434,
        "P99": 3.7392208576202393,
        "P100": 3.744276762008667
    },
    "decode_token_time_dict": {
        "P25": 29.69613225441279,
        "P50": 30.032043381938784,
        "P75": 30.26585503825991,
        "P90": 30.691422815397967,
        "P95": 30.761801351712446,
        "P99": 52.471772892268625,
        "P100": 54.298365209984965
    }
}