{
    "backend": "triton",
    "clients": 100,
    "request_num": 500,
    "Total QPS": 1.3975632118674006,
    "Avg Input Length": 8250.884,
    "Avg Output Length": 128.0,
    "Total Throughput": 11710.020034904373,
    "Input Throughput": 11531.131943785347,
    "Output Throughput": 11531.131943785347,
    "request_time": {
        "P25": 63.96338415145874,
        "P50": 66.8475079536438,
        "P75": 77.8165819644928,
        "P90": 78.02892804145813,
        "P95": 78.28688263893127,
        "P99": 78.45318937301636,
        "P100": 91.63373732566833
    },
    "first_token_time_dict": {
        "P25": 47.891305446624756,
        "P50": 52.199142932891846,
        "P75": 65.69728112220764,
        "P90": 66.30741095542908,
        "P95": 66.4646954536438,
        "P99": 66.95093607902527,
        "P100": 73.329665184021
    },
    "decode_token_time_dict": {
        "P25": 90.66032424686462,
        "P50": 97.16398697199784,
        "P75": 138.36552026703603,
        "P90": 143.45808104267272,
        "P95": 147.68029573395498,
        "P99": 149.60898376825287,
        "P100": 198.75488318796232
    }
}