{
    "backend": "triton",
    "clients": 50,
    "request_num": 500,
    "Total QPS": 0.6634946780122782,
    "Avg Input Length": 16469.37,
    "Avg Output Length": 128.0,
    "Total Throughput": 11012.266664000646,
    "Input Throughput": 10927.339345215076,
    "Output Throughput": 10927.339345215076,
    "request_time": {
        "P25": 67.29763793945312,
        "P50": 78.84878849983215,
        "P75": 82.05218029022217,
        "P90": 82.8182098865509,
        "P95": 83.17934966087341,
        "P99": 90.03134512901306,
        "P100": 96.83630537986755
    },
    "first_token_time_dict": {
        "P25": 51.625213384628296,
        "P50": 62.337347984313965,
        "P75": 68.67007112503052,
        "P90": 69.65418219566345,
        "P95": 70.32703304290771,
        "P99": 77.94511842727661,
        "P100": 79.21854972839355
    },
    "decode_token_time_dict": {
        "P25": 95.40618123031977,
        "P50": 103.71272019513948,
        "P75": 143.5194146914745,
        "P90": 154.8635790667196,
        "P95": 160.09987057663324,
        "P99": 161.9699170270304,
        "P100": 214.63120453001008
    }
}