{
    "backend": "triton",
    "clients": 5,
    "request_num": 500,
    "Total QPS": 0.8665055647813139,
    "Avg Input Length": 8250.884,
    "Avg Output Length": 128.0,
    "Total Throughput": 7260.349612657114,
    "Input Throughput": 7149.436900365106,
    "Output Throughput": 7149.436900365106,
    "request_time": {
        "P25": 5.327261924743652,
        "P50": 5.743354797363281,
        "P75": 6.158670902252197,
        "P90": 6.483322620391846,
        "P95": 6.740010499954224,
        "P99": 6.965052843093872,
        "P100": 7.1090028285980225
    },
    "first_token_time_dict": {
        "P25": 2.2104361057281494,
        "P50": 2.8791556358337402,
        "P75": 3.3219692707061768,
        "P90": 3.657832622528076,
        "P95": 3.80375599861145,
        "P99": 4.180589914321899,
        "P100": 4.323001146316528
    },
    "decode_token_time_dict": {
        "P25": 21.280089701254536,
        "P50": 21.503619321687953,
        "P75": 21.813839439332018,
        "P90": 40.366399945236566,
        "P95": 43.59421955318901,
        "P99": 47.22426632257897,
        "P100": 49.89861691091943
    }
}