{
    "backend": "triton",
    "clients": 10,
    "request_num": 500,
    "Total QPS": 1.1009453373368105,
    "Avg Input Length": 8250.884,
    "Avg Output Length": 128.0,
    "Total Throughput": 9224.693271886004,
    "Input Throughput": 9083.772268706893,
    "Output Throughput": 9083.772268706893,
    "request_time": {
        "P25": 8.517508268356323,
        "P50": 9.027079820632935,
        "P75": 9.626725673675537,
        "P90": 10.127083778381348,
        "P95": 10.503219842910767,
        "P99": 10.894706010818481,
        "P100": 10.901687622070312
    },
    "first_token_time_dict": {
        "P25": 5.235893487930298,
        "P50": 6.002981185913086,
        "P75": 6.574295282363892,
        "P90": 7.074005842208862,
        "P95": 7.438865661621094,
        "P99": 7.797171592712402,
        "P100": 7.80316948890686
    },
    "decode_token_time_dict": {
        "P25": 23.427124098529966,
        "P50": 23.69449270053173,
        "P75": 23.980895365317036,
        "P90": 24.43221234899806,
        "P95": 67.84180205638015,
        "P99": 75.45356487664651,
        "P100": 80.39674796457366
    }
}