{
    "backend": "triton",
    "clients": 5,
    "request_num": 500,
    "Total QPS": 0.5333038606782643,
    "Avg Input Length": 16469.37,
    "Avg Output Length": 128.0,
    "Total Throughput": 8851.441498105603,
    "Input Throughput": 8783.178603938786,
    "Output Throughput": 8783.178603938786,
    "request_time": {
        "P25": 8.427676677703857,
        "P50": 9.411749839782715,
        "P75": 10.240724325180054,
        "P90": 10.907831907272339,
        "P95": 11.276598691940308,
        "P99": 11.848683595657349,
        "P100": 12.053580284118652
    },
    "first_token_time_dict": {
        "P25": 4.5938639640808105,
        "P50": 6.083234786987305,
        "P75": 7.1567771434783936,
        "P90": 7.867948055267334,
        "P95": 8.227953672409058,
        "P99": 8.825663805007935,
        "P100": 9.038382291793823
    },
    "decode_token_time_dict": {
        "P25": 22.56659447677492,
        "P50": 23.046932821198713,
        "P75": 23.63954191132793,
        "P90": 65.54707955187699,
        "P95": 70.5335684648649,
        "P99": 79.95314860907126,
        "P100": 88.73223507498193
    }
}