{
    "backend": "triton",
    "clients": 10,
    "request_num": 500,
    "Total QPS": 2.9742561249141963,
    "Avg Input Length": 1031.778,
    "Avg Output Length": 128.0,
    "Total Throughput": 3449.4768200407366,
    "Input Throughput": 3068.7720360517196,
    "Output Throughput": 3068.7720360517196,
    "request_time": {
        "P25": 3.2866427898406982,
        "P50": 3.346788167953491,
        "P75": 3.4287729263305664,
        "P90": 3.4798641204833984,
        "P95": 3.528646230697632,
        "P99": 3.5528323650360107,
        "P100": 3.5550034046173096
    },
    "first_token_time_dict": {
        "P25": 0.6258442401885986,
        "P50": 0.6932146549224854,
        "P75": 0.7667205333709717,
        "P90": 0.813307523727417,
        "P95": 0.8647327423095703,
        "P99": 0.8908007144927979,
        "P100": 0.8936662673950195
    },
    "decode_token_time_dict": {
        "P25": 20.783882441483144,
        "P50": 20.812727334931143,
        "P75": 20.903037288996178,
        "P90": 20.990619509238897,
        "P95": 25.72242106039693,
        "P99": 26.722876105721543,
        "P100": 27.097527436384066
    }
}