{
    "backend": "triton",
    "clients": 100,
    "request_num": 500,
    "Total QPS": 2.8426898368631854,
    "Avg Input Length": 4125.696,
    "Avg Output Length": 128.0,
    "Total Throughput": 12091.938388305585,
    "Input Throughput": 11728.074089187097,
    "Output Throughput": 11728.074089187097,
    "request_time": {
        "P25": 32.6678102016449,
        "P50": 33.65619778633118,
        "P75": 41.32399892807007,
        "P90": 42.81184411048889,
        "P95": 50.47816514968872,
        "P99": 50.547832012176514,
        "P100": 50.55588936805725
    },
    "first_token_time_dict": {
        "P25": 14.931118726730347,
        "P50": 16.668700218200684,
        "P75": 23.984670162200928,
        "P90": 25.175296306610107,
        "P95": 33.98341345787048,
        "P99": 34.2176673412323,
        "P100": 34.22769355773926
    },
    "decode_token_time_dict": {
        "P25": 105.62565007547694,
        "P50": 128.76228835639054,
        "P75": 133.94606395030584,
        "P90": 162.2479487591841,
        "P95": 165.70729721249558,
        "P99": 193.9983818474717,
        "P100": 196.65340926703507
    }
}