{
    "backend": "triton",
    "clients": 50,
    "request_num": 500,
    "Total QPS": 1.396905961788464,
    "Avg Input Length": 8250.884,
    "Avg Output Length": 128.0,
    "Total Throughput": 11704.513012733973,
    "Input Throughput": 11525.70904962505,
    "Output Throughput": 11525.70904962505,
    "request_time": {
        "P25": 33.042224407196045,
        "P50": 34.258153676986694,
        "P75": 36.996941804885864,
        "P90": 43.4017436504364,
        "P95": 44.1511116027832,
        "P99": 51.56111812591553,
        "P100": 52.29751396179199
    },
    "first_token_time_dict": {
        "P25": 14.929241180419922,
        "P50": 17.439279317855835,
        "P75": 22.304622411727905,
        "P90": 25.928351640701294,
        "P95": 26.12171196937561,
        "P99": 34.98604488372803,
        "P100": 35.63911986351013
    },
    "decode_token_time_dict": {
        "P25": 130.97050621753604,
        "P50": 136.2397407922219,
        "P75": 146.06820504496417,
        "P90": 151.61853324709915,
        "P95": 171.4203864570678,
        "P99": 174.45797807588352,
        "P100": 198.22470972857136
    }
}