{
    "backend": "triton",
    "clients": 5,
    "request_num": 500,
    "Total QPS": 1.2207864030210864,
    "Avg Input Length": 4125.696,
    "Avg Output Length": 128.0,
    "Total Throughput": 5192.854239385183,
    "Input Throughput": 5036.593579798484,
    "Output Throughput": 5036.593579798484,
    "request_time": {
        "P25": 3.9053685665130615,
        "P50": 4.096030950546265,
        "P75": 4.281346082687378,
        "P90": 4.434586763381958,
        "P95": 4.5549163818359375,
        "P99": 4.6771605014801025,
        "P100": 4.737942457199097
    },
    "first_token_time_dict": {
        "P25": 1.0953164100646973,
        "P50": 1.3832290172576904,
        "P75": 1.591423511505127,
        "P90": 1.757230281829834,
        "P95": 1.838954210281372,
        "P99": 2.0103728771209717,
        "P100": 2.0626649856567383
    },
    "decode_token_time_dict": {
        "P25": 20.54794942300151,
        "P50": 20.725163887804886,
        "P75": 20.888067605927237,
        "P90": 29.729944514477346,
        "P95": 31.28380287350632,
        "P99": 33.15112159008116,
        "P100": 34.09817838293361
    }
}