{
    "backend": "triton",
    "clients": 5,
    "request_num": 500,
    "Total QPS": 1.7321022327381481,
    "Avg Input Length": 1031.778,
    "Avg Output Length": 128.0,
    "Total Throughput": 2008.8540632805841,
    "Input Throughput": 1787.1449774901012,
    "Output Throughput": 1787.1449774901012,
    "request_time": {
        "P25": 2.846390724182129,
        "P50": 2.8852124214172363,
        "P75": 2.923129081726074,
        "P90": 2.9508981704711914,
        "P95": 2.992020845413208,
        "P99": 3.001008987426758,
        "P100": 3.038825035095215
    },
    "first_token_time_dict": {
        "P25": 0.27979516983032227,
        "P50": 0.355013370513916,
        "P75": 0.39406824111938477,
        "P90": 0.423281192779541,
        "P95": 0.4673786163330078,
        "P99": 0.47673749923706055,
        "P100": 0.5141415596008301
    },
    "decode_token_time_dict": {
        "P25": 19.778668411134735,
        "P50": 19.808727925217998,
        "P75": 19.86331263865073,
        "P90": 21.943353292510263,
        "P95": 22.15648448373389,
        "P99": 22.708404721237542,
        "P100": 22.908749542837068
    }
}