{
    "backend": "triton",
    "clients": 10,
    "request_num": 500,
    "Total QPS": 1.7372667457050004,
    "Avg Input Length": 4125.696,
    "Avg Output Length": 128.0,
    "Total Throughput": 7389.804607138378,
    "Input Throughput": 7167.434463688138,
    "Output Throughput": 7167.434463688138,
    "request_time": {
        "P25": 5.480553150177002,
        "P50": 5.726596117019653,
        "P75": 5.9965126514434814,
        "P90": 6.241947412490845,
        "P95": 6.388782262802124,
        "P99": 6.612423658370972,
        "P100": 6.616219520568848
    },
    "first_token_time_dict": {
        "P25": 2.530017852783203,
        "P50": 2.86592698097229,
        "P75": 3.157198190689087,
        "P90": 3.3935654163360596,
        "P95": 3.527644634246826,
        "P99": 3.739642381668091,
        "P100": 3.7443108558654785
    },
    "decode_token_time_dict": {
        "P25": 22.057689081026812,
        "P50": 22.218336270550104,
        "P75": 22.36875774353508,
        "P90": 22.62465221675362,
        "P95": 43.23342841441237,
        "P99": 46.61605114073265,
        "P100": 49.356736536101096
    }
}