{
    "backend": "lmdeploy",
    "clients": 15,
    "request_num": 494,
    "Total QPS": 2.0128841396064656,
    "Avg Input Length": 16469.37,
    "Avg Output Length": 109.08704453441295,
    "Total Throughput": 33814.35509329976,
    "Input Throughput": 33553.57658128597,
    "Output Throughput": 33553.57658128597,
    "request_time": {
        "P25": 7.010409355163574,
        "P50": 7.482092380523682,
        "P75": 7.894911289215088,
        "P90": 8.324581623077393,
        "P95": 8.719615936279297,
        "P99": 9.312721014022827,
        "P100": 10.516939640045166
    },
    "first_token_time_dict": {
        "P25": 0.5261781215667725,
        "P50": 0.7588918209075928,
        "P75": 1.1386926174163818,
        "P90": 1.5831670761108398,
        "P95": 1.8127543926239014,
        "P99": 2.888970136642456,
        "P100": 4.869089126586914
    },
    "decode_token_time_dict": {
        "P25": 54.54142751364873,
        "P50": 61.3837598640228,
        "P75": 68.13581155078245,
        "P90": 73.12913517375569,
        "P95": 76.80996788872612,
        "P99": 81.86716125124977,
        "P100": 87.6177798869998
    }
}