{
    "backend": "lmdeploy",
    "clients": 5,
    "request_num": 500,
    "Total QPS": 2.6144926133582276,
    "Avg Input Length": 1031.778,
    "Avg Output Length": 127.824,
    "Total Throughput": 3032.2310141353787,
    "Input Throughput": 2697.5759596255257,
    "Output Throughput": 2697.5759596255257,
    "request_time": {
        "P25": 1.896230936050415,
        "P50": 1.9093313217163086,
        "P75": 1.9230396747589111,
        "P90": 1.9357237815856934,
        "P95": 1.9450712203979492,
        "P99": 1.9766974449157715,
        "P100": 2.1064462661743164
    },
    "first_token_time_dict": {
        "P25": 0.08552908897399902,
        "P50": 0.10323572158813477,
        "P75": 0.11454415321350098,
        "P90": 0.1282024383544922,
        "P95": 0.13608217239379883,
        "P99": 0.14926791191101074,
        "P100": 0.16582560539245605
    },
    "decode_token_time_dict": {
        "P25": 14.120571256622554,
        "P50": 14.22876823605515,
        "P75": 14.386924233023576,
        "P90": 14.675646531777303,
        "P95": 14.80644331203671,
        "P99": 15.460372972889106,
        "P100": 16.107228797251782
    }
}