{
    "backend": "lmdeploy",
    "clients": 10,
    "request_num": 500,
    "Total QPS": 2.6819125383161992,
    "Avg Input Length": 8250.884,
    "Avg Output Length": 117.306,
    "Total Throughput": 22471.434056696988,
    "Input Throughput": 22128.149251792514,
    "Output Throughput": 22128.149251792514,
    "request_time": {
        "P25": 3.5783133506774902,
        "P50": 3.7359025478363037,
        "P75": 3.8715033531188965,
        "P90": 4.021674871444702,
        "P95": 4.117380380630493,
        "P99": 4.351252555847168,
        "P100": 4.777500867843628
    },
    "first_token_time_dict": {
        "P25": 0.19984889030456543,
        "P50": 0.292233943939209,
        "P75": 0.39116358757019043,
        "P90": 0.5921380519866943,
        "P95": 0.7132973670959473,
        "P99": 1.1185424327850342,
        "P100": 1.7740046977996826
    },
    "decode_token_time_dict": {
        "P25": 27.2466139715226,
        "P50": 29.381635760472825,
        "P75": 31.210041046142578,
        "P90": 32.53457027932872,
        "P95": 33.29374188574675,
        "P99": 36.21608801562377,
        "P100": 39.008545875549316
    }
}