{
    "backend": "lmdeploy",
    "clients": 25,
    "request_num": 494,
    "Total QPS": 2.290507856658527,
    "Avg Input Length": 16469.37,
    "Avg Output Length": 111.25101214574899,
    "Total Throughput": 38478.14411423941,
    "Input Throughput": 38181.39815710146,
    "Output Throughput": 38181.39815710146,
    "request_time": {
        "P25": 10.46810531616211,
        "P50": 11.025333642959595,
        "P75": 11.526079893112183,
        "P90": 11.867494344711304,
        "P95": 12.195733308792114,
        "P99": 14.72428822517395,
        "P100": 16.313482761383057
    },
    "first_token_time_dict": {
        "P25": 0.7028450965881348,
        "P50": 1.0011680126190186,
        "P75": 1.4405081272125244,
        "P90": 2.0340540409088135,
        "P95": 2.783115863800049,
        "P99": 6.066260814666748,
        "P100": 7.567129135131836
    },
    "decode_token_time_dict": {
        "P25": 83.77710641440699,
        "P50": 91.56990051269531,
        "P75": 95.3336821662055,
        "P90": 99.142143318245,
        "P95": 101.07986211776733,
        "P99": 106.77979987801857,
        "P100": 111.65520668029785
    }
}