{
    "backend": "lmdeploy",
    "clients": 10,
    "request_num": 494,
    "Total QPS": 1.781181749610474,
    "Avg Input Length": 16469.37,
    "Avg Output Length": 105.43319838056681,
    "Total Throughput": 29921.99649345384,
    "Input Throughput": 29691.23610484034,
    "Output Throughput": 29691.23610484034,
    "request_time": {
        "P25": 5.284817218780518,
        "P50": 5.603860378265381,
        "P75": 5.932926893234253,
        "P90": 6.252273321151733,
        "P95": 6.455871343612671,
        "P99": 7.215526342391968,
        "P100": 7.689420938491821
    },
    "first_token_time_dict": {
        "P25": 0.41471362113952637,
        "P50": 0.6147229671478271,
        "P75": 0.8894073963165283,
        "P90": 1.2595667839050293,
        "P95": 1.5711946487426758,
        "P99": 2.0927011966705322,
        "P100": 3.699373483657837
    },
    "decode_token_time_dict": {
        "P25": 41.03602393198821,
        "P50": 47.92891025543213,
        "P75": 52.91626273944814,
        "P90": 57.756844255113116,
        "P95": 59.88500091467011,
        "P99": 64.76489894361382,
        "P100": 67.8626341992114
    }
}