{
    "backend": "lmdeploy",
    "clients": 50,
    "request_num": 500,
    "Total QPS": 8.268051116728326,
    "Avg Input Length": 4125.696,
    "Avg Output Length": 125.426,
    "Total Throughput": 35169.77596302282,
    "Input Throughput": 34111.465420081586,
    "Output Throughput": 34111.465420081586,
    "request_time": {
        "P25": 5.846543073654175,
        "P50": 6.070900201797485,
        "P75": 6.260026216506958,
        "P90": 6.450955152511597,
        "P95": 7.085612535476685,
        "P99": 8.669543504714966,
        "P100": 8.945305585861206
    },
    "first_token_time_dict": {
        "P25": 0.2519516944885254,
        "P50": 0.4022068977355957,
        "P75": 0.5580048561096191,
        "P90": 0.7687211036682129,
        "P95": 1.6616272926330566,
        "P99": 3.4109530448913574,
        "P100": 3.619433879852295
    },
    "decode_token_time_dict": {
        "P25": 43.39193351685055,
        "P50": 45.22531071016865,
        "P75": 46.46911544184531,
        "P90": 47.370619025112184,
        "P95": 47.937230366032296,
        "P99": 49.170909389372795,
        "P100": 53.0164496412555
    }
}