{
    "backend": "lmdeploy",
    "clients": 100,
    "request_num": 500,
    "Total QPS": 23.446020244914557,
    "Avg Input Length": 1031.778,
    "Avg Output Length": 126.278,
    "Total Throughput": 27192.178467606518,
    "Input Throughput": 24191.087876257454,
    "Output Throughput": 24191.087876257454,
    "request_time": {
        "P25": 4.1452250480651855,
        "P50": 4.258813858032227,
        "P75": 4.386900901794434,
        "P90": 4.609957933425903,
        "P95": 4.94546365737915,
        "P99": 5.181141376495361,
        "P100": 5.335808515548706
    },
    "first_token_time_dict": {
        "P25": 0.2499701976776123,
        "P50": 0.35687780380249023,
        "P75": 0.4625740051269531,
        "P90": 0.8357493877410889,
        "P95": 1.1965827941894531,
        "P99": 1.4900918006896973,
        "P100": 1.5816590785980225
    },
    "decode_token_time_dict": {
        "P25": 29.95022516401987,
        "P50": 31.100799166966997,
        "P75": 31.697767257690426,
        "P90": 32.027488708496094,
        "P95": 32.19028663635254,
        "P99": 32.7984510906159,
        "P100": 33.501813888549805
    }
}