{
    "backend": "lmdeploy",
    "clients": 50,
    "request_num": 500,
    "Total QPS": 15.4141349235432,
    "Avg Input Length": 1031.778,
    "Avg Output Length": 127.14,
    "Total Throughput": 17876.974573357085,
    "Input Throughput": 15903.965303143556,
    "Output Throughput": 15903.965303143556,
    "request_time": {
        "P25": 3.195582389831543,
        "P50": 3.2346105575561523,
        "P75": 3.2812581062316895,
        "P90": 3.3605868816375732,
        "P95": 3.4659388065338135,
        "P99": 3.736870527267456,
        "P100": 3.8150949478149414
    },
    "first_token_time_dict": {
        "P25": 0.19577336311340332,
        "P50": 0.22963762283325195,
        "P75": 0.2640509605407715,
        "P90": 0.37953710556030273,
        "P95": 0.4424257278442383,
        "P99": 0.8105974197387695,
        "P100": 0.8452003002166748
    },
    "decode_token_time_dict": {
        "P25": 23.44124846988254,
        "P50": 23.798255693344846,
        "P75": 24.07536430964394,
        "P90": 24.35058071499779,
        "P95": 24.68783836665116,
        "P99": 25.09915542602539,
        "P100": 25.788116455078125
    }
}