{
    "backend": "lmdeploy",
    "clients": 25,
    "request_num": 500,
    "Total QPS": 4.042856836394509,
    "Avg Input Length": 8250.884,
    "Avg Output Length": 117.354,
    "Total Throughput": 33874.62846075656,
    "Input Throughput": 33357.142785698066,
    "Output Throughput": 33357.142785698066,
    "request_time": {
        "P25": 5.9797258377075195,
        "P50": 6.218564033508301,
        "P75": 6.46198844909668,
        "P90": 6.717589378356934,
        "P95": 6.8841552734375,
        "P99": 7.743135690689087,
        "P100": 8.357369661331177
    },
    "first_token_time_dict": {
        "P25": 0.33432507514953613,
        "P50": 0.46493077278137207,
        "P75": 0.6494429111480713,
        "P90": 1.1277542114257812,
        "P95": 1.4834272861480713,
        "P99": 2.8552536964416504,
        "P100": 3.3720664978027344
    },
    "decode_token_time_dict": {
        "P25": 45.92580512418586,
        "P50": 49.545537054011255,
        "P75": 51.499162983690574,
        "P90": 52.995496782763254,
        "P95": 53.744414396453315,
        "P99": 55.181096085404924,
        "P100": 77.41289352303122
    }
}