{
    "backend": "lmdeploy",
    "clients": 100,
    "request_num": 500,
    "Total QPS": 5.535396652238374,
    "Avg Input Length": 8250.884,
    "Avg Output Length": 122.496,
    "Total Throughput": 46380.44644309367,
    "Input Throughput": 45671.91567160716,
    "Output Throughput": 45671.91567160716,
    "request_time": {
        "P25": 17.2081561088562,
        "P50": 17.916019439697266,
        "P75": 18.560429334640503,
        "P90": 24.053146600723267,
        "P95": 27.920659065246582,
        "P99": 31.64642333984375,
        "P100": 32.98163318634033
    },
    "first_token_time_dict": {
        "P25": 0.7409002780914307,
        "P50": 0.9709093570709229,
        "P75": 1.5427422523498535,
        "P90": 7.636423110961914,
        "P95": 11.334584474563599,
        "P99": 15.06251573562622,
        "P100": 16.501795291900635
    },
    "decode_token_time_dict": {
        "P25": 134.3051957302406,
        "P50": 138.98028396978611,
        "P75": 141.72009691115346,
        "P90": 142.80710763078395,
        "P95": 143.17298142806342,
        "P99": 147.94436522892542,
        "P100": 187.00305970160517
    }
}