{
    "backend": "lmdeploy",
    "clients": 50,
    "request_num": 494,
    "Total QPS": 2.563205828262235,
    "Avg Input Length": 16469.37,
    "Avg Output Length": 118.78947368421052,
    "Total Throughput": 43059.185746786214,
    "Input Throughput": 42727.11049778058,
    "Output Throughput": 42727.11049778058,
    "request_time": {
        "P25": 18.600316524505615,
        "P50": 19.774242401123047,
        "P75": 20.470690488815308,
        "P90": 21.28444004058838,
        "P95": 23.91617178916931,
        "P99": 31.979593753814697,
        "P100": 32.79874801635742
    },
    "first_token_time_dict": {
        "P25": 0.9545629024505615,
        "P50": 1.4703443050384521,
        "P75": 2.1530308723449707,
        "P90": 3.2003259658813477,
        "P95": 7.384552717208862,
        "P99": 15.269264936447144,
        "P100": 15.805471181869507
    },
    "decode_token_time_dict": {
        "P25": 146.07344845593985,
        "P50": 154.57665629503202,
        "P75": 159.10498797893524,
        "P90": 163.2222320722497,
        "P95": 164.71168824604578,
        "P99": 167.7889904054273,
        "P100": 173.5595754674963
    }
}