{
    "backend": "lmdeploy",
    "clients": 25,
    "request_num": 500,
    "Total QPS": 6.0301750921769965,
    "Avg Input Length": 4125.696,
    "Avg Output Length": 125.806,
    "Total Throughput": 25650.53166889292,
    "Input Throughput": 24878.669257094265,
    "Output Throughput": 24878.669257094265,
    "request_time": {
        "P25": 4.028848648071289,
        "P50": 4.165938138961792,
        "P75": 4.284682035446167,
        "P90": 4.423530578613281,
        "P95": 4.526674509048462,
        "P99": 4.830240964889526,
        "P100": 5.172834396362305
    },
    "first_token_time_dict": {
        "P25": 0.1812605857849121,
        "P50": 0.24817943572998047,
        "P75": 0.40140438079833984,
        "P90": 0.5954935550689697,
        "P95": 0.8561830520629883,
        "P99": 1.3923490047454834,
        "P100": 1.5832138061523438
    },
    "decode_token_time_dict": {
        "P25": 29.54002252713902,
        "P50": 30.881470249545192,
        "P75": 31.81377004404537,
        "P90": 32.58513241279416,
        "P95": 32.95177694350954,
        "P99": 33.86511007944743,
        "P100": 37.70615941002255
    }
}