{
    "backend": "openai",
    "clients": 10,
    "request_num": 500,
    "Total QPS": 5.597519973917501,
    "Avg Input Length": 1031.778,
    "Avg Output Length": 127.914,
    "Total Throughput": 6491.880520310091,
    "Input Throughput": 5775.397963648651,
    "Output Throughput": 5775.397963648651,
    "request_time": {
        "P25": 1.7614820003509521,
        "P50": 1.7872142791748047,
        "P75": 1.804405689239502,
        "P90": 1.8154096603393555,
        "P95": 1.8277132511138916,
        "P99": 1.8387680053710938,
        "P100": 1.8423278331756592
    },
    "first_token_time_dict": {
        "P25": 0.17583870887756348,
        "P50": 0.1818094253540039,
        "P75": 0.19135618209838867,
        "P90": 0.21050238609313965,
        "P95": 0.22568058967590332,
        "P99": 0.24698281288146973,
        "P100": 0.25490641593933105
    },
    "decode_token_time_dict": {
        "P25": 12.39653271952952,
        "P50": 12.611068139864704,
        "P75": 12.74225280040831,
        "P90": 13.33167796998512,
        "P95": 13.771282406303827,
        "P99": 14.014619541919137,
        "P100": 14.084440516674613
    }
}