{
    "backend": "openai",
    "clients": 25,
    "request_num": 500,
    "Total QPS": 6.701005344116562,
    "Avg Input Length": 4125.696,
    "Avg Output Length": 127.904,
    "Total Throughput": 28504.039628247247,
    "Input Throughput": 27646.310944200326,
    "Output Throughput": 27646.310944200326,
    "request_time": {
        "P25": 3.529283285140991,
        "P50": 3.7387797832489014,
        "P75": 3.8480730056762695,
        "P90": 3.970942974090576,
        "P95": 4.116880893707275,
        "P99": 4.24014949798584,
        "P100": 4.242274045944214
    },
    "first_token_time_dict": {
        "P25": 0.570070743560791,
        "P50": 1.0380198955535889,
        "P75": 1.4960694313049316,
        "P90": 1.7839550971984863,
        "P95": 1.9328815937042236,
        "P99": 2.11791729927063,
        "P100": 2.395836353302002
    },
    "decode_token_time_dict": {
        "P25": 17.281001008401706,
        "P50": 20.92884844682348,
        "P75": 24.57214903643751,
        "P90": 26.879746144212138,
        "P95": 28.014113583902674,
        "P99": 29.28587583106334,
        "P100": 31.188611909160464
    }
}