{
    "backend": "openai",
    "clients": 50,
    "request_num": 500,
    "Total QPS": 8.431460289858062,
    "Avg Input Length": 4125.696,
    "Avg Output Length": 127.916,
    "Total Throughput": 35864.86890912808,
    "Input Throughput": 34785.64199202625,
    "Output Throughput": 34785.64199202625,
    "request_time": {
        "P25": 5.703549385070801,
        "P50": 5.754031181335449,
        "P75": 5.975682258605957,
        "P90": 6.068361282348633,
        "P95": 7.104738235473633,
        "P99": 7.1229331493377686,
        "P100": 7.157975912094116
    },
    "first_token_time_dict": {
        "P25": 1.0729880332946777,
        "P50": 2.061044692993164,
        "P75": 2.9824438095092773,
        "P90": 3.5806188583374023,
        "P95": 3.8099911212921143,
        "P99": 4.596889972686768,
        "P100": 5.073817491531372
    },
    "decode_token_time_dict": {
        "P25": 23.02550706337756,
        "P50": 30.607033902265893,
        "P75": 37.51007027513399,
        "P90": 41.57900810241699,
        "P95": 42.999915250643035,
        "P99": 44.85830922765056,
        "P100": 46.47690292418472
    }
}