{
    "backend": "openai",
    "clients": 25,
    "request_num": 500,
    "Total QPS": 4.524320730785218,
    "Avg Input Length": 4125.696,
    "Avg Output Length": 127.834,
    "Total Throughput": 19245.084995258156,
    "Input Throughput": 18665.97194171765,
    "Output Throughput": 18665.97194171765,
    "request_time": {
        "P25": 5.237488031387329,
        "P50": 5.570380210876465,
        "P75": 5.746758460998535,
        "P90": 5.8313305377960205,
        "P95": 5.907003879547119,
        "P99": 6.0994298458099365,
        "P100": 6.112648963928223
    },
    "first_token_time_dict": {
        "P25": 0.846853494644165,
        "P50": 1.5303258895874023,
        "P75": 2.268566370010376,
        "P90": 2.7217044830322266,
        "P95": 2.9202821254730225,
        "P99": 3.1480014324188232,
        "P100": 3.411539077758789
    },
    "decode_token_time_dict": {
        "P25": 25.119278374619373,
        "P50": 31.029361439502146,
        "P75": 36.54811513705516,
        "P90": 39.731958719689075,
        "P95": 41.50628855847937,
        "P99": 44.124552584069924,
        "P100": 46.42943322189211
    }
}