{
    "backend": "openai",
    "clients": 100,
    "request_num": 500,
    "Total QPS": 7.338032382506751,
    "Avg Input Length": 4125.696,
    "Avg Output Length": 127.81,
    "Total Throughput": 31213.758993339434,
    "Input Throughput": 30274.490848378573,
    "Output Throughput": 30274.490848378573,
    "request_time": {
        "P25": 13.441889762878418,
        "P50": 13.758018255233765,
        "P75": 13.818673849105835,
        "P90": 13.841399669647217,
        "P95": 13.855200052261353,
        "P99": 13.883410215377808,
        "P100": 13.899951934814453
    },
    "first_token_time_dict": {
        "P25": 2.9410040378570557,
        "P50": 5.94424843788147,
        "P75": 8.553571701049805,
        "P90": 10.199887037277222,
        "P95": 10.876042366027832,
        "P99": 11.390886306762695,
        "P100": 11.588120937347412
    },
    "decode_token_time_dict": {
        "P25": 38.72950058283768,
        "P50": 60.143403180940886,
        "P75": 84.00246665233702,
        "P90": 96.87015578502745,
        "P95": 100.72817764882966,
        "P99": 105.1221044044795,
        "P100": 108.25668169757513
    }
}