{
    "backend": "openai",
    "clients": 15,
    "request_num": 500,
    "Total QPS": 5.293795967839499,
    "Avg Input Length": 4125.696,
    "Avg Output Length": 127.928,
    "Total Throughput": 22518.198733215006,
    "Input Throughput": 21840.592849331548,
    "Output Throughput": 21840.592849331548,
    "request_time": {
        "P25": 2.7259721755981445,
        "P50": 2.7907445430755615,
        "P75": 2.8918955326080322,
        "P90": 2.995745897293091,
        "P95": 3.0040581226348877,
        "P99": 3.0186188220977783,
        "P100": 3.022538185119629
    },
    "first_token_time_dict": {
        "P25": 0.403383731842041,
        "P50": 0.6870102882385254,
        "P75": 0.9678330421447754,
        "P90": 1.122222661972046,
        "P95": 1.1838090419769287,
        "P99": 1.3152568340301514,
        "P100": 1.34010648727417
    },
    "decode_token_time_dict": {
        "P25": 14.321599419661394,
        "P50": 16.563428668525276,
        "P75": 18.84659819715605,
        "P90": 20.327357795294812,
        "P95": 20.92721159496005,
        "P99": 22.471275855237106,
        "P100": 22.730388040617694
    }
}