{
    "backend": "openai",
    "clients": 15,
    "request_num": 500,
    "Total QPS": 3.592670036401731,
    "Avg Input Length": 4125.696,
    "Avg Output Length": 127.854,
    "Total Throughput": 15282.126163161898,
    "Input Throughput": 14822.264398502475,
    "Output Throughput": 14822.264398502475,
    "request_time": {
        "P25": 4.027276515960693,
        "P50": 4.126357555389404,
        "P75": 4.257408380508423,
        "P90": 4.4268553256988525,
        "P95": 4.444939613342285,
        "P99": 4.458845376968384,
        "P100": 4.463110685348511
    },
    "first_token_time_dict": {
        "P25": 0.6004555225372314,
        "P50": 1.0379788875579834,
        "P75": 1.4729845523834229,
        "P90": 1.7017333507537842,
        "P95": 1.805907964706421,
        "P99": 2.00795316696167,
        "P100": 2.032954454421997
    },
    "decode_token_time_dict": {
        "P25": 20.963638786255846,
        "P50": 24.135202873410204,
        "P75": 27.68070866742472,
        "P90": 29.969712880652718,
        "P95": 31.360453508031647,
        "P99": 33.360963731300174,
        "P100": 34.02115979532557
    }
}