{
    "backend": "openai",
    "clients": 10,
    "request_num": 500,
    "Total QPS": 2.8714618163369865,
    "Avg Input Length": 4125.696,
    "Avg Output Length": 127.846,
    "Total Throughput": 12214.325642305374,
    "Input Throughput": 11846.778529814239,
    "Output Throughput": 11846.778529814239,
    "request_time": {
        "P25": 3.3719563484191895,
        "P50": 3.4714818000793457,
        "P75": 3.5766007900238037,
        "P90": 3.6704671382904053,
        "P95": 3.7448484897613525,
        "P99": 3.8305063247680664,
        "P100": 3.8343300819396973
    },
    "first_token_time_dict": {
        "P25": 0.42536115646362305,
        "P50": 0.7785451412200928,
        "P75": 1.03220796585083,
        "P90": 1.1422553062438965,
        "P95": 1.2587265968322754,
        "P99": 1.3715860843658447,
        "P100": 1.49674391746521
    },
    "decode_token_time_dict": {
        "P25": 19.30507469177246,
        "P50": 21.415203575074205,
        "P75": 23.693567185890018,
        "P90": 25.382584474218174,
        "P95": 26.485567017803042,
        "P99": 27.989252345768485,
        "P100": 28.638000563373716
    }
}