{
    "backend": "openai",
    "clients": 10,
    "request_num": 500,
    "Total QPS": 3.8182540063713173,
    "Avg Input Length": 1031.778,
    "Avg Output Length": 127.82,
    "Total Throughput": 4428.326995001314,
    "Input Throughput": 3939.5904821857853,
    "Output Throughput": 3939.5904821857853,
    "request_time": {
        "P25": 2.583364248275757,
        "P50": 2.6157608032226562,
        "P75": 2.6438326835632324,
        "P90": 2.670689344406128,
        "P95": 2.6835262775421143,
        "P99": 2.706679105758667,
        "P100": 2.7102062702178955
    },
    "first_token_time_dict": {
        "P25": 0.2619037628173828,
        "P50": 0.2728080749511719,
        "P75": 0.2812235355377197,
        "P90": 0.3010444641113281,
        "P95": 0.3330557346343994,
        "P99": 0.3660402297973633,
        "P100": 0.3772728443145752
    },
    "decode_token_time_dict": {
        "P25": 18.19651521097018,
        "P50": 18.391926457562786,
        "P75": 18.68760867381659,
        "P90": 19.608837413036916,
        "P95": 20.213373064056157,
        "P99": 20.630763271662193,
        "P100": 27.3407170938891
    }
}