{
    "backend": "openai",
    "clients": 50,
    "request_num": 500,
    "Total QPS": 16.344780698713436,
    "Avg Input Length": 1031.778,
    "Avg Output Length": 127.946,
    "Total Throughput": 18956.31706919247,
    "Input Throughput": 16864.18513975715,
    "Output Throughput": 16864.18513975715,
    "request_time": {
        "P25": 2.799329996109009,
        "P50": 2.8225505352020264,
        "P75": 2.877897024154663,
        "P90": 3.710832357406616,
        "P95": 4.260521173477173,
        "P99": 4.274320602416992,
        "P100": 4.293428659439087
    },
    "first_token_time_dict": {
        "P25": 0.3363378047943115,
        "P50": 0.610539436340332,
        "P75": 0.7855715751647949,
        "P90": 0.9450244903564453,
        "P95": 1.374509572982788,
        "P99": 1.6729977130889893,
        "P100": 2.329049587249756
    },
    "decode_token_time_dict": {
        "P25": 16.548241217305343,
        "P50": 18.44271344523276,
        "P75": 20.247924984909417,
        "P90": 22.05771724070151,
        "P95": 29.775302241167683,
        "P99": 32.15727092712883,
        "P100": 33.00690463208777
    }
}