{
    "backend": "openai",
    "clients": 10,
    "request_num": 500,
    "Total QPS": 4.195996001819766,
    "Avg Input Length": 4125.696,
    "Avg Output Length": 127.916,
    "Total Throughput": 17848.491408956732,
    "Input Throughput": 17311.403920723802,
    "Output Throughput": 17311.403920723802,
    "request_time": {
        "P25": 2.329389810562134,
        "P50": 2.3723654747009277,
        "P75": 2.4502928256988525,
        "P90": 2.5004665851593018,
        "P95": 2.54176926612854,
        "P99": 2.5988059043884277,
        "P100": 2.607678174972534
    },
    "first_token_time_dict": {
        "P25": 0.31011152267456055,
        "P50": 0.5167255401611328,
        "P75": 0.6756067276000977,
        "P90": 0.7699835300445557,
        "P95": 0.8243453502655029,
        "P99": 0.9084217548370361,
        "P100": 0.9830827713012695
    },
    "decode_token_time_dict": {
        "P25": 13.256211919108713,
        "P50": 14.662258268341304,
        "P75": 16.13089043324388,
        "P90": 17.472327224851593,
        "P95": 18.046405371718517,
        "P99": 18.84732659407488,
        "P100": 19.42144979642132
    }
}