{
    "backend": "openai",
    "clients": 25,
    "request_num": 500,
    "Total QPS": 11.039645975317878,
    "Avg Input Length": 1031.778,
    "Avg Output Length": 127.532,
    "Total Throughput": 12803.538529962218,
    "Input Throughput": 11390.463845121529,
    "Output Throughput": 11390.463845121529,
    "request_time": {
        "P25": 2.1851346492767334,
        "P50": 2.2312729358673096,
        "P75": 2.271461009979248,
        "P90": 2.3045499324798584,
        "P95": 2.3213889598846436,
        "P99": 2.8169262409210205,
        "P100": 2.8338165283203125
    },
    "first_token_time_dict": {
        "P25": 0.19286561012268066,
        "P50": 0.33364367485046387,
        "P75": 0.4286689758300781,
        "P90": 0.47939515113830566,
        "P95": 0.4843754768371582,
        "P99": 0.5279760360717773,
        "P100": 1.0523157119750977
    },
    "decode_token_time_dict": {
        "P25": 14.23596209428442,
        "P50": 15.196205124141663,
        "P75": 16.073947816383182,
        "P90": 16.776522313515972,
        "P95": 18.015150401903238,
        "P99": 20.690557524913878,
        "P100": 21.854017663189747
    }
}