{
    "backend": "openai",
    "clients": 15,
    "request_num": 500,
    "Total QPS": 5.277659087289557,
    "Avg Input Length": 1031.778,
    "Avg Output Length": 127.874,
    "Total Throughput": 6120.912900938508,
    "Input Throughput": 5445.372537765445,
    "Output Throughput": 5445.372537765445,
    "request_time": {
        "P25": 2.7765953540802,
        "P50": 2.7969162464141846,
        "P75": 2.827683687210083,
        "P90": 2.868837594985962,
        "P95": 2.87721848487854,
        "P99": 2.8852591514587402,
        "P100": 2.8907289505004883
    },
    "first_token_time_dict": {
        "P25": 0.2746403217315674,
        "P50": 0.2892327308654785,
        "P75": 0.4312565326690674,
        "P90": 0.4771535396575928,
        "P95": 0.4976480007171631,
        "P99": 0.507401704788208,
        "P100": 0.5119223594665527
    },
    "decode_token_time_dict": {
        "P25": 18.604903709231397,
        "P50": 19.504036490372787,
        "P75": 19.93492644602858,
        "P90": 20.38177167336772,
        "P95": 21.446719007976984,
        "P99": 22.13204939534345,
        "P100": 23.902690836361476
    }
}