{
    "backend": "openai",
    "clients": 25,
    "request_num": 500,
    "Total QPS": 7.5232056224643244,
    "Avg Input Length": 1031.778,
    "Avg Output Length": 127.84,
    "Total Throughput": 8725.248370410429,
    "Input Throughput": 7762.278050734995,
    "Output Throughput": 7762.278050734995,
    "request_time": {
        "P25": 3.2497410774230957,
        "P50": 3.3254506587982178,
        "P75": 3.368793487548828,
        "P90": 3.40189266204834,
        "P95": 3.436162233352661,
        "P99": 3.4507675170898438,
        "P100": 3.461347818374634
    },
    "first_token_time_dict": {
        "P25": 0.2858455181121826,
        "P50": 0.5019123554229736,
        "P75": 0.6632497310638428,
        "P90": 0.7331492900848389,
        "P95": 0.7465236186981201,
        "P99": 0.7965660095214844,
        "P100": 0.8440463542938232
    },
    "decode_token_time_dict": {
        "P25": 20.828417905672328,
        "P50": 22.192551395085854,
        "P75": 23.559923247089536,
        "P90": 24.420060510710467,
        "P95": 24.68090545474075,
        "P99": 26.103474023773916,
        "P100": 26.94380775956083
    }
}