{
    "backend": "openai",
    "clients": 50,
    "request_num": 500,
    "Total QPS": 5.83156418761251,
    "Avg Input Length": 4125.696,
    "Avg Output Length": 127.828,
    "Total Throughput": 24805.701258590583,
    "Input Throughput": 24059.26104257618,
    "Output Throughput": 24059.26104257618,
    "request_time": {
        "P25": 8.45719575881958,
        "P50": 8.504289388656616,
        "P75": 8.82986044883728,
        "P90": 8.897460222244263,
        "P95": 8.969924449920654,
        "P99": 8.98232889175415,
        "P100": 9.006026983261108
    },
    "first_token_time_dict": {
        "P25": 1.5865728855133057,
        "P50": 2.962224245071411,
        "P75": 4.369485378265381,
        "P90": 5.2962400913238525,
        "P95": 5.543460130691528,
        "P99": 5.938108682632446,
        "P100": 6.0714733600616455
    },
    "decode_token_time_dict": {
        "P25": 33.097518710639534,
        "P50": 44.30691463740792,
        "P75": 54.61454954672986,
        "P90": 61.38499702994279,
        "P95": 63.783266412930224,
        "P99": 67.56069374084473,
        "P100": 69.33759191761845
    }
}