{
    "backend": "openai",
    "clients": 100,
    "request_num": 500,
    "Total QPS": 23.04474864726581,
    "Avg Input Length": 1031.778,
    "Avg Output Length": 127.958,
    "Total Throughput": 26726.792496628645,
    "Input Throughput": 23777.06466977862,
    "Output Throughput": 23777.06466977862,
    "request_time": {
        "P25": 3.8310229778289795,
        "P50": 3.9190595149993896,
        "P75": 4.664746046066284,
        "P90": 5.368736505508423,
        "P95": 5.401525259017944,
        "P99": 5.440343141555786,
        "P100": 5.463855028152466
    },
    "first_token_time_dict": {
        "P25": 0.8059544563293457,
        "P50": 1.359325647354126,
        "P75": 1.8539772033691406,
        "P90": 2.4485857486724854,
        "P95": 2.7249879837036133,
        "P99": 3.1324219703674316,
        "P100": 3.138096570968628
    },
    "decode_token_time_dict": {
        "P25": 19.19680693018155,
        "P50": 22.806006153737467,
        "P75": 26.32661128607322,
        "P90": 28.23667075690322,
        "P95": 28.835084494643322,
        "P99": 29.717659387062856,
        "P100": 30.50859331146
    }
}