{
    "backend": "openai",
    "clients": 15,
    "request_num": 500,
    "Total QPS": 7.711355121101768,
    "Avg Input Length": 1031.778,
    "Avg Output Length": 127.914,
    "Total Throughput": 8943.460019641167,
    "Input Throughput": 7956.40656414014,
    "Output Throughput": 7956.40656414014,
    "request_time": {
        "P25": 1.898146152496338,
        "P50": 1.9142816066741943,
        "P75": 1.9316489696502686,
        "P90": 1.9551193714141846,
        "P95": 1.9686450958251953,
        "P99": 1.9739904403686523,
        "P100": 1.9777264595031738
    },
    "first_token_time_dict": {
        "P25": 0.18494844436645508,
        "P50": 0.19465208053588867,
        "P75": 0.28875041007995605,
        "P90": 0.31540417671203613,
        "P95": 0.3264908790588379,
        "P99": 0.3383610248565674,
        "P100": 0.3613924980163574
    },
    "decode_token_time_dict": {
        "P25": 12.749944146223894,
        "P50": 13.327360153198242,
        "P75": 13.65765811890129,
        "P90": 14.059631843266525,
        "P95": 14.571589747751792,
        "P99": 14.947941922766017,
        "P100": 15.212109708410548
    }
}