{
    "backend": "openai",
    "clients": 100,
    "request_num": 500,
    "Total QPS": 9.918512954050813,
    "Avg Input Length": 4125.696,
    "Avg Output Length": 127.938,
    "Total Throughput": 42190.33887859413,
    "Input Throughput": 40920.769220475624,
    "Output Throughput": 40920.769220475624,
    "request_time": {
        "P25": 9.673208236694336,
        "P50": 9.889382600784302,
        "P75": 9.944685459136963,
        "P90": 11.293005466461182,
        "P95": 11.334019660949707,
        "P99": 11.376304864883423,
        "P100": 11.415621519088745
    },
    "first_token_time_dict": {
        "P25": 2.26391863822937,
        "P50": 4.073452711105347,
        "P75": 5.904154062271118,
        "P90": 6.964992046356201,
        "P95": 7.320562124252319,
        "P99": 8.360846519470215,
        "P100": 8.77162504196167
    },
    "decode_token_time_dict": {
        "P25": 32.50537894842193,
        "P50": 47.05042914142759,
        "P75": 61.827792896060494,
        "P90": 70.14724025576133,
        "P95": 72.44780495410829,
        "P99": 74.87039678678738,
        "P100": 77.70473375095158
    }
}