{
    "backend": "openai",
    "clients": 5,
    "request_num": 500,
    "Total QPS": 1.9688873897679946,
    "Avg Input Length": 4125.696,
    "Avg Output Length": 127.716,
    "Total Throughput": 8375.04841430656,
    "Input Throughput": 8123.030828416257,
    "Output Throughput": 8123.030828416257,
    "request_time": {
        "P25": 2.4633593559265137,
        "P50": 2.5360262393951416,
        "P75": 2.6092543601989746,
        "P90": 2.664870262145996,
        "P95": 2.712947368621826,
        "P99": 2.746267080307007,
        "P100": 2.7583258152008057
    },
    "first_token_time_dict": {
        "P25": 0.32626867294311523,
        "P50": 0.4189443588256836,
        "P75": 0.580852746963501,
        "P90": 0.6484932899475098,
        "P95": 0.6926946640014648,
        "P99": 0.7905521392822266,
        "P100": 0.8174777030944824
    },
    "decode_token_time_dict": {
        "P25": 15.334688772366741,
        "P50": 16.26607189028282,
        "P75": 17.617843282504342,
        "P90": 18.85169697558786,
        "P95": 19.47552575839786,
        "P99": 20.183609008789062,
        "P100": 33.68556499481201
    }
}