{
    "backend": "openai",
    "clients": 100,
    "request_num": 500,
    "Total QPS": 20.379100367481332,
    "Avg Input Length": 1031.778,
    "Avg Output Length": 127.904,
    "Total Throughput": 23635.232265996765,
    "Input Throughput": 21026.707418959155,
    "Output Throughput": 21026.707418959155,
    "request_time": {
        "P25": 4.71787166595459,
        "P50": 4.814035892486572,
        "P75": 4.886780023574829,
        "P90": 5.269930601119995,
        "P95": 5.290449142456055,
        "P99": 5.329748153686523,
        "P100": 5.355664968490601
    },
    "first_token_time_dict": {
        "P25": 0.8833558559417725,
        "P50": 1.6148769855499268,
        "P75": 2.2182955741882324,
        "P90": 2.59110951423645,
        "P95": 2.725358486175537,
        "P99": 3.118027448654175,
        "P100": 3.184504270553589
    },
    "decode_token_time_dict": {
        "P25": 20.835178104911265,
        "P50": 25.785498731718288,
        "P75": 31.62367325129471,
        "P90": 35.02198279373289,
        "P95": 36.16721986785648,
        "P99": 36.92514689888541,
        "P100": 38.154172146414204
    }
}