{
    "backend": "openai",
    "clients": 5,
    "request_num": 500,
    "Total QPS": 2.354908920953891,
    "Avg Input Length": 1031.778,
    "Avg Output Length": 127.882,
    "Total Throughput": 2731.1715585260617,
    "Input Throughput": 2429.7432166439635,
    "Output Throughput": 2429.7432166439635,
    "request_time": {
        "P25": 2.103271961212158,
        "P50": 2.123574733734131,
        "P75": 2.1365244388580322,
        "P90": 2.150071382522583,
        "P95": 2.164632558822632,
        "P99": 2.1760427951812744,
        "P100": 2.1835074424743652
    },
    "first_token_time_dict": {
        "P25": 0.13077878952026367,
        "P50": 0.15927839279174805,
        "P75": 0.17638897895812988,
        "P90": 0.18994808197021484,
        "P95": 0.19840478897094727,
        "P99": 0.2129497528076172,
        "P100": 0.22055983543395996
    },
    "decode_token_time_dict": {
        "P25": 15.377455808984951,
        "P50": 15.41538501349021,
        "P75": 15.476472734466313,
        "P90": 16.34434827669399,
        "P95": 16.444463429488536,
        "P99": 16.611395858404205,
        "P100": 17.592542311724497
    }
}