{
    "backend": "openai",
    "clients": 5,
    "request_num": 500,
    "Total QPS": 2.77589368439646,
    "Avg Input Length": 4125.696,
    "Avg Output Length": 127.802,
    "Total Throughput": 11807.807861742484,
    "Input Throughput": 11452.493470139738,
    "Output Throughput": 11452.493470139738,
    "request_time": {
        "P25": 1.7297556400299072,
        "P50": 1.7855579853057861,
        "P75": 1.8314580917358398,
        "P90": 1.8706881999969482,
        "P95": 1.901595115661621,
        "P99": 1.9380097389221191,
        "P100": 3.755917549133301
    },
    "first_token_time_dict": {
        "P25": 0.21327996253967285,
        "P50": 0.28057312965393066,
        "P75": 0.3818686008453369,
        "P90": 0.42639732360839844,
        "P95": 0.45237159729003906,
        "P99": 0.5092802047729492,
        "P100": 2.3749728202819824
    },
    "decode_token_time_dict": {
        "P25": 10.938929760549952,
        "P50": 11.548168077243595,
        "P75": 12.509899815236489,
        "P90": 13.284567802671402,
        "P95": 13.72382396788109,
        "P99": 14.171574059433825,
        "P100": 29.002788498645693
    }
}