{
    "backend": "openai",
    "clients": 5,
    "request_num": 500,
    "Total QPS": 3.4054582388696373,
    "Avg Input Length": 1031.778,
    "Avg Output Length": 127.824,
    "Total Throughput": 3949.5755453597503,
    "Input Throughput": 3513.6768907844366,
    "Output Throughput": 3513.6768907844366,
    "request_time": {
        "P25": 1.4555964469909668,
        "P50": 1.4658660888671875,
        "P75": 1.4791927337646484,
        "P90": 1.49015474319458,
        "P95": 1.4971911907196045,
        "P99": 1.5089960098266602,
        "P100": 1.691460371017456
    },
    "first_token_time_dict": {
        "P25": 0.0712442398071289,
        "P50": 0.10226273536682129,
        "P75": 0.11635541915893555,
        "P90": 0.12526226043701172,
        "P95": 0.12943530082702637,
        "P99": 0.14196181297302246,
        "P100": 0.2674882411956787
    },
    "decode_token_time_dict": {
        "P25": 10.590085833091436,
        "P50": 10.649853803980069,
        "P75": 11.096092659657396,
        "P90": 11.28099283834142,
        "P95": 11.403194562656672,
        "P99": 11.526051021757581,
        "P100": 12.151155555457398
    }
}