{
    "backend": "openai",
    "clients": 50,
    "request_num": 500,
    "Total QPS": 11.957982364856667,
    "Avg Input Length": 1031.778,
    "Avg Output Length": 127.84,
    "Total Throughput": 13868.604871148736,
    "Input Throughput": 12337.983128447082,
    "Output Throughput": 12337.983128447082,
    "request_time": {
        "P25": 4.134384632110596,
        "P50": 4.158478498458862,
        "P75": 4.214760065078735,
        "P90": 4.254661798477173,
        "P95": 4.267679452896118,
        "P99": 4.275266885757446,
        "P100": 4.290144205093384
    },
    "first_token_time_dict": {
        "P25": 0.507286548614502,
        "P50": 0.7490394115447998,
        "P75": 1.1738717555999756,
        "P90": 1.3663909435272217,
        "P95": 1.3991854190826416,
        "P99": 1.4510116577148438,
        "P100": 1.4930524826049805
    },
    "decode_token_time_dict": {
        "P25": 23.706783294677734,
        "P50": 26.366509790495623,
        "P75": 29.057027786735475,
        "P90": 30.524379625095158,
        "P95": 31.146445612269122,
        "P99": 32.394795905886674,
        "P100": 34.70514687624845
    }
}