{
    "backend": "triton",
    "clients": 5,
    "request_num": 498,
    "Total QPS": 1.2121252372752944,
    "Avg Input Length": 16469.37,
    "Avg Output Length": 127.785140562249,
    "Total Throughput": 20198.886595778968,
    "Input Throughput": 20043.111464884154,
    "Output Throughput": 20043.111464884154,
    "request_time": {
        "P25": 3.72217059135437,
        "P50": 4.12844443321228,
        "P75": 4.505585193634033,
        "P90": 4.880157470703125,
        "P95": 5.0792741775512695,
        "P99": 5.536154747009277,
        "P100": 5.5522050857543945
    },
    "first_token_time_dict": {
        "P25": 0.5465211868286133,
        "P50": 1.2086896896362305,
        "P75": 2.0017783641815186,
        "P90": 2.4550857543945312,
        "P95": 2.876856565475464,
        "P99": 3.324826240539551,
        "P100": 3.651888370513916
    },
    "decode_token_time_dict": {
        "P25": 15.588249747208723,
        "P50": 21.88256969602089,
        "P75": 27.582527145626038,
        "P90": 31.086904796089712,
        "P95": 32.471480332021635,
        "P99": 36.752693296417476,
        "P100": 39.861046423123575
    }
}