{
    "backend": "triton",
    "clients": 100,
    "request_num": 500,
    "Total QPS": 22.73646269981769,
    "Avg Input Length": 1031.778,
    "Avg Output Length": 128.0,
    "Total Throughput": 26369.24923706916,
    "Input Throughput": 23458.9820114925,
    "Output Throughput": 23458.9820114925,
    "request_time": {
        "P25": 4.324502229690552,
        "P50": 4.382864475250244,
        "P75": 4.430442810058594,
        "P90": 4.4509193897247314,
        "P95": 4.481943607330322,
        "P99": 4.546066999435425,
        "P100": 4.581110000610352
    },
    "first_token_time_dict": {
        "P25": 2.4406819343566895,
        "P50": 2.529289960861206,
        "P75": 2.565192222595215,
        "P90": 2.5872013568878174,
        "P95": 2.59622859954834,
        "P99": 2.6095175743103027,
        "P100": 2.615346670150757
    },
    "decode_token_time_dict": {
        "P25": 14.443864972572626,
        "P50": 14.522434219600648,
        "P75": 14.665962204219788,
        "P90": 15.65262651818944,
        "P95": 32.265223856047385,
        "P99": 34.07921941261592,
        "P100": 34.71254739235705
    }
}