{
    "backend": "triton",
    "clients": 50,
    "request_num": 498,
    "Total QPS": 1.5499686129565218,
    "Avg Input Length": 16469.37,
    "Avg Output Length": 127.81927710843374,
    "Total Throughput": 25828.71742733553,
    "Input Throughput": 25629.524673863205,
    "Output Throughput": 25629.524673863205,
    "request_time": {
        "P25": 26.772440910339355,
        "P50": 30.534727334976196,
        "P75": 36.74569654464722,
        "P90": 39.723047494888306,
        "P95": 40.028632402420044,
        "P99": 40.397645711898804,
        "P100": 40.51303148269653
    },
    "first_token_time_dict": {
        "P25": 20.98817801475525,
        "P50": 24.085346221923828,
        "P75": 26.695773124694824,
        "P90": 33.69887971878052,
        "P95": 34.3389835357666,
        "P99": 34.79256629943848,
        "P100": 34.89433693885803
    },
    "decode_token_time_dict": {
        "P25": 45.26405822573684,
        "P50": 51.769151462344674,
        "P75": 73.18397018853135,
        "P90": 82.04332486851008,
        "P95": 86.79106855016994,
        "P99": 101.34604596716213,
        "P100": 104.10302830493356
    }
}