{
    "backend": "triton",
    "clients": 5,
    "request_num": 500,
    "Total QPS": 4.041809626887335,
    "Avg Input Length": 1031.778,
    "Avg Output Length": 128.0,
    "Total Throughput": 4687.601885452139,
    "Input Throughput": 4170.25025321056,
    "Output Throughput": 4170.25025321056,
    "request_time": {
        "P25": 1.2118141651153564,
        "P50": 1.2377362251281738,
        "P75": 1.2542943954467773,
        "P90": 1.2746305465698242,
        "P95": 1.284994125366211,
        "P99": 1.2925984859466553,
        "P100": 1.3064885139465332
    },
    "first_token_time_dict": {
        "P25": 0.10888528823852539,
        "P50": 0.13301396369934082,
        "P75": 0.15370488166809082,
        "P90": 0.1673440933227539,
        "P95": 0.1782236099243164,
        "P99": 0.18900775909423828,
        "P100": 0.19809603691101074
    },
    "decode_token_time_dict": {
        "P25": 8.572814971443236,
        "P50": 8.627118088128999,
        "P75": 8.687422970148523,
        "P90": 9.40112053878664,
        "P95": 9.576185481754814,
        "P99": 9.806708088071327,
        "P100": 9.869280762559786
    }
}