{
    "backend": "triton",
    "clients": 50,
    "request_num": 500,
    "Total QPS": 3.36164639499566,
    "Avg Input Length": 8250.884,
    "Avg Output Length": 127.93,
    "Total Throughput": 28166.84519268682,
    "Input Throughput": 27736.554454127374,
    "Output Throughput": 27736.554454127374,
    "request_time": {
        "P25": 13.424764633178711,
        "P50": 14.126673221588135,
        "P75": 14.74461817741394,
        "P90": 18.72692322731018,
        "P95": 22.393725156784058,
        "P99": 24.416318655014038,
        "P100": 25.950549602508545
    },
    "first_token_time_dict": {
        "P25": 3.9123682975769043,
        "P50": 4.828413724899292,
        "P75": 7.8543922901153564,
        "P90": 9.390449047088623,
        "P95": 12.00180983543396,
        "P99": 14.103281021118164,
        "P100": 16.67877459526062
    },
    "decode_token_time_dict": {
        "P25": 52.46032880047175,
        "P50": 75.12599276745414,
        "P75": 81.24153632817305,
        "P90": 87.84129863648903,
        "P95": 89.60029271643931,
        "P99": 90.97119203702671,
        "P100": 94.90719367199996
    }
}