{
    "backend": "triton",
    "clients": 10,
    "request_num": 498,
    "Total QPS": 1.410731615374309,
    "Avg Input Length": 16469.37,
    "Avg Output Length": 127.83333333333333,
    "Total Throughput": 23508.468464924797,
    "Input Throughput": 23327.16962278834,
    "Output Throughput": 23327.16962278834,
    "request_time": {
        "P25": 6.628346920013428,
        "P50": 7.115995407104492,
        "P75": 7.657402753829956,
        "P90": 8.197717428207397,
        "P95": 8.270770072937012,
        "P99": 8.922742366790771,
        "P100": 8.929684162139893
    },
    "first_token_time_dict": {
        "P25": 4.125684499740601,
        "P50": 4.875384092330933,
        "P75": 5.450585126876831,
        "P90": 6.097861051559448,
        "P95": 6.217224836349487,
        "P99": 6.793593645095825,
        "P100": 6.801350831985474
    },
    "decode_token_time_dict": {
        "P25": 15.069526011549582,
        "P50": 16.01696014404297,
        "P75": 19.678688424778738,
        "P90": 47.32157864908534,
        "P95": 53.65166513938603,
        "P99": 59.018405403677875,
        "P100": 65.66419751625362
    }
}