{
    "backend": "triton",
    "clients": 15,
    "request_num": 498,
    "Total QPS": 1.4908504232219388,
    "Avg Input Length": 16469.37,
    "Avg Output Length": 127.81927710843374,
    "Total Throughput": 24843.57037035252,
    "Input Throughput": 24651.975135239663,
    "Output Throughput": 24651.975135239663,
    "request_time": {
        "P25": 9.609801292419434,
        "P50": 10.032336473464966,
        "P75": 10.672722101211548,
        "P90": 11.324350833892822,
        "P95": 11.585635900497437,
        "P99": 11.821000814437866,
        "P100": 11.848007202148438
    },
    "first_token_time_dict": {
        "P25": 6.727922677993774,
        "P50": 7.373759746551514,
        "P75": 8.151335716247559,
        "P90": 8.853950023651123,
        "P95": 9.081258296966553,
        "P99": 9.308415174484253,
        "P100": 9.32978868484497
    },
    "decode_token_time_dict": {
        "P25": 18.300818646047997,
        "P50": 19.564482170765796,
        "P75": 22.631082009142776,
        "P90": 39.567900454904155,
        "P95": 73.3861341251163,
        "P99": 81.73302027184194,
        "P100": 89.60334334786482
    }
}