{
    "backend": "triton",
    "clients": 100,
    "request_num": 500,
    "Total QPS": 3.3546080904435325,
    "Avg Input Length": 8250.884,
    "Avg Output Length": 127.866,
    "Total Throughput": 28107.87205528787,
    "Input Throughput": 27678.482219711095,
    "Output Throughput": 27678.482219711095,
    "request_time": {
        "P25": 24.560903787612915,
        "P50": 24.77935218811035,
        "P75": 36.76984143257141,
        "P90": 37.02186298370361,
        "P95": 37.20053791999817,
        "P99": 37.34265685081482,
        "P100": 37.35670518875122
    },
    "first_token_time_dict": {
        "P25": 20.894144773483276,
        "P50": 21.160972356796265,
        "P75": 33.04318571090698,
        "P90": 33.38965940475464,
        "P95": 33.4438910484314,
        "P99": 33.46442151069641,
        "P100": 33.482370376586914
    },
    "decode_token_time_dict": {
        "P25": 27.905216367225947,
        "P50": 29.182557984599917,
        "P75": 29.91553742115892,
        "P90": 30.48577834302046,
        "P95": 90.39351696104515,
        "P99": 92.08556423037071,
        "P100": 96.31406603835698
    }
}