{
    "backend": "triton",
    "clients": 25,
    "request_num": 500,
    "Total QPS": 12.836149146931696,
    "Avg Input Length": 1031.778,
    "Avg Output Length": 128.0,
    "Total Throughput": 14887.083385330148,
    "Input Throughput": 13244.056294522892,
    "Output Throughput": 13244.056294522892,
    "request_time": {
        "P25": 1.873666763305664,
        "P50": 1.9511058330535889,
        "P75": 1.9967424869537354,
        "P90": 2.035794734954834,
        "P95": 2.0500168800354004,
        "P99": 2.1037168502807617,
        "P100": 2.1090476512908936
    },
    "first_token_time_dict": {
        "P25": 0.45318007469177246,
        "P50": 0.5822603702545166,
        "P75": 0.6401190757751465,
        "P90": 0.6712930202484131,
        "P95": 0.678931713104248,
        "P99": 0.714601993560791,
        "P100": 0.7563595771789551
    },
    "decode_token_time_dict": {
        "P25": 10.311819436981922,
        "P50": 10.46500994464544,
        "P75": 11.282363275843343,
        "P90": 13.851665136382335,
        "P95": 14.688075058103546,
        "P99": 15.367958489365465,
        "P100": 16.18163228973629
    }
}