{
    "backend": "triton",
    "clients": 15,
    "request_num": 500,
    "Total QPS": 9.282253174328162,
    "Avg Input Length": 1031.778,
    "Avg Output Length": 128.0,
    "Total Throughput": 10765.353022015966,
    "Input Throughput": 9577.224615701962,
    "Output Throughput": 9577.224615701962,
    "request_time": {
        "P25": 1.564692735671997,
        "P50": 1.594059705734253,
        "P75": 1.6259667873382568,
        "P90": 1.656383752822876,
        "P95": 1.664144515991211,
        "P99": 1.670511245727539,
        "P100": 1.6726467609405518
    },
    "first_token_time_dict": {
        "P25": 0.3409907817840576,
        "P50": 0.37581920623779297,
        "P75": 0.4096546173095703,
        "P90": 0.45025205612182617,
        "P95": 0.45841026306152344,
        "P99": 0.4640674591064453,
        "P100": 0.4673938751220703
    },
    "decode_token_time_dict": {
        "P25": 9.392345984151044,
        "P50": 9.456653294600839,
        "P75": 9.661460485984021,
        "P90": 11.409678797083577,
        "P95": 11.984522887102262,
        "P99": 12.660914518701748,
        "P100": 12.861035940215343
    }
}