{
    "backend": "triton",
    "clients": 10,
    "request_num": 500,
    "Total QPS": 6.989659356860564,
    "Avg Input Length": 1031.778,
    "Avg Output Length": 128.0,
    "Total Throughput": 8106.453149581031,
    "Input Throughput": 7211.7767519028785,
    "Output Throughput": 7211.7767519028785,
    "request_time": {
        "P25": 1.40122389793396,
        "P50": 1.4297895431518555,
        "P75": 1.4556806087493896,
        "P90": 1.478499412536621,
        "P95": 1.4908795356750488,
        "P99": 1.5075905323028564,
        "P100": 1.509657859802246
    },
    "first_token_time_dict": {
        "P25": 0.22677063941955566,
        "P50": 0.25002622604370117,
        "P75": 0.2753756046295166,
        "P90": 0.3016042709350586,
        "P95": 0.3165912628173828,
        "P99": 0.33216214179992676,
        "P100": 0.33699846267700195
    },
    "decode_token_time_dict": {
        "P25": 9.097422201802411,
        "P50": 9.211528958298091,
        "P75": 9.365186916561578,
        "P90": 9.57780372439407,
        "P95": 10.964562573770838,
        "P99": 11.317759986937515,
        "P100": 11.50730651194655
    }
}