{
    "backend": "triton",
    "clients": 100,
    "request_num": 498,
    "Total QPS": 1.5493295315823064,
    "Avg Input Length": 16469.37,
    "Avg Output Length": 127.68072289156626,
    "Total Throughput": 25818.06775863276,
    "Input Throughput": 25618.957136100093,
    "Output Throughput": 25618.957136100093,
    "request_time": {
        "P25": 60.96850824356079,
        "P50": 63.85034990310669,
        "P75": 67.17910146713257,
        "P90": 67.97653985023499,
        "P95": 71.37070608139038,
        "P99": 72.35303211212158,
        "P100": 75.23918509483337
    },
    "first_token_time_dict": {
        "P25": 51.00559115409851,
        "P50": 54.28430700302124,
        "P75": 57.56112456321716,
        "P90": 59.42456674575806,
        "P95": 62.066593647003174,
        "P99": 63.3257520198822,
        "P100": 66.59130072593689
    },
    "decode_token_time_dict": {
        "P25": 68.52759151008185,
        "P50": 75.13437684126727,
        "P75": 79.61157363230788,
        "P90": 83.25447059991792,
        "P95": 93.85694293525275,
        "P99": 102.69173674696073,
        "P100": 128.21208608561548
    }
}