{
    "backend": "triton",
    "clients": 5,
    "request_num": 499,
    "Total QPS": 2.8572700048151094,
    "Avg Input Length": 4125.696,
    "Avg Output Length": 127.91583166332666,
    "Total Throughput": 12178.314619641293,
    "Input Throughput": 11811.851132049776,
    "Output Throughput": 11811.851132049776,
    "request_time": {
        "P25": 1.6690213680267334,
        "P50": 1.7526063919067383,
        "P75": 1.8387072086334229,
        "P90": 1.9024338722229004,
        "P95": 1.945220947265625,
        "P99": 2.0098466873168945,
        "P100": 2.0267703533172607
    },
    "first_token_time_dict": {
        "P25": 0.391143798828125,
        "P50": 0.5203962326049805,
        "P75": 0.602471113204956,
        "P90": 0.661874532699585,
        "P95": 0.7009897232055664,
        "P99": 0.766808271408081,
        "P100": 0.7829468250274658
    },
    "decode_token_time_dict": {
        "P25": 9.350361786489412,
        "P50": 9.498093071884997,
        "P75": 9.69065455939826,
        "P90": 12.879106942124254,
        "P95": 13.46262233463798,
        "P99": 14.270346934401145,
        "P100": 15.08435489624504
    }
}