{
    "backend": "triton",
    "clients": 25,
    "request_num": 500,
    "Total QPS": 3.180932412815665,
    "Avg Input Length": 8250.884,
    "Avg Output Length": 127.94,
    "Total Throughput": 26652.663698822573,
    "Input Throughput": 26245.504349982166,
    "Output Throughput": 26245.504349982166,
    "request_time": {
        "P25": 7.201090335845947,
        "P50": 7.939152717590332,
        "P75": 8.392266273498535,
        "P90": 8.724431991577148,
        "P95": 8.755564212799072,
        "P99": 9.227668762207031,
        "P100": 9.238379716873169
    },
    "first_token_time_dict": {
        "P25": 5.02682638168335,
        "P50": 5.658102512359619,
        "P75": 6.135685443878174,
        "P90": 6.452771186828613,
        "P95": 6.470008611679077,
        "P99": 6.873426675796509,
        "P100": 6.879817008972168
    },
    "decode_token_time_dict": {
        "P25": 16.50198801295964,
        "P50": 17.177360264335093,
        "P75": 17.84078905901571,
        "P90": 20.262599930049866,
        "P95": 24.485366550956186,
        "P99": 63.67420962476354,
        "P100": 70.55807113647461
    }
}