{
    "backend": "triton",
    "clients": 50,
    "request_num": 500,
    "Total QPS": 17.921067716738342,
    "Avg Input Length": 1031.778,
    "Avg Output Length": 128.0,
    "Total Throughput": 20784.46007438336,
    "Input Throughput": 18490.563406640853,
    "Output Throughput": 18490.563406640853,
    "request_time": {
        "P25": 2.7470815181732178,
        "P50": 2.7713401317596436,
        "P75": 2.83349871635437,
        "P90": 2.8703107833862305,
        "P95": 2.8920843601226807,
        "P99": 2.902348756790161,
        "P100": 2.9083971977233887
    },
    "first_token_time_dict": {
        "P25": 0.5279219150543213,
        "P50": 1.209120273590088,
        "P75": 1.2793991565704346,
        "P90": 1.3341186046600342,
        "P95": 1.3458225727081299,
        "P99": 1.362412929534912,
        "P100": 1.3681871891021729
    },
    "decode_token_time_dict": {
        "P25": 11.856028414148046,
        "P50": 11.954425826786071,
        "P75": 17.799236643032767,
        "P90": 18.18705168296033,
        "P95": 18.758402096004936,
        "P99": 21.513895725640726,
        "P100": 22.39533672182579
    }
}