{
    "backend": "triton",
    "clients": 50,
    "request_num": 499,
    "Total QPS": 6.606464667133163,
    "Avg Input Length": 4125.696,
    "Avg Output Length": 127.87174348697395,
    "Total Throughput": 28158.2087462181,
    "Input Throughput": 27310.886624581784,
    "Output Throughput": 27310.886624581784,
    "request_time": {
        "P25": 7.3305370807647705,
        "P50": 7.505245208740234,
        "P75": 7.8492591381073,
        "P90": 7.89880895614624,
        "P95": 8.109692573547363,
        "P99": 8.142048358917236,
        "P100": 8.15345549583435
    },
    "first_token_time_dict": {
        "P25": 4.686560153961182,
        "P50": 5.126415729522705,
        "P75": 5.42652153968811,
        "P90": 5.603973627090454,
        "P95": 5.668805122375488,
        "P99": 5.685757875442505,
        "P100": 5.692398309707642
    },
    "decode_token_time_dict": {
        "P25": 17.601501284621833,
        "P50": 18.69512167502576,
        "P75": 19.324604920514926,
        "P90": 42.602246201883155,
        "P95": 43.431597431813636,
        "P99": 58.972407513716085,
        "P100": 62.4444916492372
    }
}