{
    "backend": "triton",
    "clients": 10,
    "request_num": 499,
    "Total QPS": 4.116144770620777,
    "Avg Input Length": 4125.696,
    "Avg Output Length": 127.88977955911824,
    "Total Throughput": 17543.916378968457,
    "Input Throughput": 17015.994003578217,
    "Output Throughput": 17015.994003578217,
    "request_time": {
        "P25": 2.3064444065093994,
        "P50": 2.425320863723755,
        "P75": 2.540104866027832,
        "P90": 2.6303131580352783,
        "P95": 2.677727460861206,
        "P99": 2.798842668533325,
        "P100": 2.802940845489502
    },
    "first_token_time_dict": {
        "P25": 0.8899099826812744,
        "P50": 0.9914360046386719,
        "P75": 1.1101443767547607,
        "P90": 1.2481210231781006,
        "P95": 1.306711196899414,
        "P99": 1.4090802669525146,
        "P100": 1.4136128425598145
    },
    "decode_token_time_dict": {
        "P25": 10.644090457225408,
        "P50": 10.928092040414885,
        "P75": 11.435108860646645,
        "P90": 17.76362779572254,
        "P95": 18.637961290014072,
        "P99": 19.681962456290176,
        "P100": 20.921876111368494
    }
}