{
    "backend": "triton",
    "clients": 25,
    "request_num": 499,
    "Total QPS": 5.770409698216196,
    "Avg Input Length": 4125.696,
    "Avg Output Length": 127.87174348697395,
    "Total Throughput": 24594.758167999436,
    "Input Throughput": 23854.665541374514,
    "Output Throughput": 23854.665541374514,
    "request_time": {
        "P25": 4.014206886291504,
        "P50": 4.3565614223480225,
        "P75": 4.524823904037476,
        "P90": 4.7170209884643555,
        "P95": 4.745976686477661,
        "P99": 4.991392135620117,
        "P100": 5.001462459564209
    },
    "first_token_time_dict": {
        "P25": 2.306276321411133,
        "P50": 2.5883595943450928,
        "P75": 2.744115114212036,
        "P90": 2.980577230453491,
        "P95": 3.0205562114715576,
        "P99": 3.223787546157837,
        "P100": 3.2298924922943115
    },
    "decode_token_time_dict": {
        "P25": 13.363258106502022,
        "P50": 13.651318437471165,
        "P75": 14.042187863447536,
        "P90": 14.329345207514725,
        "P95": 31.046839210930774,
        "P99": 34.91410871190349,
        "P100": 38.191076338760496
    }
}