{
    "backend": "triton",
    "clients": 10,
    "request_num": 500,
    "Total QPS": 2.616396816644014,
    "Avg Input Length": 8250.884,
    "Avg Output Length": 127.894,
    "Total Throughput": 21922.485424629464,
    "Input Throughput": 21587.58663209903,
    "Output Throughput": 21587.58663209903,
    "request_time": {
        "P25": 3.5850462913513184,
        "P50": 3.8032703399658203,
        "P75": 4.043247699737549,
        "P90": 4.247007369995117,
        "P95": 4.44294548034668,
        "P99": 4.680164098739624,
        "P100": 4.684143543243408
    },
    "first_token_time_dict": {
        "P25": 1.9742498397827148,
        "P50": 2.258915424346924,
        "P75": 2.486281633377075,
        "P90": 2.6676087379455566,
        "P95": 2.838327169418335,
        "P99": 3.042564630508423,
        "P100": 3.047891855239868
    },
    "decode_token_time_dict": {
        "P25": 11.781476614043468,
        "P50": 12.030408138365258,
        "P75": 12.25540206188292,
        "P90": 12.885591176551157,
        "P95": 28.864532005129835,
        "P99": 31.889907957062007,
        "P100": 34.54756736755371
    }
}