{
    "backend": "triton",
    "clients": 15,
    "request_num": 499,
    "Total QPS": 4.93082231216515,
    "Avg Input Length": 4125.696,
    "Avg Output Length": 127.91382765531063,
    "Total Throughput": 21016.25164926618,
    "Input Throughput": 20383.841573156824,
    "Output Throughput": 20383.841573156824,
    "request_time": {
        "P25": 2.9113359451293945,
        "P50": 3.0621232986450195,
        "P75": 3.158357858657837,
        "P90": 3.332282543182373,
        "P95": 3.379167079925537,
        "P99": 3.387810468673706,
        "P100": 3.392504930496216
    },
    "first_token_time_dict": {
        "P25": 1.4334030151367188,
        "P50": 1.5667290687561035,
        "P75": 1.6982288360595703,
        "P90": 1.8570194244384766,
        "P95": 1.8946094512939453,
        "P99": 1.9021351337432861,
        "P100": 1.908019781112671
    },
    "decode_token_time_dict": {
        "P25": 11.07932638934278,
        "P50": 11.229768512755866,
        "P75": 11.480423409169115,
        "P90": 11.73998990396815,
        "P95": 22.02410585298313,
        "P99": 24.75255305372824,
        "P100": 25.554636331993766
    }
}