{
    "backend": "triton",
    "clients": 25,
    "request_num": 498,
    "Total QPS": 1.540356139604614,
    "Avg Input Length": 16469.37,
    "Avg Output Length": 127.785140562249,
    "Total Throughput": 25668.534920471317,
    "Input Throughput": 25470.5775049398,
    "Output Throughput": 25470.5775049398,
    "request_time": {
        "P25": 14.952949047088623,
        "P50": 15.598738670349121,
        "P75": 17.08260989189148,
        "P90": 19.549890756607056,
        "P95": 20.953217029571533,
        "P99": 27.26048731803894,
        "P100": 27.91767644882202
    },
    "first_token_time_dict": {
        "P25": 4.130831241607666,
        "P50": 5.023248672485352,
        "P75": 7.1484293937683105,
        "P90": 9.580508947372437,
        "P95": 10.177197933197021,
        "P99": 15.023254632949829,
        "P100": 18.418145895004272
    },
    "decode_token_time_dict": {
        "P25": 78.09875142855907,
        "P50": 86.49366671644796,
        "P75": 93.79662303474005,
        "P90": 98.68606995409867,
        "P95": 100.69241673927608,
        "P99": 104.00029242508054,
        "P100": 107.44211241954893
    }
}