{
    "backend": "triton",
    "clients": 15,
    "request_num": 500,
    "Total QPS": 2.8939729777298977,
    "Avg Input Length": 8250.884,
    "Avg Output Length": 127.764,
    "Total Throughput": 24248.263879533395,
    "Input Throughput": 23877.835338383968,
    "Output Throughput": 23877.835338383968,
    "request_time": {
        "P25": 4.898918151855469,
        "P50": 5.139948606491089,
        "P75": 5.500640153884888,
        "P90": 5.883502244949341,
        "P95": 5.973098516464233,
        "P99": 5.994035959243774,
        "P100": 5.998340845108032
    },
    "first_token_time_dict": {
        "P25": 2.9187426567077637,
        "P50": 3.0403366088867188,
        "P75": 3.3210458755493164,
        "P90": 3.9743740558624268,
        "P95": 4.102185249328613,
        "P99": 4.167287349700928,
        "P100": 4.172856569290161
    },
    "decode_token_time_dict": {
        "P25": 14.116632656788264,
        "P50": 15.738708766426628,
        "P75": 17.865749794667163,
        "P90": 36.969427048690676,
        "P95": 39.252296207458016,
        "P99": 42.859413492398,
        "P100": 45.601071335199315
    }
}