{
    "backend": "triton",
    "clients": 100,
    "request_num": 499,
    "Total QPS": 6.885821549251873,
    "Avg Input Length": 4125.696,
    "Avg Output Length": 127.8817635270541,
    "Total Throughput": 29348.889359485467,
    "Input Throughput": 28465.737898258776,
    "Output Throughput": 28465.737898258776,
    "request_time": {
        "P25": 12.566750288009644,
        "P50": 13.517727375030518,
        "P75": 13.967229127883911,
        "P90": 19.519542455673218,
        "P95": 21.28005886077881,
        "P99": 23.413753509521484,
        "P100": 23.439013957977295
    },
    "first_token_time_dict": {
        "P25": 3.9911327362060547,
        "P50": 5.686965465545654,
        "P75": 7.74546217918396,
        "P90": 9.61837649345398,
        "P95": 11.75479793548584,
        "P99": 13.812881469726562,
        "P100": 13.965457439422607
    },
    "decode_token_time_dict": {
        "P25": 48.79709679310716,
        "P50": 68.85747271259939,
        "P75": 75.59025006031426,
        "P90": 76.47914586104746,
        "P95": 79.70161888543076,
        "P99": 85.36888670733595,
        "P100": 92.13606015903743
    }
}