{
    "backend": "triton",
    "clients": 5,
    "request_num": 500,
    "Total QPS": 1.9971771028750396,
    "Avg Input Length": 8250.884,
    "Avg Output Length": 127.764,
    "Total Throughput": 16734.115272446023,
    "Input Throughput": 16478.476603278017,
    "Output Throughput": 16478.476603278017,
    "request_time": {
        "P25": 2.3395283222198486,
        "P50": 2.5093014240264893,
        "P75": 2.6824066638946533,
        "P90": 2.819228172302246,
        "P95": 2.8884990215301514,
        "P99": 3.031341791152954,
        "P100": 3.0946500301361084
    },
    "first_token_time_dict": {
        "P25": 0.31729578971862793,
        "P50": 0.9394514560699463,
        "P75": 1.1605091094970703,
        "P90": 1.3367700576782227,
        "P95": 1.4490249156951904,
        "P99": 1.6289758682250977,
        "P100": 1.6906983852386475
    },
    "decode_token_time_dict": {
        "P25": 10.584153528288594,
        "P50": 11.827707290649414,
        "P75": 16.378077935046097,
        "P90": 18.83077058266467,
        "P95": 19.496037265447182,
        "P99": 20.768098005159633,
        "P100": 22.559802363237996
    }
}