{
    "backend": "lmdeploy",
    "clients": 25,
    "request_num": 500,
    "Total QPS": 5.665543373773168,
    "Avg Input Length": 1031.778,
    "Avg Output Length": 127.634,
    "Total Throughput": 6570.772562947898,
    "Input Throughput": 5845.583011104933,
    "Output Throughput": 5845.583011104933,
    "request_time": {
        "P25": 4.264797210693359,
        "P50": 4.428100347518921,
        "P75": 4.540312051773071,
        "P90": 4.624191999435425,
        "P95": 4.749779939651489,
        "P99": 4.945450782775879,
        "P100": 5.09720778465271
    },
    "first_token_time_dict": {
        "P25": 0.6288800239562988,
        "P50": 0.8129699230194092,
        "P75": 0.9901134967803955,
        "P90": 1.1240830421447754,
        "P95": 1.1904659271240234,
        "P99": 1.6577448844909668,
        "P100": 1.729325532913208
    },
    "decode_token_time_dict": {
        "P25": 27.029580018651767,
        "P50": 28.224661236717587,
        "P75": 29.614101244708685,
        "P90": 32.13380265423632,
        "P95": 32.850916930071016,
        "P99": 34.96736241137888,
        "P100": 37.399993788811464
    }
}