{
    "backend": "lmdeploy",
    "clients": 5,
    "request_num": 500,
    "Total QPS": 0.9085990872468752,
    "Avg Input Length": 8250.884,
    "Avg Output Length": 124.946,
    "Total Throughput": 7613.046354547447,
    "Input Throughput": 7496.745671379847,
    "Output Throughput": 7496.745671379847,
    "request_time": {
        "P25": 5.078601360321045,
        "P50": 5.500793218612671,
        "P75": 5.8870766162872314,
        "P90": 6.267038345336914,
        "P95": 6.49242639541626,
        "P99": 7.141921758651733,
        "P100": 7.9417150020599365
    },
    "first_token_time_dict": {
        "P25": 0.502575159072876,
        "P50": 0.6852693557739258,
        "P75": 0.9881179332733154,
        "P90": 1.3652544021606445,
        "P95": 1.921438455581665,
        "P99": 2.742039203643799,
        "P100": 3.411515235900879
    },
    "decode_token_time_dict": {
        "P25": 34.672006728157164,
        "P50": 38.27914619445801,
        "P75": 41.4546408304354,
        "P90": 43.96931851496462,
        "P95": 45.92129079306998,
        "P99": 48.70728523500504,
        "P100": 54.73215742544694
    }
}