{
    "backend": "lmdeploy",
    "clients": 10,
    "request_num": 500,
    "Total QPS": 1.8536705919331533,
    "Avg Input Length": 4125.696,
    "Avg Output Length": 127.672,
    "Total Throughput": 7884.951182223686,
    "Input Throughput": 7647.681346456243,
    "Output Throughput": 7647.681346456243,
    "request_time": {
        "P25": 5.127470970153809,
        "P50": 5.421320676803589,
        "P75": 5.666347026824951,
        "P90": 5.941661357879639,
        "P95": 6.050791501998901,
        "P99": 6.564941644668579,
        "P100": 6.808547019958496
    },
    "first_token_time_dict": {
        "P25": 0.4663996696472168,
        "P50": 0.6074168682098389,
        "P75": 0.7428364753723145,
        "P90": 0.935591459274292,
        "P95": 1.1848876476287842,
        "P99": 2.106262683868408,
        "P100": 2.8004705905914307
    },
    "decode_token_time_dict": {
        "P25": 35.544932834685795,
        "P50": 37.828776571485726,
        "P75": 39.59961353786408,
        "P90": 41.19391704168846,
        "P95": 42.44092505747878,
        "P99": 44.85503331882747,
        "P100": 51.05302044164355
    }
}