{
    "backend": "lmdeploy",
    "clients": 10,
    "request_num": 500,
    "Total QPS": 3.184752675834346,
    "Avg Input Length": 1031.778,
    "Avg Output Length": 127.944,
    "Total Throughput": 3693.6060888738057,
    "Input Throughput": 3285.9577463670093,
    "Output Throughput": 3285.9577463670093,
    "request_time": {
        "P25": 3.075169801712036,
        "P50": 3.143280506134033,
        "P75": 3.2037270069122314,
        "P90": 3.253652811050415,
        "P95": 3.2908365726470947,
        "P99": 3.3289554119110107,
        "P100": 3.3339433670043945
    },
    "first_token_time_dict": {
        "P25": 0.429828405380249,
        "P50": 0.5161018371582031,
        "P75": 0.5799734592437744,
        "P90": 0.6615159511566162,
        "P95": 0.6850638389587402,
        "P99": 0.7508258819580078,
        "P100": 0.7826614379882812
    },
    "decode_token_time_dict": {
        "P25": 19.993768902275505,
        "P50": 20.66089975552296,
        "P75": 21.159158916923943,
        "P90": 21.89572084517706,
        "P95": 24.013665717417798,
        "P99": 24.717364724226822,
        "P100": 25.349941779309372
    }
}