{
    "backend": "lmdeploy",
    "clients": 50,
    "request_num": 500,
    "Total QPS": 1.4813046544803912,
    "Avg Input Length": 8250.884,
    "Avg Output Length": 126.348,
    "Total Throughput": 12411.679868551277,
    "Input Throughput": 12222.072872777788,
    "Output Throughput": 12222.072872777788,
    "request_time": {
        "P25": 32.65948510169983,
        "P50": 34.02281355857849,
        "P75": 35.36573529243469,
        "P90": 38.165536880493164,
        "P95": 42.71375608444214,
        "P99": 56.626288175582886,
        "P100": 59.42050337791443
    },
    "first_token_time_dict": {
        "P25": 1.8727459907531738,
        "P50": 2.57832407951355,
        "P75": 3.2991480827331543,
        "P90": 5.609521865844727,
        "P95": 12.876422643661499,
        "P99": 26.944247245788574,
        "P100": 29.824615716934204
    },
    "decode_token_time_dict": {
        "P25": 238.04750707414416,
        "P50": 250.070781934829,
        "P75": 258.8367977142334,
        "P90": 263.97746517544704,
        "P95": 274.17535293759323,
        "P99": 281.6329626809983,
        "P100": 390.906426485847
    }
}