{
    "backend": "lmdeploy",
    "clients": 25,
    "request_num": 500,
    "Total QPS": 0.6769889815542586,
    "Avg Input Length": 16469.37,
    "Avg Output Length": 121.93,
    "Total Throughput": 11236.236612779205,
    "Input Throughput": 11149.58202314026,
    "Output Throughput": 11149.58202314026,
    "request_time": {
        "P25": 35.36749291419983,
        "P50": 37.60181975364685,
        "P75": 39.58523440361023,
        "P90": 41.44134020805359,
        "P95": 42.70548439025879,
        "P99": 51.900739908218384,
        "P100": 57.83509635925293
    },
    "first_token_time_dict": {
        "P25": 2.129223346710205,
        "P50": 3.0176029205322266,
        "P75": 4.544582366943359,
        "P90": 7.140983581542969,
        "P95": 11.421213626861572,
        "P99": 22.576223850250244,
        "P100": 28.127130270004272
    },
    "decode_token_time_dict": {
        "P25": 259.206054640598,
        "P50": 279.8645066433266,
        "P75": 296.27953396468865,
        "P90": 309.92996406555176,
        "P95": 315.1185177574473,
        "P99": 322.61411051883874,
        "P100": 365.7953965036493
    }
}