{
    "backend": "lmdeploy",
    "clients": 15,
    "request_num": 500,
    "Total QPS": 0.6498790379842168,
    "Avg Input Length": 16469.37,
    "Avg Output Length": 120.136,
    "Total Throughput": 10786.2828486681,
    "Input Throughput": 10703.098331806119,
    "Output Throughput": 10703.098331806119,
    "request_time": {
        "P25": 21.38921070098877,
        "P50": 23.270722150802612,
        "P75": 24.961119413375854,
        "P90": 26.75427794456482,
        "P95": 27.722424745559692,
        "P99": 29.544981002807617,
        "P100": 33.51309275627136
    },
    "first_token_time_dict": {
        "P25": 1.5904061794281006,
        "P50": 2.6832587718963623,
        "P75": 4.012887954711914,
        "P90": 5.705241441726685,
        "P95": 7.208094120025635,
        "P99": 12.13400387763977,
        "P100": 18.1778347492218
    },
    "decode_token_time_dict": {
        "P25": 154.3189537625353,
        "P50": 169.7754606736445,
        "P75": 183.4319465416522,
        "P90": 192.7316027172541,
        "P95": 200.4616175379072,
        "P99": 213.19018006324768,
        "P100": 238.67784846912733
    }
}