{
    "backend": "lmdeploy",
    "clients": 100,
    "request_num": 500,
    "Total QPS": 9.61524146937842,
    "Avg Input Length": 1031.778,
    "Avg Output Length": 127.956,
    "Total Throughput": 11151.545520872765,
    "Input Throughput": 9920.794612792328,
    "Output Throughput": 9920.794612792328,
    "request_time": {
        "P25": 10.022691488265991,
        "P50": 10.437747478485107,
        "P75": 10.873252868652344,
        "P90": 12.635721445083618,
        "P95": 13.652085304260254,
        "P99": 15.32356858253479,
        "P100": 15.922242879867554
    },
    "first_token_time_dict": {
        "P25": 1.0581746101379395,
        "P50": 1.1576688289642334,
        "P75": 1.7256574630737305,
        "P90": 3.633807420730591,
        "P95": 4.763091087341309,
        "P99": 6.577555894851685,
        "P100": 6.713895797729492
    },
    "decode_token_time_dict": {
        "P25": 69.49476181991457,
        "P50": 71.7010535593108,
        "P75": 73.37216692646658,
        "P90": 74.35938692468358,
        "P95": 77.26996902405746,
        "P99": 78.26852047537255,
        "P100": 81.45926130099559
    }
}