{
    "backend": "lmdeploy",
    "clients": 50,
    "request_num": 500,
    "Total QPS": 2.8648237087472253,
    "Avg Input Length": 4125.696,
    "Avg Output Length": 127.564,
    "Total Throughput": 12186.089150603237,
    "Input Throughput": 11819.391715883592,
    "Output Throughput": 11819.391715883592,
    "request_time": {
        "P25": 16.886185884475708,
        "P50": 17.638991117477417,
        "P75": 18.24939513206482,
        "P90": 19.18453335762024,
        "P95": 20.918413162231445,
        "P99": 27.628798007965088,
        "P100": 28.796234369277954
    },
    "first_token_time_dict": {
        "P25": 0.8867909908294678,
        "P50": 1.2325494289398193,
        "P75": 1.835423231124878,
        "P90": 3.091951608657837,
        "P95": 5.959607362747192,
        "P99": 13.127088785171509,
        "P100": 13.965888261795044
    },
    "decode_token_time_dict": {
        "P25": 119.51315496850201,
        "P50": 127.65622138977051,
        "P75": 131.24472754342216,
        "P90": 134.0398353243631,
        "P95": 136.85708346329338,
        "P99": 140.39555497056855,
        "P100": 142.99547476846664
    }
}