{
    "backend": "lmdeploy",
    "clients": 10,
    "request_num": 500,
    "Total QPS": 1.1557438950045222,
    "Avg Input Length": 8250.884,
    "Avg Output Length": 123.64,
    "Total Throughput": 9683.844029951071,
    "Input Throughput": 9535.908811390493,
    "Output Throughput": 9535.908811390493,
    "request_time": {
        "P25": 8.06192421913147,
        "P50": 8.679262161254883,
        "P75": 9.227138042449951,
        "P90": 9.935275793075562,
        "P95": 10.166734218597412,
        "P99": 10.89449429512024,
        "P100": 11.847124814987183
    },
    "first_token_time_dict": {
        "P25": 0.5944993495941162,
        "P50": 0.8232705593109131,
        "P75": 1.354501485824585,
        "P90": 2.0505592823028564,
        "P95": 2.684475898742676,
        "P99": 4.316669702529907,
        "P100": 6.026233434677124
    },
    "decode_token_time_dict": {
        "P25": 56.33344024908347,
        "P50": 62.370351791381836,
        "P75": 67.86447056269242,
        "P90": 71.4336102750121,
        "P95": 73.32584050696666,
        "P99": 77.46787798606742,
        "P100": 97.65580154600597
    }
}