{
    "backend": "lmdeploy",
    "clients": 15,
    "request_num": 500,
    "Total QPS": 4.223263109411336,
    "Avg Input Length": 1031.778,
    "Avg Output Length": 127.828,
    "Total Throughput": 4898.047642506861,
    "Input Throughput": 4357.46996450221,
    "Output Throughput": 4357.46996450221,
    "request_time": {
        "P25": 3.4448118209838867,
        "P50": 3.5103511810302734,
        "P75": 3.592618227005005,
        "P90": 3.653848171234131,
        "P95": 3.680398464202881,
        "P99": 3.6972086429595947,
        "P100": 3.9416654109954834
    },
    "first_token_time_dict": {
        "P25": 0.47713351249694824,
        "P50": 0.6601979732513428,
        "P75": 0.8043022155761719,
        "P90": 0.9335601329803467,
        "P95": 1.0594778060913086,
        "P99": 1.091536521911621,
        "P100": 1.1842875480651855
    },
    "decode_token_time_dict": {
        "P25": 21.057446171918254,
        "P50": 22.120834335567444,
        "P75": 24.00640239865761,
        "P90": 25.413393035648376,
        "P95": 26.38768774317944,
        "P99": 27.741394643708478,
        "P100": 28.601252263592134
    }
}