{
    "backend": "lmdeploy",
    "clients": 15,
    "request_num": 500,
    "Total QPS": 1.267292536581002,
    "Avg Input Length": 8250.884,
    "Avg Output Length": 123.848,
    "Total Throughput": 10618.497158077971,
    "Input Throughput": 10456.283713395604,
    "Output Throughput": 10456.283713395604,
    "request_time": {
        "P25": 11.050928831100464,
        "P50": 11.899266242980957,
        "P75": 12.631236791610718,
        "P90": 13.30508041381836,
        "P95": 13.728803873062134,
        "P99": 15.58459186553955,
        "P100": 15.984700679779053
    },
    "first_token_time_dict": {
        "P25": 0.7747941017150879,
        "P50": 1.3383269309997559,
        "P75": 2.009725570678711,
        "P90": 3.215007781982422,
        "P95": 3.5312981605529785,
        "P99": 6.574732542037964,
        "P100": 8.076273679733276
    },
    "decode_token_time_dict": {
        "P25": 76.57123558104985,
        "P50": 83.33300381171995,
        "P75": 90.33672145155609,
        "P90": 94.93478204383226,
        "P95": 97.53653335571289,
        "P99": 101.79820442199707,
        "P100": 143.0745372524509
    }
}