{
    "backend": "lmdeploy",
    "clients": 15,
    "request_num": 500,
    "Total QPS": 2.1636691483655928,
    "Avg Input Length": 4125.696,
    "Avg Output Length": 127.548,
    "Total Throughput": 9203.59080172613,
    "Input Throughput": 8926.641150735333,
    "Output Throughput": 8926.641150735333,
    "request_time": {
        "P25": 6.653774261474609,
        "P50": 6.949396133422852,
        "P75": 7.250840187072754,
        "P90": 7.487483978271484,
        "P95": 7.694390773773193,
        "P99": 8.00002384185791,
        "P100": 8.303669452667236
    },
    "first_token_time_dict": {
        "P25": 0.526076078414917,
        "P50": 0.7375869750976562,
        "P75": 1.0210800170898438,
        "P90": 1.5245537757873535,
        "P95": 1.8287715911865234,
        "P99": 3.4008941650390625,
        "P100": 3.7828660011291504
    },
    "decode_token_time_dict": {
        "P25": 45.24511571914431,
        "P50": 48.43060175577799,
        "P75": 50.82543880220444,
        "P90": 52.4673724737693,
        "P95": 53.61431174808078,
        "P99": 56.45993777683803,
        "P100": 67.36220281148694
    }
}