{
    "backend": "lmdeploy",
    "clients": 100,
    "request_num": 500,
    "Total QPS": 3.068620992788511,
    "Avg Input Length": 4125.696,
    "Avg Output Length": 127.742,
    "Total Throughput": 13052.980842540519,
    "Input Throughput": 12660.19735546359,
    "Output Throughput": 12660.19735546359,
    "request_time": {
        "P25": 31.203305959701538,
        "P50": 32.47301268577576,
        "P75": 34.390631675720215,
        "P90": 44.23878598213196,
        "P95": 50.396631479263306,
        "P99": 57.68419551849365,
        "P100": 59.552571296691895
    },
    "first_token_time_dict": {
        "P25": 1.7996017932891846,
        "P50": 1.8696208000183105,
        "P75": 3.1091549396514893,
        "P90": 14.02690076828003,
        "P95": 20.406222105026245,
        "P99": 27.64654231071472,
        "P100": 29.076478242874146
    },
    "decode_token_time_dict": {
        "P25": 231.3941069475309,
        "P50": 239.5529803328627,
        "P75": 243.18283373915304,
        "P90": 251.9747948083352,
        "P95": 253.77194843594992,
        "P99": 254.59931956397165,
        "P100": 285.9554199945359
    }
}