{
    "backend": "lmdeploy",
    "clients": 25,
    "request_num": 500,
    "Total QPS": 2.49192195458788,
    "Avg Input Length": 4125.696,
    "Avg Output Length": 127.524,
    "Total Throughput": 10599.878450542647,
    "Input Throughput": 10280.912440355398,
    "Output Throughput": 10280.912440355398,
    "request_time": {
        "P25": 9.76439905166626,
        "P50": 10.125161409378052,
        "P75": 10.581417083740234,
        "P90": 10.93851923942566,
        "P95": 11.179464101791382,
        "P99": 12.334171533584595,
        "P100": 13.022464752197266
    },
    "first_token_time_dict": {
        "P25": 0.6508610248565674,
        "P50": 0.8841052055358887,
        "P75": 1.2081599235534668,
        "P90": 1.845459222793579,
        "P95": 3.1668860912323,
        "P99": 5.282845973968506,
        "P100": 5.926077365875244
    },
    "decode_token_time_dict": {
        "P25": 68.03616834065271,
        "P50": 72.06601377517458,
        "P75": 74.77853617330236,
        "P90": 78.00538577730694,
        "P95": 79.34307673620799,
        "P99": 81.71948554023864,
        "P100": 87.5223133507676
    }
}