{
    "backend": "lmdeploy",
    "clients": 25,
    "request_num": 500,
    "Total QPS": 1.3770545780482653,
    "Avg Input Length": 8250.884,
    "Avg Output Length": 125.384,
    "Total Throughput": 11538.18057113536,
    "Input Throughput": 11361.917585145184,
    "Output Throughput": 11361.917585145184,
    "request_time": {
        "P25": 17.43777108192444,
        "P50": 18.42993402481079,
        "P75": 19.322592973709106,
        "P90": 20.03016495704651,
        "P95": 20.644994974136353,
        "P99": 23.96315312385559,
        "P100": 26.685633182525635
    },
    "first_token_time_dict": {
        "P25": 1.106053352355957,
        "P50": 1.8773396015167236,
        "P75": 2.5915658473968506,
        "P90": 3.4511444568634033,
        "P95": 5.4080870151519775,
        "P99": 10.147064924240112,
        "P100": 12.582787275314331
    },
    "decode_token_time_dict": {
        "P25": 124.60869266873314,
        "P50": 131.6831604508329,
        "P75": 138.78540992736816,
        "P90": 144.87450408935547,
        "P95": 149.2751973920164,
        "P99": 157.78263211250305,
        "P100": 204.74799289259798
    }
}