{
    "backend": "triton",
    "clients": 50,
    "request_num": 500,
    "Total QPS": 7.341355837332723,
    "Avg Input Length": 4125.696,
    "Avg Output Length": 127.678,
    "Total Throughput": 31227.895959838854,
    "Input Throughput": 30288.202412660266,
    "Output Throughput": 30288.202412660266,
    "request_time": {
        "P25": 6.586886882781982,
        "P50": 6.7689714431762695,
        "P75": 7.0665342807769775,
        "P90": 7.213660955429077,
        "P95": 7.245229959487915,
        "P99": 7.26603627204895,
        "P100": 7.284829139709473
    },
    "first_token_time_dict": {
        "P25": 4.091370105743408,
        "P50": 4.543138742446899,
        "P75": 4.799352645874023,
        "P90": 5.005253314971924,
        "P95": 5.098503112792969,
        "P99": 5.114641427993774,
        "P100": 5.1234002113342285
    },
    "decode_token_time_dict": {
        "P25": 16.080585990365098,
        "P50": 16.85123743973379,
        "P75": 22.135332813413125,
        "P90": 35.26805704972875,
        "P95": 40.59658651276836,
        "P99": 52.70636738754633,
        "P100": 55.80624445216862
    }
}