{
    "backend": "triton",
    "clients": 100,
    "request_num": 500,
    "Total QPS": 7.593417402122014,
    "Avg Input Length": 4125.696,
    "Avg Output Length": 127.676,
    "Total Throughput": 32300.089229736805,
    "Input Throughput": 31328.131802265187,
    "Output Throughput": 31328.131802265187,
    "request_time": {
        "P25": 11.927693367004395,
        "P50": 12.312371015548706,
        "P75": 13.607326745986938,
        "P90": 16.25737953186035,
        "P95": 18.919182777404785,
        "P99": 18.947261333465576,
        "P100": 18.97634530067444
    },
    "first_token_time_dict": {
        "P25": 4.527841567993164,
        "P50": 5.653510093688965,
        "P75": 6.846158981323242,
        "P90": 9.506167650222778,
        "P95": 12.255654573440552,
        "P99": 12.29348349571228,
        "P100": 12.306254386901855
    },
    "decode_token_time_dict": {
        "P25": 48.71047951105073,
        "P50": 52.419035453496015,
        "P75": 56.01548585366076,
        "P90": 61.04986310943844,
        "P95": 63.59668416301097,
        "P99": 65.12027087174063,
        "P100": 74.7696902808242
    }
}