{
    "backend": "triton",
    "clients": 10,
    "request_num": 500,
    "Total QPS": 7.895557410912622,
    "Avg Input Length": 1031.778,
    "Avg Output Length": 127.922,
    "Total Throughput": 9157.09378291342,
    "Input Throughput": 8146.462434316603,
    "Output Throughput": 8146.462434316603,
    "request_time": {
        "P25": 1.2356681823730469,
        "P50": 1.263993263244629,
        "P75": 1.2912821769714355,
        "P90": 1.3132765293121338,
        "P95": 1.3278958797454834,
        "P99": 1.336899757385254,
        "P100": 1.339449405670166
    },
    "first_token_time_dict": {
        "P25": 0.16213107109069824,
        "P50": 0.20135951042175293,
        "P75": 0.2246246337890625,
        "P90": 0.2530701160430908,
        "P95": 0.2666819095611572,
        "P99": 0.28308558464050293,
        "P100": 0.28600549697875977
    },
    "decode_token_time_dict": {
        "P25": 8.196402722456325,
        "P50": 8.305206073550726,
        "P75": 8.558870300533265,
        "P90": 9.578549017117718,
        "P95": 9.792363549780658,
        "P99": 10.104751962376392,
        "P100": 10.250055883813092
    }
}