{
    "backend": "triton",
    "clients": 25,
    "request_num": 500,
    "Total QPS": 6.378985478892095,
    "Avg Input Length": 4125.696,
    "Avg Output Length": 127.578,
    "Total Throughput": 27134.26501562139,
    "Input Throughput": 26317.7548743232,
    "Output Throughput": 26317.7548743232,
    "request_time": {
        "P25": 3.643249034881592,
        "P50": 3.962047576904297,
        "P75": 4.111116886138916,
        "P90": 4.23268985748291,
        "P95": 4.275443077087402,
        "P99": 4.487472772598267,
        "P100": 4.498635292053223
    },
    "first_token_time_dict": {
        "P25": 2.00986385345459,
        "P50": 2.278029680252075,
        "P75": 2.4428086280822754,
        "P90": 2.6529603004455566,
        "P95": 2.6798551082611084,
        "P99": 2.8683648109436035,
        "P100": 2.8734238147735596
    },
    "decode_token_time_dict": {
        "P25": 12.374907966673844,
        "P50": 12.646956706610252,
        "P75": 13.548676423200472,
        "P90": 26.0427373600757,
        "P95": 29.477926689808765,
        "P99": 31.666305121474377,
        "P100": 36.492251858268816
    }
}