{
    "backend": "triton",
    "clients": 5,
    "request_num": 500,
    "Total QPS": 3.206095700991705,
    "Avg Input Length": 4125.696,
    "Avg Output Length": 127.79,
    "Total Throughput": 13637.756458925613,
    "Input Throughput": 13227.376209198674,
    "Output Throughput": 13227.376209198674,
    "request_time": {
        "P25": 1.4817261695861816,
        "P50": 1.5568792819976807,
        "P75": 1.6340389251708984,
        "P90": 1.6916837692260742,
        "P95": 1.749687671661377,
        "P99": 1.7854113578796387,
        "P100": 1.7929747104644775
    },
    "first_token_time_dict": {
        "P25": 0.3351900577545166,
        "P50": 0.4435107707977295,
        "P75": 0.5146536827087402,
        "P90": 0.5620057582855225,
        "P95": 0.5903458595275879,
        "P99": 0.6567695140838623,
        "P100": 0.6637744903564453
    },
    "decode_token_time_dict": {
        "P25": 8.47879920418807,
        "P50": 8.631972816046767,
        "P75": 8.875308074350432,
        "P90": 11.408375942800928,
        "P95": 12.053831355778252,
        "P99": 12.681426025751069,
        "P100": 13.256210041797067
    }
}