{
    "backend": "triton",
    "clients": 15,
    "request_num": 500,
    "Total QPS": 5.468995296047869,
    "Avg Input Length": 4125.696,
    "Avg Output Length": 127.79,
    "Total Throughput": 23263.44341481764,
    "Input Throughput": 22563.41201692351,
    "Output Throughput": 22563.41201692351,
    "request_time": {
        "P25": 2.60270094871521,
        "P50": 2.7517640590667725,
        "P75": 2.837263345718384,
        "P90": 2.987424612045288,
        "P95": 3.0394296646118164,
        "P99": 3.0504441261291504,
        "P100": 3.055870294570923
    },
    "first_token_time_dict": {
        "P25": 1.271550178527832,
        "P50": 1.4115381240844727,
        "P75": 1.5375468730926514,
        "P90": 1.6580379009246826,
        "P95": 1.6966578960418701,
        "P99": 1.722144365310669,
        "P100": 1.7273600101470947
    },
    "decode_token_time_dict": {
        "P25": 9.999874069934755,
        "P50": 10.150329334529365,
        "P75": 10.4149739573321,
        "P90": 12.098030781182716,
        "P95": 19.70078626016932,
        "P99": 22.309430940883367,
        "P100": 22.99153335451141
    }
}