{
    "backend": "triton",
    "clients": 10,
    "request_num": 500,
    "Total QPS": 4.679053920675195,
    "Avg Input Length": 4125.696,
    "Avg Output Length": 127.47,
    "Total Throughput": 19903.272946160396,
    "Input Throughput": 19304.354044313972,
    "Output Throughput": 19304.354044313972,
    "request_time": {
        "P25": 2.023514986038208,
        "P50": 2.1297214031219482,
        "P75": 2.2347354888916016,
        "P90": 2.3484787940979004,
        "P95": 2.379077434539795,
        "P99": 2.500061511993408,
        "P100": 2.503896713256836
    },
    "first_token_time_dict": {
        "P25": 0.20460867881774902,
        "P50": 0.7131912708282471,
        "P75": 0.9292299747467041,
        "P90": 1.1093225479125977,
        "P95": 1.1619715690612793,
        "P99": 1.2629053592681885,
        "P100": 1.2673728466033936
    },
    "decode_token_time_dict": {
        "P25": 9.465964760367326,
        "P50": 10.94961166381836,
        "P75": 12.73644815279743,
        "P90": 16.123396205151174,
        "P95": 16.577745047141246,
        "P99": 17.713989798478256,
        "P100": 19.253357492312038
    }
}