{
    "backend": "triton",
    "clients": 10,
    "request_num": 500,
    "Total QPS": 4.674844068246564,
    "Avg Input Length": 4125.696,
    "Avg Output Length": 127.47,
    "Total Throughput": 19885.365513724137,
    "Input Throughput": 19286.985472988574,
    "Output Throughput": 19286.985472988574,
    "request_time": {
        "P25": 2.024953603744507,
        "P50": 2.1291775703430176,
        "P75": 2.2388362884521484,
        "P90": 2.3523995876312256,
        "P95": 2.380269765853882,
        "P99": 2.4981741905212402,
        "P100": 2.5023458003997803
    },
    "first_token_time_dict": {
        "P25": 0.1841723918914795,
        "P50": 0.7122793197631836,
        "P75": 0.9289960861206055,
        "P90": 1.1091582775115967,
        "P95": 1.1594336032867432,
        "P99": 1.2579994201660156,
        "P100": 1.262847900390625
    },
    "decode_token_time_dict": {
        "P25": 9.476177335724117,
        "P50": 10.943760083416317,
        "P75": 14.52611750505102,
        "P90": 16.125694034606454,
        "P95": 16.568255236768348,
        "P99": 17.62737814835676,
        "P100": 19.275932601003937
    }
}