{
    "backend": "triton",
    "clients": 100,
    "request_num": 500,
    "Total QPS": 7.490059104747731,
    "Avg Input Length": 4125.696,
    "Avg Output Length": 127.628,
    "Total Throughput": 31860.434453629005,
    "Input Throughput": 30901.706888221295,
    "Output Throughput": 30901.706888221295,
    "request_time": {
        "P25": 11.606114149093628,
        "P50": 12.296287775039673,
        "P75": 14.682268619537354,
        "P90": 15.191708087921143,
        "P95": 17.873522520065308,
        "P99": 17.905241012573242,
        "P100": 18.090835571289062
    },
    "first_token_time_dict": {
        "P25": 6.1195597648620605,
        "P50": 6.491089582443237,
        "P75": 8.924232721328735,
        "P90": 9.001539707183838,
        "P95": 12.239568710327148,
        "P99": 12.27672791481018,
        "P100": 12.391016006469727
    },
    "decode_token_time_dict": {
        "P25": 43.16758921765906,
        "P50": 44.722279225747414,
        "P75": 46.680827779094066,
        "P90": 48.864700662808154,
        "P95": 49.15211144394762,
        "P99": 69.04347675053154,
        "P100": 70.68933088948408
    }
}