{
    "backend": "triton",
    "clients": 25,
    "request_num": 500,
    "Total QPS": 6.380232591573348,
    "Avg Input Length": 4125.696,
    "Avg Output Length": 127.496,
    "Total Throughput": 27139.569853845187,
    "Input Throughput": 26322.900082123797,
    "Output Throughput": 26322.900082123797,
    "request_time": {
        "P25": 3.6689293384552,
        "P50": 3.97792387008667,
        "P75": 4.082402944564819,
        "P90": 4.230281352996826,
        "P95": 4.290557384490967,
        "P99": 4.478724002838135,
        "P100": 4.492276906967163
    },
    "first_token_time_dict": {
        "P25": 1.9671869277954102,
        "P50": 2.172646999359131,
        "P75": 2.463338851928711,
        "P90": 2.652867078781128,
        "P95": 2.712531328201294,
        "P99": 2.86257004737854,
        "P100": 2.868730068206787
    },
    "decode_token_time_dict": {
        "P25": 12.316018577635758,
        "P50": 12.869446296391525,
        "P75": 14.437480235662987,
        "P90": 28.04651973754402,
        "P95": 29.965590304277075,
        "P99": 31.57039890139122,
        "P100": 34.37014264384593
    }
}