{
    "backend": "triton",
    "clients": 5,
    "request_num": 500,
    "Total QPS": 3.200676007035623,
    "Avg Input Length": 4125.696,
    "Avg Output Length": 127.79,
    "Total Throughput": 13614.702728423401,
    "Input Throughput": 13205.01619952284,
    "Output Throughput": 13205.01619952284,
    "request_time": {
        "P25": 1.4826416969299316,
        "P50": 1.5607168674468994,
        "P75": 1.637901782989502,
        "P90": 1.6968755722045898,
        "P95": 1.7528409957885742,
        "P99": 1.7854394912719727,
        "P100": 1.791691780090332
    },
    "first_token_time_dict": {
        "P25": 0.33471155166625977,
        "P50": 0.44504237174987793,
        "P75": 0.51202392578125,
        "P90": 0.5605392456054688,
        "P95": 0.5927093029022217,
        "P99": 0.6588892936706543,
        "P100": 0.6610550880432129
    },
    "decode_token_time_dict": {
        "P25": 8.499243128018117,
        "P50": 8.640833727018101,
        "P75": 8.864986614918147,
        "P90": 11.478467250433495,
        "P95": 12.013472910002461,
        "P99": 12.676614476001168,
        "P100": 13.22731258362297
    }
}