{
    "backend": "triton",
    "clients": 5,
    "request_num": 500,
    "Total QPS": 4.548707956044958,
    "Avg Input Length": 1031.778,
    "Avg Output Length": 127.922,
    "Total Throughput": 5275.49141584591,
    "Input Throughput": 4693.256797472155,
    "Output Throughput": 4693.256797472155,
    "request_time": {
        "P25": 1.0796992778778076,
        "P50": 1.0966713428497314,
        "P75": 1.1166229248046875,
        "P90": 1.1331441402435303,
        "P95": 1.1401097774505615,
        "P99": 1.1519701480865479,
        "P100": 1.162952184677124
    },
    "first_token_time_dict": {
        "P25": 0.04274892807006836,
        "P50": 0.09393167495727539,
        "P75": 0.11403203010559082,
        "P90": 0.1312403678894043,
        "P95": 0.14452433586120605,
        "P99": 0.15478897094726562,
        "P100": 0.16533470153808594
    },
    "decode_token_time_dict": {
        "P25": 7.7441714880034676,
        "P50": 7.856688161534587,
        "P75": 8.210535124530942,
        "P90": 8.468982741588682,
        "P95": 8.540027723537655,
        "P99": 8.75819386459711,
        "P100": 8.790919161218358
    }
}