{
    "backend": "triton",
    "clients": 15,
    "request_num": 500,
    "Total QPS": 10.423664355176628,
    "Avg Input Length": 1031.778,
    "Avg Output Length": 127.922,
    "Total Throughput": 12089.13659851804,
    "Input Throughput": 10754.907561055432,
    "Output Throughput": 10754.907561055432,
    "request_time": {
        "P25": 1.3890774250030518,
        "P50": 1.4170894622802734,
        "P75": 1.4457216262817383,
        "P90": 1.4677910804748535,
        "P95": 1.481947422027588,
        "P99": 1.4892299175262451,
        "P100": 1.4959101676940918
    },
    "first_token_time_dict": {
        "P25": 0.24854755401611328,
        "P50": 0.3050978183746338,
        "P75": 0.3356137275695801,
        "P90": 0.37764501571655273,
        "P95": 0.3864307403564453,
        "P99": 0.3933086395263672,
        "P100": 0.4009227752685547
    },
    "decode_token_time_dict": {
        "P25": 8.533659882432833,
        "P50": 8.629421549519217,
        "P75": 8.952114525742418,
        "P90": 10.41038580766813,
        "P95": 10.905907848688562,
        "P99": 11.245198137178196,
        "P100": 11.456943872406727
    }
}