{
    "backend": "triton",
    "clients": 25,
    "request_num": 500,
    "Total QPS": 14.490228058346046,
    "Avg Input Length": 1031.778,
    "Avg Output Length": 127.922,
    "Total Throughput": 16805.447717052462,
    "Input Throughput": 14950.698525584166,
    "Output Throughput": 14950.698525584166,
    "request_time": {
        "P25": 1.666550874710083,
        "P50": 1.7229485511779785,
        "P75": 1.7564682960510254,
        "P90": 1.8002195358276367,
        "P95": 1.8247368335723877,
        "P99": 1.8462083339691162,
        "P100": 1.8525657653808594
    },
    "first_token_time_dict": {
        "P25": 0.4374673366546631,
        "P50": 0.49907565116882324,
        "P75": 0.5337972640991211,
        "P90": 0.6014256477355957,
        "P95": 0.6208839416503906,
        "P99": 0.6307010650634766,
        "P100": 0.6355433464050293
    },
    "decode_token_time_dict": {
        "P25": 9.35136239359698,
        "P50": 9.447321178406243,
        "P75": 9.678759912806234,
        "P90": 12.506454948365219,
        "P95": 13.133304325614388,
        "P99": 13.6318676115021,
        "P100": 14.258876560241218
    }
}