{
    "backend": "triton",
    "clients": 50,
    "request_num": 500,
    "Total QPS": 7.333520655012662,
    "Avg Input Length": 4125.696,
    "Avg Output Length": 127.678,
    "Total Throughput": 31194.56747614474,
    "Input Throughput": 30255.87683230312,
    "Output Throughput": 30255.87683230312,
    "request_time": {
        "P25": 6.601670742034912,
        "P50": 6.753033399581909,
        "P75": 7.071635484695435,
        "P90": 7.174712896347046,
        "P95": 7.231060028076172,
        "P99": 7.253934383392334,
        "P100": 7.2670557498931885
    },
    "first_token_time_dict": {
        "P25": 4.276419639587402,
        "P50": 4.559955596923828,
        "P75": 4.834129571914673,
        "P90": 5.026566982269287,
        "P95": 5.10346794128418,
        "P99": 5.121930360794067,
        "P100": 5.139549255371094
    },
    "decode_token_time_dict": {
        "P25": 16.168733281413402,
        "P50": 16.68712473291112,
        "P75": 17.028006981676956,
        "P90": 23.134423053170753,
        "P95": 23.27480466347041,
        "P99": 52.78992277430737,
        "P100": 55.70804227994183
    }
}