{
    "backend": "triton",
    "clients": 100,
    "request_num": 500,
    "Total QPS": 25.366703124980344,
    "Avg Input Length": 1031.778,
    "Avg Output Length": 127.922,
    "Total Throughput": 29419.744216883453,
    "Input Throughput": 26172.80621688597,
    "Output Throughput": 26172.80621688597,
    "request_time": {
        "P25": 3.845551013946533,
        "P50": 3.9357049465179443,
        "P75": 3.975522518157959,
        "P90": 4.013312578201294,
        "P95": 4.062293767929077,
        "P99": 4.113311290740967,
        "P100": 4.1538050174713135
    },
    "first_token_time_dict": {
        "P25": 1.4966168403625488,
        "P50": 2.2069170475006104,
        "P75": 2.258769989013672,
        "P90": 2.293367385864258,
        "P95": 2.3042304515838623,
        "P99": 2.3176417350769043,
        "P100": 2.336371421813965
    },
    "decode_token_time_dict": {
        "P25": 13.133033992737298,
        "P50": 13.348590670608159,
        "P75": 18.71473019517313,
        "P90": 26.604154917198844,
        "P95": 28.968281633271946,
        "P99": 30.47463086646373,
        "P100": 30.980434943371872
    }
}