{
    "backend": "triton",
    "clients": 50,
    "request_num": 500,
    "Total QPS": 20.50118088312041,
    "Avg Input Length": 1031.778,
    "Avg Output Length": 127.922,
    "Total Throughput": 23776.81856226362,
    "Input Throughput": 21152.667409224206,
    "Output Throughput": 21152.667409224206,
    "request_time": {
        "P25": 2.3801543712615967,
        "P50": 2.4252407550811768,
        "P75": 2.489165782928467,
        "P90": 2.5103933811187744,
        "P95": 2.525392532348633,
        "P99": 2.5365798473358154,
        "P100": 2.553441286087036
    },
    "first_token_time_dict": {
        "P25": 0.9754183292388916,
        "P50": 1.083519458770752,
        "P75": 1.1513762474060059,
        "P90": 1.1735775470733643,
        "P95": 1.1865277290344238,
        "P99": 1.2075998783111572,
        "P100": 1.2157466411590576
    },
    "decode_token_time_dict": {
        "P25": 10.256046385276974,
        "P50": 10.44574121790608,
        "P75": 10.609067331148884,
        "P90": 17.14512682336522,
        "P95": 18.31517444820855,
        "P99": 19.043481256079485,
        "P100": 19.53636942885992
    }
}