{
    "backend": "triton",
    "clients": 15,
    "request_num": 500,
    "Total QPS": 5.471261507261333,
    "Avg Input Length": 4125.696,
    "Avg Output Length": 127.79,
    "Total Throughput": 23273.0831883915,
    "Input Throughput": 22572.761715462053,
    "Output Throughput": 22572.761715462053,
    "request_time": {
        "P25": 2.604448080062866,
        "P50": 2.751394271850586,
        "P75": 2.8501503467559814,
        "P90": 2.9965152740478516,
        "P95": 3.0271387100219727,
        "P99": 3.042989730834961,
        "P100": 3.0469870567321777
    },
    "first_token_time_dict": {
        "P25": 1.2768230438232422,
        "P50": 1.4109578132629395,
        "P75": 1.540837049484253,
        "P90": 1.6638705730438232,
        "P95": 1.6933860778808594,
        "P99": 1.7144849300384521,
        "P100": 1.721099853515625
    },
    "decode_token_time_dict": {
        "P25": 9.92774024723083,
        "P50": 10.108733740378552,
        "P75": 10.390758514404297,
        "P90": 10.926088948888102,
        "P95": 19.67975473779393,
        "P99": 22.290808009350393,
        "P100": 22.975803360225648
    }
}