{
    "backend": "triton",
    "clients": 25,
    "request_num": 500,
    "Total QPS": 14.482004871885014,
    "Avg Input Length": 1031.778,
    "Avg Output Length": 127.922,
    "Total Throughput": 16795.91064630506,
    "Input Throughput": 14942.214022703776,
    "Output Throughput": 14942.214022703776,
    "request_time": {
        "P25": 1.667100429534912,
        "P50": 1.7248432636260986,
        "P75": 1.7667279243469238,
        "P90": 1.7945067882537842,
        "P95": 1.829996109008789,
        "P99": 1.8571405410766602,
        "P100": 1.8640286922454834
    },
    "first_token_time_dict": {
        "P25": 0.4403231143951416,
        "P50": 0.4793245792388916,
        "P75": 0.528139591217041,
        "P90": 0.5894618034362793,
        "P95": 0.6115667819976807,
        "P99": 0.6393861770629883,
        "P100": 0.6433556079864502
    },
    "decode_token_time_dict": {
        "P25": 9.412331843939354,
        "P50": 9.518107091348002,
        "P75": 10.447162342822457,
        "P90": 12.830813100018839,
        "P95": 13.282815302450826,
        "P99": 13.634914488304318,
        "P100": 14.362690016979307
    }
}