{
    "backend": "triton",
    "clients": 10,
    "request_num": 500,
    "Total QPS": 7.874369940239178,
    "Avg Input Length": 1031.778,
    "Avg Output Length": 127.922,
    "Total Throughput": 9132.521020550714,
    "Input Throughput": 8124.601668200099,
    "Output Throughput": 8124.601668200099,
    "request_time": {
        "P25": 1.241877794265747,
        "P50": 1.2686882019042969,
        "P75": 1.291233777999878,
        "P90": 1.3188848495483398,
        "P95": 1.3298420906066895,
        "P99": 1.3346943855285645,
        "P100": 1.336991310119629
    },
    "first_token_time_dict": {
        "P25": 0.16832780838012695,
        "P50": 0.20614147186279297,
        "P75": 0.22842192649841309,
        "P90": 0.2526378631591797,
        "P95": 0.2664346694946289,
        "P99": 0.2803359031677246,
        "P100": 0.28501176834106445
    },
    "decode_token_time_dict": {
        "P25": 8.226873367790162,
        "P50": 8.330495338740311,
        "P75": 8.461026694830947,
        "P90": 9.618227876077487,
        "P95": 9.825195853165754,
        "P99": 10.135656266700565,
        "P100": 10.248850649736058
    }
}