{
    "backend": "triton",
    "clients": 100,
    "request_num": 500,
    "Total QPS": 25.290810273904466,
    "Avg Input Length": 1031.778,
    "Avg Output Length": 127.922,
    "Total Throughput": 29331.725357848372,
    "Input Throughput": 26094.501642788604,
    "Output Throughput": 26094.501642788604,
    "request_time": {
        "P25": 3.862372875213623,
        "P50": 3.930696964263916,
        "P75": 3.9827423095703125,
        "P90": 3.9976413249969482,
        "P95": 4.005994558334351,
        "P99": 4.021302700042725,
        "P100": 4.03753137588501
    },
    "first_token_time_dict": {
        "P25": 2.1448826789855957,
        "P50": 2.20910906791687,
        "P75": 2.2645411491394043,
        "P90": 2.3044493198394775,
        "P95": 2.31558895111084,
        "P99": 2.326280117034912,
        "P100": 2.328580856323242
    },
    "decode_token_time_dict": {
        "P25": 13.074966866200365,
        "P50": 13.270231682484544,
        "P75": 13.50516597117026,
        "P90": 20.316283533892292,
        "P95": 28.618369515486588,
        "P99": 30.73992503909614,
        "P100": 31.182692745539146
    }
}