{
    "backend": "triton",
    "clients": 5,
    "request_num": 500,
    "Total QPS": 4.556129329642622,
    "Avg Input Length": 1031.778,
    "Avg Output Length": 127.922,
    "Total Throughput": 5284.098561674261,
    "Input Throughput": 4700.914007480005,
    "Output Throughput": 4700.914007480005,
    "request_time": {
        "P25": 1.0769429206848145,
        "P50": 1.094350814819336,
        "P75": 1.114776611328125,
        "P90": 1.129575490951538,
        "P95": 1.1377522945404053,
        "P99": 1.1507833003997803,
        "P100": 1.160604476928711
    },
    "first_token_time_dict": {
        "P25": 0.039031028747558594,
        "P50": 0.09439563751220703,
        "P75": 0.11441493034362793,
        "P90": 0.13119268417358398,
        "P95": 0.1443953514099121,
        "P99": 0.1559133529663086,
        "P100": 0.1646404266357422
    },
    "decode_token_time_dict": {
        "P25": 7.735171655970295,
        "P50": 7.831415792149821,
        "P75": 8.184382295983983,
        "P90": 8.457279580784595,
        "P95": 8.531271942018524,
        "P99": 8.739225507721187,
        "P100": 8.770499642439715
    }
}