{
    "backend": "triton",
    "clients": 50,
    "request_num": 500,
    "Total QPS": 20.468136276441253,
    "Avg Input Length": 1031.778,
    "Avg Output Length": 127.922,
    "Total Throughput": 23738.494154418484,
    "Input Throughput": 21118.572711034005,
    "Output Throughput": 21118.572711034005,
    "request_time": {
        "P25": 2.3811607360839844,
        "P50": 2.433257818222046,
        "P75": 2.4882590770721436,
        "P90": 2.522113561630249,
        "P95": 2.544760227203369,
        "P99": 2.561615228652954,
        "P100": 2.5840044021606445
    },
    "first_token_time_dict": {
        "P25": 1.001418113708496,
        "P50": 1.0897183418273926,
        "P75": 1.161586046218872,
        "P90": 1.199944019317627,
        "P95": 1.2280185222625732,
        "P99": 1.2443256378173828,
        "P100": 1.2475152015686035
    },
    "decode_token_time_dict": {
        "P25": 10.31995570565772,
        "P50": 10.403454773069367,
        "P75": 10.529628888828547,
        "P90": 17.279715049923876,
        "P95": 18.35451163644866,
        "P99": 19.42832451167069,
        "P100": 19.86003672982764
    }
}