{
    "backend": "triton",
    "clients": 15,
    "request_num": 500,
    "Total QPS": 10.415534301525396,
    "Avg Input Length": 1031.778,
    "Avg Output Length": 127.922,
    "Total Throughput": 12079.70754115452,
    "Input Throughput": 10746.519150559268,
    "Output Throughput": 10746.519150559268,
    "request_time": {
        "P25": 1.3937430381774902,
        "P50": 1.4179441928863525,
        "P75": 1.4502801895141602,
        "P90": 1.4714393615722656,
        "P95": 1.4836173057556152,
        "P99": 1.4948532581329346,
        "P100": 1.4984931945800781
    },
    "first_token_time_dict": {
        "P25": 0.249129056930542,
        "P50": 0.3093554973602295,
        "P75": 0.33733201026916504,
        "P90": 0.3769204616546631,
        "P95": 0.3878166675567627,
        "P99": 0.3974189758300781,
        "P100": 0.4006168842315674
    },
    "decode_token_time_dict": {
        "P25": 8.572122243445689,
        "P50": 8.65680589450626,
        "P75": 8.90691637054203,
        "P90": 10.546637332345556,
        "P95": 10.874900292223833,
        "P99": 11.28088207695428,
        "P100": 11.427075844111405
    }
}