{
    "backend": "triton",
    "clients": 10,
    "request_num": 500,
    "Total QPS": 2.1383071117201333,
    "Avg Input Length": 16469.37,
    "Avg Output Length": 128.0,
    "Total Throughput": 35490.274306850384,
    "Input Throughput": 35216.57099655021,
    "Output Throughput": 35216.57099655021,
    "request_time": {
        "P25": 4.426757335662842,
        "P50": 4.675173997879028,
        "P75": 4.996569633483887,
        "P90": 5.23188591003418,
        "P95": 5.461003303527832,
        "P99": 5.706024885177612,
        "P100": 5.710706949234009
    },
    "first_token_time_dict": {
        "P25": 2.9340133666992188,
        "P50": 3.367645502090454,
        "P75": 3.755065441131592,
        "P90": 3.984854221343994,
        "P95": 4.2215416431427,
        "P99": 4.462798118591309,
        "P100": 4.469505786895752
    },
    "decode_token_time_dict": {
        "P25": 9.504380188589021,
        "P50": 9.598506717231329,
        "P75": 9.696804632352093,
        "P90": 27.935140714870663,
        "P95": 34.57600112975113,
        "P99": 39.1188043309009,
        "P100": 41.98705868458185
    }
}