{
    "backend": "triton",
    "clients": 50,
    "request_num": 500,
    "Total QPS": 9.024358071039675,
    "Avg Input Length": 4125.696,
    "Avg Output Length": 128.0,
    "Total Throughput": 38386.875829349185,
    "Input Throughput": 37231.75799625611,
    "Output Throughput": 37231.75799625611,
    "request_time": {
        "P25": 5.437475681304932,
        "P50": 5.515233039855957,
        "P75": 5.697529315948486,
        "P90": 5.774712800979614,
        "P95": 5.806353330612183,
        "P99": 5.842376708984375,
        "P100": 5.848828077316284
    },
    "first_token_time_dict": {
        "P25": 3.921715497970581,
        "P50": 3.9968652725219727,
        "P75": 4.211240768432617,
        "P90": 4.285528898239136,
        "P95": 4.320085048675537,
        "P99": 4.3391265869140625,
        "P100": 4.346736431121826
    },
    "decode_token_time_dict": {
        "P25": 11.531206566517747,
        "P50": 11.618120463814323,
        "P75": 11.763501355028529,
        "P90": 12.179093098077248,
        "P95": 31.536513426172455,
        "P99": 42.541746079452395,
        "P100": 44.65910956615538
    }
}