{
    "backend": "triton",
    "clients": 100,
    "request_num": 500,
    "Total QPS": 5.392730193656057,
    "Avg Input Length": 8250.884,
    "Avg Output Length": 128.0,
    "Total Throughput": 45185.06073594164,
    "Input Throughput": 44494.79127115366,
    "Output Throughput": 44494.79127115366,
    "request_time": {
        "P25": 18.258880853652954,
        "P50": 18.75027823448181,
        "P75": 18.881389141082764,
        "P90": 18.92033863067627,
        "P95": 18.942616939544678,
        "P99": 18.985306978225708,
        "P100": 19.01047420501709
    },
    "first_token_time_dict": {
        "P25": 5.981121063232422,
        "P50": 11.530420303344727,
        "P75": 13.979637384414673,
        "P90": 16.707283973693848,
        "P95": 16.81652545928955,
        "P99": 16.855035066604614,
        "P100": 16.882166862487793
    },
    "decode_token_time_dict": {
        "P25": 37.40626057301919,
        "P50": 56.6834239509162,
        "P75": 96.8158451590951,
        "P90": 103.73201332693024,
        "P95": 104.40253835963452,
        "P99": 141.86559699651764,
        "P100": 147.38628807968982
    }
}