{
    "backend": "triton",
    "clients": 50,
    "request_num": 500,
    "Total QPS": 20.918321570497987,
    "Avg Input Length": 1031.778,
    "Avg Output Length": 128.0,
    "Total Throughput": 24260.609154389014,
    "Input Throughput": 21583.063993365275,
    "Output Throughput": 21583.063993365275,
    "request_time": {
        "P25": 2.351552963256836,
        "P50": 2.368760585784912,
        "P75": 2.4195473194122314,
        "P90": 2.442310333251953,
        "P95": 2.4512219429016113,
        "P99": 2.4651854038238525,
        "P100": 2.493919849395752
    },
    "first_token_time_dict": {
        "P25": 0.6387672424316406,
        "P50": 0.9984555244445801,
        "P75": 1.0454177856445312,
        "P90": 1.0738694667816162,
        "P95": 1.0827815532684326,
        "P99": 1.0966191291809082,
        "P100": 1.111609935760498
    },
    "decode_token_time_dict": {
        "P25": 10.610189963513472,
        "P50": 10.687347472183347,
        "P75": 14.124964165875292,
        "P90": 16.124650249331015,
        "P95": 16.747654892328217,
        "P99": 18.339305412112257,
        "P100": 18.90104586683859
    }
}