{
    "backend": "triton",
    "clients": 5,
    "request_num": 500,
    "Total QPS": 2.6242653201272974,
    "Avg Input Length": 8250.884,
    "Avg Output Length": 128.0,
    "Total Throughput": 21988.414702569487,
    "Input Throughput": 21652.508741593196,
    "Output Throughput": 21652.508741593196,
    "request_time": {
        "P25": 1.782137393951416,
        "P50": 1.8925378322601318,
        "P75": 2.0144693851470947,
        "P90": 2.095036268234253,
        "P95": 2.1648733615875244,
        "P99": 2.2310986518859863,
        "P100": 2.2851293087005615
    },
    "first_token_time_dict": {
        "P25": 0.6273236274719238,
        "P50": 0.8079288005828857,
        "P75": 0.941972017288208,
        "P90": 1.0348098278045654,
        "P95": 1.0644488334655762,
        "P99": 1.1777591705322266,
        "P100": 1.2279255390167236
    },
    "decode_token_time_dict": {
        "P25": 8.174580851877769,
        "P50": 8.227147455290547,
        "P75": 8.32372199831985,
        "P90": 13.815175829909917,
        "P95": 14.38543927951122,
        "P99": 15.4901433178759,
        "P100": 16.648784397155282
    }
}