{
    "backend": "triton",
    "clients": 5,
    "request_num": 500,
    "Total QPS": 4.404151726650852,
    "Avg Input Length": 1031.778,
    "Avg Output Length": 128.0,
    "Total Throughput": 5107.838281231672,
    "Input Throughput": 4544.106860220363,
    "Output Throughput": 4544.106860220363,
    "request_time": {
        "P25": 1.12087082862854,
        "P50": 1.1352360248565674,
        "P75": 1.1437938213348389,
        "P90": 1.155836582183838,
        "P95": 1.1610074043273926,
        "P99": 1.1680927276611328,
        "P100": 1.1733486652374268
    },
    "first_token_time_dict": {
        "P25": 0.09935998916625977,
        "P50": 0.11973023414611816,
        "P75": 0.1338515281677246,
        "P90": 0.14423465728759766,
        "P95": 0.1499173641204834,
        "P99": 0.1572856903076172,
        "P100": 0.1677718162536621
    },
    "decode_token_time_dict": {
        "P25": 7.918080006997416,
        "P50": 7.941799839650551,
        "P75": 7.98388728945274,
        "P90": 8.636037195761373,
        "P95": 8.699328880610429,
        "P99": 8.821778410063015,
        "P100": 8.884591380442222
    }
}