{
    "backend": "triton",
    "clients": 10,
    "request_num": 500,
    "Total QPS": 7.632242787330912,
    "Avg Input Length": 1031.778,
    "Avg Output Length": 128.0,
    "Total Throughput": 8851.70727540507,
    "Input Throughput": 7874.780198626714,
    "Output Throughput": 7874.780198626714,
    "request_time": {
        "P25": 1.2869932651519775,
        "P50": 1.305981159210205,
        "P75": 1.3247551918029785,
        "P90": 1.3404514789581299,
        "P95": 1.350745677947998,
        "P99": 1.3590548038482666,
        "P100": 1.3610632419586182
    },
    "first_token_time_dict": {
        "P25": 0.1947770118713379,
        "P50": 0.21668171882629395,
        "P75": 0.2371382713317871,
        "P90": 0.2493727207183838,
        "P95": 0.26242589950561523,
        "P99": 0.27295875549316406,
        "P100": 0.2768394947052002
    },
    "decode_token_time_dict": {
        "P25": 8.533566016850509,
        "P50": 8.545813598032073,
        "P75": 8.561954723568414,
        "P90": 8.592507970614696,
        "P95": 10.021836738886796,
        "P99": 10.232255214781274,
        "P100": 10.346547825129951
    }
}