{
    "backend": "triton",
    "clients": 15,
    "request_num": 500,
    "Total QPS": 6.165540278328008,
    "Avg Input Length": 4125.696,
    "Avg Output Length": 128.0,
    "Total Throughput": 26226.334019762733,
    "Input Throughput": 25437.144864136746,
    "Output Throughput": 25437.144864136746,
    "request_time": {
        "P25": 2.327207326889038,
        "P50": 2.400129795074463,
        "P75": 2.5010228157043457,
        "P90": 2.6067748069763184,
        "P95": 2.618093490600586,
        "P99": 2.6432182788848877,
        "P100": 2.6469998359680176
    },
    "first_token_time_dict": {
        "P25": 1.1291389465332031,
        "P50": 1.2186617851257324,
        "P75": 1.3248217105865479,
        "P90": 1.4324045181274414,
        "P95": 1.4466955661773682,
        "P99": 1.4671621322631836,
        "P100": 1.473587989807129
    },
    "decode_token_time_dict": {
        "P25": 9.13952091547448,
        "P50": 9.167164329468735,
        "P75": 9.21169979365792,
        "P90": 9.257479915468712,
        "P95": 17.590928265428918,
        "P99": 19.304029584869625,
        "P100": 19.895326434157965
    }
}