{
    "backend": "triton",
    "clients": 10,
    "request_num": 500,
    "Total QPS": 3.5122533125479505,
    "Avg Input Length": 8250.884,
    "Avg Output Length": 128.0,
    "Total Throughput": 29428.76308445502,
    "Input Throughput": 28979.194660448884,
    "Output Throughput": 28979.194660448884,
    "request_time": {
        "P25": 2.6859633922576904,
        "P50": 2.8365979194641113,
        "P75": 2.9889323711395264,
        "P90": 3.1420352458953857,
        "P95": 3.2349610328674316,
        "P99": 3.3430752754211426,
        "P100": 3.3474128246307373
    },
    "first_token_time_dict": {
        "P25": 1.452880620956421,
        "P50": 1.6594514846801758,
        "P75": 1.8129403591156006,
        "P90": 1.965599536895752,
        "P95": 2.0588150024414062,
        "P99": 2.166436195373535,
        "P100": 2.1719155311584473
    },
    "decode_token_time_dict": {
        "P25": 9.054268438985028,
        "P50": 9.131052362637258,
        "P75": 9.202555408627967,
        "P90": 9.277486425685131,
        "P95": 21.170173104353776,
        "P99": 23.327493292140208,
        "P100": 24.61235729728158
    }
}