{
    "backend": "triton",
    "clients": 50,
    "request_num": 500,
    "Total QPS": 2.6506399064447796,
    "Avg Input Length": 16469.37,
    "Avg Output Length": 128.0,
    "Total Throughput": 43993.65126402939,
    "Input Throughput": 43654.369356004456,
    "Output Throughput": 43654.369356004456,
    "request_time": {
        "P25": 18.553487539291382,
        "P50": 18.782342195510864,
        "P75": 19.405160427093506,
        "P90": 19.87189769744873,
        "P95": 20.04616093635559,
        "P99": 20.068496465682983,
        "P100": 20.099446535110474
    },
    "first_token_time_dict": {
        "P25": 6.095821380615234,
        "P50": 11.853518962860107,
        "P75": 12.267539024353027,
        "P90": 17.233805418014526,
        "P95": 17.980366945266724,
        "P99": 18.23198890686035,
        "P100": 18.253674507141113
    },
    "decode_token_time_dict": {
        "P25": 41.646262792151745,
        "P50": 62.67186600392259,
        "P75": 97.98185280927522,
        "P90": 108.92394020801454,
        "P95": 110.097136084489,
        "P99": 145.94611783665934,
        "P100": 156.59067386717308
    }
}