{
    "backend": "triton",
    "clients": 50,
    "request_num": 500,
    "Total QPS": 5.075676837889963,
    "Avg Input Length": 8250.884,
    "Avg Output Length": 128.0,
    "Total Throughput": 42528.507446166805,
    "Input Throughput": 41878.82081091689,
    "Output Throughput": 41878.82081091689,
    "request_time": {
        "P25": 9.6887948513031,
        "P50": 9.76887822151184,
        "P75": 10.144130229949951,
        "P90": 10.311110973358154,
        "P95": 10.497171640396118,
        "P99": 10.512858867645264,
        "P100": 10.544469356536865
    },
    "first_token_time_dict": {
        "P25": 5.81769871711731,
        "P50": 5.91465425491333,
        "P75": 7.217039346694946,
        "P90": 8.224222898483276,
        "P95": 8.677197933197021,
        "P99": 8.903793573379517,
        "P100": 8.92487382888794
    },
    "decode_token_time_dict": {
        "P25": 19.82715186171644,
        "P50": 29.71550986522765,
        "P75": 34.47176527789259,
        "P90": 36.23100528566856,
        "P95": 36.40775980911855,
        "P99": 75.8830205662044,
        "P100": 80.46903948145588
    }
}