{
    "backend": "triton",
    "clients": 25,
    "request_num": 500,
    "Total QPS": 7.560245044787096,
    "Avg Input Length": 4125.696,
    "Avg Output Length": 128.0,
    "Total Throughput": 32158.98410603069,
    "Input Throughput": 31191.27274029794,
    "Output Throughput": 31191.27274029794,
    "request_time": {
        "P25": 3.1121184825897217,
        "P50": 3.3290953636169434,
        "P75": 3.4504032135009766,
        "P90": 3.5356791019439697,
        "P95": 3.56503963470459,
        "P99": 3.7277119159698486,
        "P100": 3.7428646087646484
    },
    "first_token_time_dict": {
        "P25": 1.8253636360168457,
        "P50": 2.071458339691162,
        "P75": 2.197084903717041,
        "P90": 2.271068811416626,
        "P95": 2.299043893814087,
        "P99": 2.4602439403533936,
        "P100": 2.4649343490600586
    },
    "decode_token_time_dict": {
        "P25": 9.785396846260612,
        "P50": 9.830523663618434,
        "P75": 9.904786357729455,
        "P90": 10.055123351690337,
        "P95": 22.142935925581323,
        "P99": 26.231403425922544,
        "P100": 28.431150856919178
    }
}