{
    "backend": "triton",
    "clients": 10,
    "request_num": 500,
    "Total QPS": 5.0919003553478515,
    "Avg Input Length": 4125.696,
    "Avg Output Length": 128.0,
    "Total Throughput": 21659.396173941735,
    "Input Throughput": 21007.63292845721,
    "Output Throughput": 21007.63292845721,
    "request_time": {
        "P25": 1.8837270736694336,
        "P50": 1.9519519805908203,
        "P75": 2.0346832275390625,
        "P90": 2.1027824878692627,
        "P95": 2.1530468463897705,
        "P99": 2.210390567779541,
        "P100": 2.2143290042877197
    },
    "first_token_time_dict": {
        "P25": 0.71803879737854,
        "P50": 0.8139874935150146,
        "P75": 0.8917300701141357,
        "P90": 0.9667942523956299,
        "P95": 1.0106945037841797,
        "P99": 1.0725488662719727,
        "P100": 1.0770130157470703
    },
    "decode_token_time_dict": {
        "P25": 8.826603100994442,
        "P50": 8.913233524232398,
        "P75": 8.953813492782473,
        "P90": 9.021040022842527,
        "P95": 14.792661967239981,
        "P99": 15.823416822538599,
        "P100": 16.488492019533172
    }
}