{
    "backend": "triton",
    "clients": 25,
    "request_num": 500,
    "Total QPS": 4.572443554784534,
    "Avg Input Length": 8250.884,
    "Avg Output Length": 128.0,
    "Total Throughput": 38311.97414208725,
    "Input Throughput": 37726.701367074835,
    "Output Throughput": 37726.701367074835,
    "request_time": {
        "P25": 5.0555195808410645,
        "P50": 5.545058488845825,
        "P75": 5.761500358581543,
        "P90": 5.9678795337677,
        "P95": 6.021536588668823,
        "P99": 6.268019914627075,
        "P100": 6.278292894363403
    },
    "first_token_time_dict": {
        "P25": 3.6882481575012207,
        "P50": 4.163104057312012,
        "P75": 4.425937652587891,
        "P90": 4.6254284381866455,
        "P95": 4.663875579833984,
        "P99": 4.924056768417358,
        "P100": 4.93071174621582
    },
    "decode_token_time_dict": {
        "P25": 10.284988898930587,
        "P50": 10.376907709076649,
        "P75": 10.498242115411232,
        "P90": 18.58557303120771,
        "P95": 19.598271903090588,
        "P99": 43.69427650932252,
        "P100": 47.749324107733294
    }
}