{
    "backend": "triton",
    "clients": 15,
    "request_num": 500,
    "Total QPS": 2.3203742257566744,
    "Avg Input Length": 16469.37,
    "Avg Output Length": 128.0,
    "Total Throughput": 38512.10956334706,
    "Input Throughput": 38215.1016624502,
    "Output Throughput": 38215.1016624502,
    "request_time": {
        "P25": 6.101826190948486,
        "P50": 6.520753860473633,
        "P75": 6.86452317237854,
        "P90": 7.224052667617798,
        "P95": 7.31016731262207,
        "P99": 7.412049055099487,
        "P100": 7.42267632484436
    },
    "first_token_time_dict": {
        "P25": 4.68567681312561,
        "P50": 5.155853986740112,
        "P75": 5.557587146759033,
        "P90": 5.910133361816406,
        "P95": 5.996959924697876,
        "P99": 6.0962324142456055,
        "P100": 6.110767841339111
    },
    "decode_token_time_dict": {
        "P25": 10.103069891141155,
        "P50": 10.179427665049635,
        "P75": 10.304193797073966,
        "P90": 10.407291998074749,
        "P95": 46.27571894427923,
        "P99": 53.3211212458573,
        "P100": 56.30877262025368
    }
}