{
    "backend": "triton",
    "clients": 25,
    "request_num": 500,
    "Total QPS": 14.753223613042481,
    "Avg Input Length": 1031.778,
    "Avg Output Length": 128.0,
    "Total Throughput": 17110.46417548718,
    "Input Throughput": 15222.051553017744,
    "Output Throughput": 15222.051553017744,
    "request_time": {
        "P25": 1.638230323791504,
        "P50": 1.6894195079803467,
        "P75": 1.7326078414916992,
        "P90": 1.7477772235870361,
        "P95": 1.766397476196289,
        "P99": 1.7828333377838135,
        "P100": 1.7923312187194824
    },
    "first_token_time_dict": {
        "P25": 0.4514122009277344,
        "P50": 0.5029799938201904,
        "P75": 0.5409688949584961,
        "P90": 0.561908483505249,
        "P95": 0.5720787048339844,
        "P99": 0.6101443767547607,
        "P100": 0.6143996715545654
    },
    "decode_token_time_dict": {
        "P25": 9.197959749717413,
        "P50": 9.229340891199788,
        "P75": 9.424249018271139,
        "P90": 9.577375697338676,
        "P95": 12.535125251830094,
        "P99": 13.240817963607668,
        "P100": 13.703821212287963
    }
}