{
    "backend": "triton",
    "clients": 5,
    "request_num": 500,
    "Total QPS": 3.4138066267289573,
    "Avg Input Length": 4125.696,
    "Avg Output Length": 128.0,
    "Total Throughput": 14521.29559289046,
    "Input Throughput": 14084.328344669153,
    "Output Throughput": 14084.328344669153,
    "request_time": {
        "P25": 1.413987398147583,
        "P50": 1.4617297649383545,
        "P75": 1.5138177871704102,
        "P90": 1.5472910404205322,
        "P95": 1.5748107433319092,
        "P99": 1.6068177223205566,
        "P100": 1.6275584697723389
    },
    "first_token_time_dict": {
        "P25": 0.32515883445739746,
        "P50": 0.4141983985900879,
        "P75": 0.47017955780029297,
        "P90": 0.5158462524414062,
        "P95": 0.5355551242828369,
        "P99": 0.5722107887268066,
        "P100": 0.5952780246734619
    },
    "decode_token_time_dict": {
        "P25": 8.081338537020946,
        "P50": 8.101059695867102,
        "P75": 8.140282368096779,
        "P90": 10.763671454482191,
        "P95": 11.121915081354578,
        "P99": 11.514954679594265,
        "P100": 12.099519489318366
    }
}