{
    "backend": "triton",
    "clients": 15,
    "request_num": 500,
    "Total QPS": 10.249697725478338,
    "Avg Input Length": 1031.778,
    "Avg Output Length": 128.0,
    "Total Throughput": 11887.373928659816,
    "Input Throughput": 10575.41261979859,
    "Output Throughput": 10575.41261979859,
    "request_time": {
        "P25": 1.41670560836792,
        "P50": 1.4374182224273682,
        "P75": 1.462233066558838,
        "P90": 1.4879882335662842,
        "P95": 1.4921371936798096,
        "P99": 1.4967331886291504,
        "P100": 1.4996364116668701
    },
    "first_token_time_dict": {
        "P25": 0.27547478675842285,
        "P50": 0.3125758171081543,
        "P75": 0.3381509780883789,
        "P90": 0.3663594722747803,
        "P95": 0.3700089454650879,
        "P99": 0.37552952766418457,
        "P100": 0.378570556640625
    },
    "decode_token_time_dict": {
        "P25": 8.79362436730092,
        "P50": 8.813974425548643,
        "P75": 8.838096002894124,
        "P90": 9.5803662547915,
        "P95": 10.913347634743518,
        "P99": 11.321634758175827,
        "P100": 11.471215195543184
    }
}