{
    "backend": "triton",
    "clients": 100,
    "request_num": 500,
    "Total QPS": 10.056576056738264,
    "Avg Input Length": 4125.696,
    "Avg Output Length": 128.0,
    "Total Throughput": 42777.61734624333,
    "Input Throughput": 41490.37561098083,
    "Output Throughput": 41490.37561098083,
    "request_time": {
        "P25": 9.808029413223267,
        "P50": 9.955451488494873,
        "P75": 10.0745370388031,
        "P90": 10.141158103942871,
        "P95": 10.217897415161133,
        "P99": 10.2414710521698,
        "P100": 10.267186164855957
    },
    "first_token_time_dict": {
        "P25": 4.927048921585083,
        "P50": 7.5024733543396,
        "P75": 7.7372822761535645,
        "P90": 8.131070852279663,
        "P95": 8.154838562011719,
        "P99": 8.181203126907349,
        "P100": 8.272691011428833
    },
    "decode_token_time_dict": {
        "P25": 14.905334457637757,
        "P50": 19.11071341807448,
        "P75": 36.48276591864158,
        "P90": 63.5395932385302,
        "P95": 63.946387899203565,
        "P99": 64.32203608235037,
        "P100": 80.04629893565742
    }
}