{
    "backend": "triton",
    "clients": 100,
    "request_num": 500,
    "Total QPS": 2.7338150177444063,
    "Avg Input Length": 16469.37,
    "Avg Output Length": 128.0,
    "Total Throughput": 45374.13936106048,
    "Input Throughput": 45024.211038789195,
    "Output Throughput": 45024.211038789195,
    "request_time": {
        "P25": 35.25271797180176,
        "P50": 36.94164037704468,
        "P75": 37.47676753997803,
        "P90": 37.58217906951904,
        "P95": 43.15957450866699,
        "P99": 49.13497853279114,
        "P100": 55.21553587913513
    },
    "first_token_time_dict": {
        "P25": 11.986554622650146,
        "P50": 17.869895935058594,
        "P75": 23.16748285293579,
        "P90": 23.87580132484436,
        "P95": 28.78714370727539,
        "P99": 31.666600704193115,
        "P100": 34.4424102306366
    },
    "decode_token_time_dict": {
        "P25": 108.36764583437461,
        "P50": 140.96485723660686,
        "P75": 198.96372096745048,
        "P90": 244.13878523458646,
        "P95": 246.0384875770629,
        "P99": 270.2533091147115,
        "P100": 293.0326780934972
    }
}