{
    "backend": "triton",
    "clients": 50,
    "request_num": 500,
    "Total QPS": 21.00042877023653,
    "Avg Input Length": 1031.778,
    "Avg Output Length": 128.0,
    "Total Throughput": 24355.835278287384,
    "Input Throughput": 21667.780395697107,
    "Output Throughput": 21667.780395697107,
    "request_time": {
        "P25": 2.343703508377075,
        "P50": 2.3652403354644775,
        "P75": 2.4052937030792236,
        "P90": 2.4274938106536865,
        "P95": 2.4403514862060547,
        "P99": 2.4521822929382324,
        "P100": 2.4659130573272705
    },
    "first_token_time_dict": {
        "P25": 0.8897202014923096,
        "P50": 1.0058517456054688,
        "P75": 1.0561010837554932,
        "P90": 1.0814921855926514,
        "P95": 1.0898518562316895,
        "P99": 1.1017909049987793,
        "P100": 1.1105787754058838
    },
    "decode_token_time_dict": {
        "P25": 10.562493106511633,
        "P50": 10.610738138514241,
        "P75": 11.247471561582069,
        "P90": 16.16330034150852,
        "P95": 17.013420270183893,
        "P99": 18.537680933794636,
        "P100": 18.767674138226848
    }
}