{
    "backend": "triton",
    "clients": 25,
    "request_num": 500,
    "Total QPS": 2.4977443412424103,
    "Avg Input Length": 16469.37,
    "Avg Output Length": 128.0,
    "Total Throughput": 41455.98699700655,
    "Input Throughput": 41136.27572132752,
    "Output Throughput": 41136.27572132752,
    "request_time": {
        "P25": 9.105312585830688,
        "P50": 10.166589260101318,
        "P75": 10.675013780593872,
        "P90": 11.010385036468506,
        "P95": 11.172883749008179,
        "P99": 11.639688491821289,
        "P100": 11.654313087463379
    },
    "first_token_time_dict": {
        "P25": 6.043675661087036,
        "P50": 6.217938184738159,
        "P75": 6.390893459320068,
        "P90": 8.847828388214111,
        "P95": 9.36930513381958,
        "P99": 10.1460702419281,
        "P100": 10.15604019165039
    },
    "decode_token_time_dict": {
        "P25": 19.52270635469692,
        "P50": 28.14499036533626,
        "P75": 34.80331165584054,
        "P90": 39.72457713029516,
        "P95": 46.715413491556966,
        "P99": 80.6466106354721,
        "P100": 88.41493186049574
    }
}