{
    "backend": "triton",
    "clients": 100,
    "request_num": 500,
    "Total QPS": 27.00083718416074,
    "Avg Input Length": 1031.778,
    "Avg Output Length": 128.0,
    "Total Throughput": 31314.976947771574,
    "Input Throughput": 27858.869788199,
    "Output Throughput": 27858.869788199,
    "request_time": {
        "P25": 3.6093876361846924,
        "P50": 3.663177490234375,
        "P75": 3.7337841987609863,
        "P90": 3.800921678543091,
        "P95": 3.854696750640869,
        "P99": 3.879183530807495,
        "P100": 3.8844120502471924
    },
    "first_token_time_dict": {
        "P25": 1.8947687149047852,
        "P50": 1.964181661605835,
        "P75": 2.026749849319458,
        "P90": 2.0643417835235596,
        "P95": 2.0809643268585205,
        "P99": 2.0976741313934326,
        "P100": 2.1129813194274902
    },
    "decode_token_time_dict": {
        "P25": 13.012968649075725,
        "P50": 13.124045424574003,
        "P75": 13.382769006443775,
        "P90": 25.21662073811208,
        "P95": 27.301358425711083,
        "P99": 27.897864814818373,
        "P100": 30.113233356025276
    }
}