{
    "backend": "triton",
    "clients": 15,
    "request_num": 500,
    "Total QPS": 3.9989047799393442,
    "Avg Input Length": 8250.884,
    "Avg Output Length": 128.0,
    "Total Throughput": 33506.359278157295,
    "Input Throughput": 32994.499466325055,
    "Output Throughput": 32994.499466325055,
    "request_time": {
        "P25": 3.5566565990448,
        "P50": 3.724879503250122,
        "P75": 3.9190618991851807,
        "P90": 4.121662378311157,
        "P95": 4.176296234130859,
        "P99": 4.186324834823608,
        "P100": 4.208747625350952
    },
    "first_token_time_dict": {
        "P25": 2.2815756797790527,
        "P50": 2.4751479625701904,
        "P75": 2.691777229309082,
        "P90": 2.8945388793945312,
        "P95": 2.954406499862671,
        "P99": 2.963300943374634,
        "P100": 2.9753270149230957
    },
    "decode_token_time_dict": {
        "P25": 9.497293337123601,
        "P50": 9.548714780432032,
        "P75": 9.618984432671015,
        "P90": 9.68329737505575,
        "P95": 26.966126885001113,
        "P99": 30.32531325272688,
        "P100": 32.30851090799167
    }
}