{
    "backend": "triton",
    "clients": 100,
    "request_num": 500,
    "Total QPS": 26.913223030140742,
    "Avg Input Length": 1031.778,
    "Avg Output Length": 128.0,
    "Total Throughput": 31213.36397945057,
    "Input Throughput": 27768.471431592552,
    "Output Throughput": 27768.471431592552,
    "request_time": {
        "P25": 3.627145528793335,
        "P50": 3.666447401046753,
        "P75": 3.743649959564209,
        "P90": 3.8132216930389404,
        "P95": 3.835423707962036,
        "P99": 3.8577723503112793,
        "P100": 3.878392457962036
    },
    "first_token_time_dict": {
        "P25": 1.916558027267456,
        "P50": 1.9731597900390625,
        "P75": 2.0222294330596924,
        "P90": 2.058123826980591,
        "P95": 2.0695042610168457,
        "P99": 2.088658094406128,
        "P100": 2.094567060470581
    },
    "decode_token_time_dict": {
        "P25": 13.126900815588282,
        "P50": 13.245926128597711,
        "P75": 13.502169781782497,
        "P90": 26.69952610346276,
        "P95": 26.928957991712675,
        "P99": 28.68413549708569,
        "P100": 30.107477518517204
    }
}