{
    "backend": "triton",
    "clients": 25,
    "request_num": 500,
    "Total QPS": 14.696670340988426,
    "Avg Input Length": 1031.778,
    "Avg Output Length": 128.0,
    "Total Throughput": 17044.874934730873,
    "Input Throughput": 15163.701131084355,
    "Output Throughput": 15163.701131084355,
    "request_time": {
        "P25": 1.6413745880126953,
        "P50": 1.7002739906311035,
        "P75": 1.7369000911712646,
        "P90": 1.755673885345459,
        "P95": 1.766141414642334,
        "P99": 1.7948155403137207,
        "P100": 1.7983417510986328
    },
    "first_token_time_dict": {
        "P25": 0.45374441146850586,
        "P50": 0.4932889938354492,
        "P75": 0.5432491302490234,
        "P90": 0.5629968643188477,
        "P95": 0.5731823444366455,
        "P99": 0.6120944023132324,
        "P100": 0.6155171394348145
    },
    "decode_token_time_dict": {
        "P25": 9.259710161704717,
        "P50": 9.289448655496432,
        "P75": 9.434758208868072,
        "P90": 10.126093241173452,
        "P95": 12.533816765612505,
        "P99": 13.321042999507874,
        "P100": 13.776441258708322
    }
}