{
    "backend": "triton",
    "clients": 5,
    "request_num": 500,
    "Total QPS": 1.759212708155616,
    "Avg Input Length": 16469.37,
    "Avg Output Length": 128.0,
    "Total Throughput": 29198.304225960776,
    "Input Throughput": 28973.124999316857,
    "Output Throughput": 28973.124999316857,
    "request_time": {
        "P25": 2.6087770462036133,
        "P50": 2.841125249862671,
        "P75": 3.0718464851379395,
        "P90": 3.2232394218444824,
        "P95": 3.303499937057495,
        "P99": 3.4418063163757324,
        "P100": 3.536569595336914
    },
    "first_token_time_dict": {
        "P25": 1.2701778411865234,
        "P50": 1.6538548469543457,
        "P75": 1.9422032833099365,
        "P90": 2.119598150253296,
        "P95": 2.1985855102539062,
        "P99": 2.3419203758239746,
        "P100": 2.4408164024353027
    },
    "decode_token_time_dict": {
        "P25": 8.484675189641516,
        "P50": 8.584281590979868,
        "P75": 8.63622492692602,
        "P90": 20.489625104769008,
        "P95": 21.613286236139732,
        "P99": 23.944884773314467,
        "P100": 25.624029279693843
    }
}